logger_timestamp,logger_datetime,alice_timestamp,alice_datetime,source,source_timestamp,source_datetime,T_Ljubljana,T_Drnovo,T_delta,station_Ljubljana,station_Drnovo
1781827200.0,2026-06-19T00:00:00,,,OpenMeteo_hourly_backfill,1781827200.0,2026-06-19 00:00:00,19.8,20.2,-0.3999999999999986,Open-Meteo coordinate Ljubljana,Open-Meteo coordinate Drnovo
1781830800.0,2026-06-19T01:00:00,,,OpenMeteo_hourly_backfill,1781830800.0,2026-06-19 01:00:00,19.1,19.2,-0.09999999999999787,Open-Meteo coordinate Ljubljana,Open-Meteo coordinate Drnovo
1781834400.0,2026-06-19T02:00:00,,,OpenMeteo_hourly_backfill,1781834400.0,2026-06-19 02:00:00,18.5,18.7,-0.1999999999999993,Open-Meteo coordinate Ljubljana,Open-Meteo coordinate Drnovo
1781838000.0,2026-06-19T03:00:00,,,OpenMeteo_hourly_backfill,1781838000.0,2026-06-19 03:00:00,18.1,18.6,-0.5,Open-Meteo coordinate Ljubljana,Open-Meteo coordinate Drnovo
1781841600.0,2026-06-19T04:00:00,,,OpenMeteo_hourly_backfill,1781841600.0,2026-06-19 04:00:00,17.7,18.3,-0.6000000000000014,Open-Meteo coordinate Ljubljana,Open-Meteo coordinate Drnovo
1781845200.0,2026-06-19T05:00:00,,,OpenMeteo_hourly_backfill,1781845200.0,2026-06-19 05:00:00,17.2,17.8,-0.6000000000000014,Open-Meteo coordinate Ljubljana,Open-Meteo coordinate Drnovo
1781848800.0,2026-06-19T06:00:00,,,OpenMeteo_hourly_backfill,1781848800.0,2026-06-19 06:00:00,17.6,18.3,-0.6999999999999993,Open-Meteo coordinate Ljubljana,Open-Meteo coordinate Drnovo
1781852400.0,2026-06-19T07:00:00,,,OpenMeteo_hourly_backfill,1781852400.0,2026-06-19 07:00:00,19.4,20.5,-1.1000000000000014,Open-Meteo coordinate Ljubljana,Open-Meteo coordinate Drnovo
1781856000.0,2026-06-19T08:00:00,,,OpenMeteo_hourly_backfill,1781856000.0,2026-06-19 08:00:00,21.2,22.1,-0.9000000000000021,Open-Meteo coordinate Ljubljana,Open-Meteo coordinate Drnovo
1781859600.0,2026-06-19T09:00:00,,,OpenMeteo_hourly_backfill,1781859600.0,2026-06-19 09:00:00,23.1,24.7,-1.5999999999999979,Open-Meteo coordinate Ljubljana,Open-Meteo coordinate Drnovo
1781863200.0,2026-06-19T10:00:00,,,OpenMeteo_hourly_backfill,1781863200.0,2026-06-19 10:00:00,25.4,26.6,-1.2000000000000028,Open-Meteo coordinate Ljubljana,Open-Meteo coordinate Drnovo
1781866800.0,2026-06-19T11:00:00,,,OpenMeteo_hourly_backfill,1781866800.0,2026-06-19 11:00:00,27.4,28.1,-0.7000000000000028,Open-Meteo coordinate Ljubljana,Open-Meteo coordinate Drnovo
1781870400.0,2026-06-19T12:00:00,,,OpenMeteo_hourly_backfill,1781870400.0,2026-06-19 12:00:00,29.2,29.2,0.0,Open-Meteo coordinate Ljubljana,Open-Meteo coordinate Drnovo
1781874000.0,2026-06-19T13:00:00,,,OpenMeteo_hourly_backfill,1781874000.0,2026-06-19 13:00:00,30.5,30.0,0.5,Open-Meteo coordinate Ljubljana,Open-Meteo coordinate Drnovo
1781877600.0,2026-06-19T14:00:00,,,OpenMeteo_hourly_backfill,1781877600.0,2026-06-19 14:00:00,31.9,30.5,1.3999999999999986,Open-Meteo coordinate Ljubljana,Open-Meteo coordinate Drnovo
1781881200.0,2026-06-19T15:00:00,,,OpenMeteo_hourly_backfill,1781881200.0,2026-06-19 15:00:00,31.8,30.6,1.1999999999999993,Open-Meteo coordinate Ljubljana,Open-Meteo coordinate Drnovo
1781884800.0,2026-06-19T16:00:00,,,OpenMeteo_hourly_backfill,1781884800.0,2026-06-19 16:00:00,31.9,30.5,1.3999999999999986,Open-Meteo coordinate Ljubljana,Open-Meteo coordinate Drnovo
1781888400.0,2026-06-19T17:00:00,,,OpenMeteo_hourly_backfill,1781888400.0,2026-06-19 17:00:00,31.9,30.4,1.5,Open-Meteo coordinate Ljubljana,Open-Meteo coordinate Drnovo
1781892000.0,2026-06-19T18:00:00,,,OpenMeteo_hourly_backfill,1781892000.0,2026-06-19 18:00:00,31.3,29.8,1.5,Open-Meteo coordinate Ljubljana,Open-Meteo coordinate Drnovo
1781895600.0,2026-06-19T19:00:00,,,OpenMeteo_hourly_backfill,1781895600.0,2026-06-19 19:00:00,30.3,28.8,1.5,Open-Meteo coordinate Ljubljana,Open-Meteo coordinate Drnovo
1781899200.0,2026-06-19T20:00:00,,,OpenMeteo_hourly_backfill,1781899200.0,2026-06-19 20:00:00,29.1,26.8,2.3000000000000007,Open-Meteo coordinate Ljubljana,Open-Meteo coordinate Drnovo
1781902800.0,2026-06-19T21:00:00,,,OpenMeteo_hourly_backfill,1781902800.0,2026-06-19 21:00:00,27.6,25.0,2.6000000000000014,Open-Meteo coordinate Ljubljana,Open-Meteo coordinate Drnovo
1781906400.0,2026-06-19T22:00:00,,,OpenMeteo_hourly_backfill,1781906400.0,2026-06-19 22:00:00,25.6,23.3,2.3000000000000007,Open-Meteo coordinate Ljubljana,Open-Meteo coordinate Drnovo
1781910000.0,2026-06-19T23:00:00,,,OpenMeteo_hourly_backfill,1781910000.0,2026-06-19 23:00:00,24.1,22.4,1.7000000000000028,Open-Meteo coordinate Ljubljana,Open-Meteo coordinate Drnovo
1781913600.0,2026-06-20T00:00:00,,,OpenMeteo_hourly_backfill,1781913600.0,2026-06-20 00:00:00,22.7,21.5,1.1999999999999993,Open-Meteo coordinate Ljubljana,Open-Meteo coordinate Drnovo
1781917200.0,2026-06-20T01:00:00,,,OpenMeteo_hourly_backfill,1781917200.0,2026-06-20 01:00:00,21.5,21.0,0.5,Open-Meteo coordinate Ljubljana,Open-Meteo coordinate Drnovo
1781920800.0,2026-06-20T02:00:00,,,OpenMeteo_hourly_backfill,1781920800.0,2026-06-20 02:00:00,20.5,20.7,-0.1999999999999993,Open-Meteo coordinate Ljubljana,Open-Meteo coordinate Drnovo
1781924400.0,2026-06-20T03:00:00,,,OpenMeteo_hourly_backfill,1781924400.0,2026-06-20 03:00:00,19.3,19.9,-0.5999999999999979,Open-Meteo coordinate Ljubljana,Open-Meteo coordinate Drnovo
1781928000.0,2026-06-20T04:00:00,,,OpenMeteo_hourly_backfill,1781928000.0,2026-06-20 04:00:00,18.4,19.5,-1.1000000000000014,Open-Meteo coordinate Ljubljana,Open-Meteo coordinate Drnovo
1781931600.0,2026-06-20T05:00:00,,,OpenMeteo_hourly_backfill,1781931600.0,2026-06-20 05:00:00,17.8,19.3,-1.5,Open-Meteo coordinate Ljubljana,Open-Meteo coordinate Drnovo
1781935200.0,2026-06-20T06:00:00,,,OpenMeteo_hourly_backfill,1781935200.0,2026-06-20 06:00:00,18.2,19.9,-1.6999999999999993,Open-Meteo coordinate Ljubljana,Open-Meteo coordinate Drnovo
1781938800.0,2026-06-20T07:00:00,,,OpenMeteo_hourly_backfill,1781938800.0,2026-06-20 07:00:00,20.8,21.9,-1.0999999999999979,Open-Meteo coordinate Ljubljana,Open-Meteo coordinate Drnovo
1781942400.0,2026-06-20T08:00:00,,,OpenMeteo_hourly_backfill,1781942400.0,2026-06-20 08:00:00,23.0,23.3,-0.3000000000000007,Open-Meteo coordinate Ljubljana,Open-Meteo coordinate Drnovo
1781946000.0,2026-06-20T09:00:00,,,OpenMeteo_hourly_backfill,1781946000.0,2026-06-20 09:00:00,24.8,25.6,-0.8000000000000007,Open-Meteo coordinate Ljubljana,Open-Meteo coordinate Drnovo
1781949600.0,2026-06-20T10:00:00,,,OpenMeteo_hourly_backfill,1781949600.0,2026-06-20 10:00:00,26.9,27.8,-0.9000000000000021,Open-Meteo coordinate Ljubljana,Open-Meteo coordinate Drnovo
1781953200.0,2026-06-20T11:00:00,,,OpenMeteo_hourly_backfill,1781953200.0,2026-06-20 11:00:00,29.0,29.8,-0.8000000000000007,Open-Meteo coordinate Ljubljana,Open-Meteo coordinate Drnovo
1781956800.0,2026-06-20T12:00:00,,,OpenMeteo_hourly_backfill,1781956800.0,2026-06-20 12:00:00,30.7,30.9,-0.1999999999999993,Open-Meteo coordinate Ljubljana,Open-Meteo coordinate Drnovo
1781960400.0,2026-06-20T13:00:00,,,OpenMeteo_hourly_backfill,1781960400.0,2026-06-20 13:00:00,32.0,31.4,0.6000000000000014,Open-Meteo coordinate Ljubljana,Open-Meteo coordinate Drnovo
1781964000.0,2026-06-20T14:00:00,,,OpenMeteo_hourly_backfill,1781964000.0,2026-06-20 14:00:00,34.2,31.9,2.3000000000000043,Open-Meteo coordinate Ljubljana,Open-Meteo coordinate Drnovo
1781967600.0,2026-06-20T15:00:00,,,OpenMeteo_hourly_backfill,1781967600.0,2026-06-20 15:00:00,34.0,31.6,2.3999999999999986,Open-Meteo coordinate Ljubljana,Open-Meteo coordinate Drnovo
1781971200.0,2026-06-20T16:00:00,,,OpenMeteo_hourly_backfill,1781971200.0,2026-06-20 16:00:00,32.4,30.8,1.5999999999999979,Open-Meteo coordinate Ljubljana,Open-Meteo coordinate Drnovo
1781974800.0,2026-06-20T17:00:00,,,OpenMeteo_hourly_backfill,1781974800.0,2026-06-20 17:00:00,31.8,30.6,1.1999999999999993,Open-Meteo coordinate Ljubljana,Open-Meteo coordinate Drnovo
1781978400.0,2026-06-20T18:00:00,,,OpenMeteo_hourly_backfill,1781978400.0,2026-06-20 18:00:00,29.7,30.1,-0.40000000000000213,Open-Meteo coordinate Ljubljana,Open-Meteo coordinate Drnovo
1781982000.0,2026-06-20T19:00:00,,,OpenMeteo_hourly_backfill,1781982000.0,2026-06-20 19:00:00,29.0,28.3,0.6999999999999993,Open-Meteo coordinate Ljubljana,Open-Meteo coordinate Drnovo
1781985600.0,2026-06-20T20:00:00,,,OpenMeteo_hourly_backfill,1781985600.0,2026-06-20 20:00:00,26.8,25.5,1.3000000000000007,Open-Meteo coordinate Ljubljana,Open-Meteo coordinate Drnovo
1781989200.0,2026-06-20T21:00:00,,,OpenMeteo_hourly_backfill,1781989200.0,2026-06-20 21:00:00,25.0,23.8,1.1999999999999993,Open-Meteo coordinate Ljubljana,Open-Meteo coordinate Drnovo
1781992800.0,2026-06-20T22:00:00,,,OpenMeteo_hourly_backfill,1781992800.0,2026-06-20 22:00:00,23.8,23.0,0.8000000000000007,Open-Meteo coordinate Ljubljana,Open-Meteo coordinate Drnovo
1781996400.0,2026-06-20T23:00:00,,,OpenMeteo_hourly_backfill,1781996400.0,2026-06-20 23:00:00,22.7,22.3,0.3999999999999986,Open-Meteo coordinate Ljubljana,Open-Meteo coordinate Drnovo
1782000000.0,2026-06-21T00:00:00,,,OpenMeteo_hourly_backfill,1782000000.0,2026-06-21 00:00:00,21.8,21.6,0.1999999999999993,Open-Meteo coordinate Ljubljana,Open-Meteo coordinate Drnovo
1782003600.0,2026-06-21T01:00:00,,,OpenMeteo_hourly_backfill,1782003600.0,2026-06-21 01:00:00,20.9,21.0,-0.10000000000000142,Open-Meteo coordinate Ljubljana,Open-Meteo coordinate Drnovo
1782007200.0,2026-06-21T02:00:00,,,OpenMeteo_hourly_backfill,1782007200.0,2026-06-21 02:00:00,19.3,20.5,-1.1999999999999993,Open-Meteo coordinate Ljubljana,Open-Meteo coordinate Drnovo
1782010800.0,2026-06-21T03:00:00,,,OpenMeteo_hourly_backfill,1782010800.0,2026-06-21 03:00:00,18.4,20.4,-2.0,Open-Meteo coordinate Ljubljana,Open-Meteo coordinate Drnovo
1782014400.0,2026-06-21T04:00:00,,,OpenMeteo_hourly_backfill,1782014400.0,2026-06-21 04:00:00,17.8,20.0,-2.1999999999999993,Open-Meteo coordinate Ljubljana,Open-Meteo coordinate Drnovo
1782018000.0,2026-06-21T05:00:00,,,OpenMeteo_hourly_backfill,1782018000.0,2026-06-21 05:00:00,17.1,19.4,-2.299999999999997,Open-Meteo coordinate Ljubljana,Open-Meteo coordinate Drnovo
1782021600.0,2026-06-21T06:00:00,,,OpenMeteo_hourly_backfill,1782021600.0,2026-06-21 06:00:00,17.1,19.8,-2.6999999999999993,Open-Meteo coordinate Ljubljana,Open-Meteo coordinate Drnovo
1782025200.0,2026-06-21T07:00:00,,,OpenMeteo_hourly_backfill,1782025200.0,2026-06-21 07:00:00,19.1,21.4,-2.299999999999997,Open-Meteo coordinate Ljubljana,Open-Meteo coordinate Drnovo
1782028800.0,2026-06-21T08:00:00,,,OpenMeteo_hourly_backfill,1782028800.0,2026-06-21 08:00:00,20.7,22.3,-1.6000000000000014,Open-Meteo coordinate Ljubljana,Open-Meteo coordinate Drnovo
1782032400.0,2026-06-21T09:00:00,,,OpenMeteo_hourly_backfill,1782032400.0,2026-06-21 09:00:00,23.4,25.0,-1.6000000000000014,Open-Meteo coordinate Ljubljana,Open-Meteo coordinate Drnovo
1782036000.0,2026-06-21T10:00:00,,,OpenMeteo_hourly_backfill,1782036000.0,2026-06-21 10:00:00,26.2,27.5,-1.3000000000000007,Open-Meteo coordinate Ljubljana,Open-Meteo coordinate Drnovo
1782039600.0,2026-06-21T11:00:00,,,OpenMeteo_hourly_backfill,1782039600.0,2026-06-21 11:00:00,28.7,29.2,-0.5,Open-Meteo coordinate Ljubljana,Open-Meteo coordinate Drnovo
1782043200.0,2026-06-21T12:00:00,,,OpenMeteo_hourly_backfill,1782043200.0,2026-06-21 12:00:00,30.8,30.5,0.3000000000000007,Open-Meteo coordinate Ljubljana,Open-Meteo coordinate Drnovo
1782046800.0,2026-06-21T13:00:00,,,OpenMeteo_hourly_backfill,1782046800.0,2026-06-21 13:00:00,31.5,31.3,0.1999999999999993,Open-Meteo coordinate Ljubljana,Open-Meteo coordinate Drnovo
1782050400.0,2026-06-21T14:00:00,,,OpenMeteo_hourly_backfill,1782050400.0,2026-06-21 14:00:00,28.8,31.4,-2.599999999999998,Open-Meteo coordinate Ljubljana,Open-Meteo coordinate Drnovo
1782054000.0,2026-06-21T15:00:00,,,OpenMeteo_hourly_backfill,1782054000.0,2026-06-21 15:00:00,29.1,31.7,-2.599999999999998,Open-Meteo coordinate Ljubljana,Open-Meteo coordinate Drnovo
1782057600.0,2026-06-21T16:00:00,,,OpenMeteo_hourly_backfill,1782057600.0,2026-06-21 16:00:00,30.9,31.5,-0.6000000000000014,Open-Meteo coordinate Ljubljana,Open-Meteo coordinate Drnovo
1782061200.0,2026-06-21T17:00:00,,,OpenMeteo_hourly_backfill,1782061200.0,2026-06-21 17:00:00,30.9,31.3,-0.40000000000000213,Open-Meteo coordinate Ljubljana,Open-Meteo coordinate Drnovo
1782064800.0,2026-06-21T18:00:00,,,OpenMeteo_hourly_backfill,1782064800.0,2026-06-21 18:00:00,30.4,30.6,-0.20000000000000284,Open-Meteo coordinate Ljubljana,Open-Meteo coordinate Drnovo
1782068400.0,2026-06-21T19:00:00,,,OpenMeteo_hourly_backfill,1782068400.0,2026-06-21 19:00:00,29.6,29.8,-0.1999999999999993,Open-Meteo coordinate Ljubljana,Open-Meteo coordinate Drnovo
1782072000.0,2026-06-21T20:00:00,,,OpenMeteo_hourly_backfill,1782072000.0,2026-06-21 20:00:00,25.5,29.0,-3.5,Open-Meteo coordinate Ljubljana,Open-Meteo coordinate Drnovo
1782075600.0,2026-06-21T21:00:00,,,OpenMeteo_hourly_backfill,1782075600.0,2026-06-21 21:00:00,24.3,26.5,-2.1999999999999993,Open-Meteo coordinate Ljubljana,Open-Meteo coordinate Drnovo
1782079200.0,2026-06-21T22:00:00,,,OpenMeteo_hourly_backfill,1782079200.0,2026-06-21 22:00:00,23.4,24.6,-1.2000000000000028,Open-Meteo coordinate Ljubljana,Open-Meteo coordinate Drnovo
1782082800.0,2026-06-21T23:00:00,,,OpenMeteo_hourly_backfill,1782082800.0,2026-06-21 23:00:00,22.2,23.6,-1.4000000000000021,Open-Meteo coordinate Ljubljana,Open-Meteo coordinate Drnovo
1782086400.0,2026-06-22T00:00:00,,,OpenMeteo_hourly_backfill,1782086400.0,2026-06-22 00:00:00,21.0,23.0,-2.0,Open-Meteo coordinate Ljubljana,Open-Meteo coordinate Drnovo
1782090000.0,2026-06-22T01:00:00,,,OpenMeteo_hourly_backfill,1782090000.0,2026-06-22 01:00:00,20.0,22.4,-2.3999999999999986,Open-Meteo coordinate Ljubljana,Open-Meteo coordinate Drnovo
1782093600.0,2026-06-22T02:00:00,,,OpenMeteo_hourly_backfill,1782093600.0,2026-06-22 02:00:00,19.1,22.1,-3.0,Open-Meteo coordinate Ljubljana,Open-Meteo coordinate Drnovo
1782097200.0,2026-06-22T03:00:00,,,OpenMeteo_hourly_backfill,1782097200.0,2026-06-22 03:00:00,18.7,21.8,-3.1000000000000014,Open-Meteo coordinate Ljubljana,Open-Meteo coordinate Drnovo
1782100800.0,2026-06-22T04:00:00,,,OpenMeteo_hourly_backfill,1782100800.0,2026-06-22 04:00:00,18.0,21.1,-3.1000000000000014,Open-Meteo coordinate Ljubljana,Open-Meteo coordinate Drnovo
1782104400.0,2026-06-22T05:00:00,,,OpenMeteo_hourly_backfill,1782104400.0,2026-06-22 05:00:00,17.5,20.4,-2.8999999999999986,Open-Meteo coordinate Ljubljana,Open-Meteo coordinate Drnovo
1782108000.0,2026-06-22T06:00:00,,,OpenMeteo_hourly_backfill,1782108000.0,2026-06-22 06:00:00,17.5,20.5,-3.0,Open-Meteo coordinate Ljubljana,Open-Meteo coordinate Drnovo
1782111600.0,2026-06-22T07:00:00,,,OpenMeteo_hourly_backfill,1782111600.0,2026-06-22 07:00:00,18.8,22.8,-4.0,Open-Meteo coordinate Ljubljana,Open-Meteo coordinate Drnovo
1782115200.0,2026-06-22T08:00:00,,,OpenMeteo_hourly_backfill,1782115200.0,2026-06-22 08:00:00,20.0,24.9,-4.899999999999999,Open-Meteo coordinate Ljubljana,Open-Meteo coordinate Drnovo
1782118800.0,2026-06-22T09:00:00,,,OpenMeteo_hourly_backfill,1782118800.0,2026-06-22 09:00:00,22.6,27.4,-4.799999999999997,Open-Meteo coordinate Ljubljana,Open-Meteo coordinate Drnovo
1782122400.0,2026-06-22T10:00:00,,,OpenMeteo_hourly_backfill,1782122400.0,2026-06-22 10:00:00,25.6,28.7,-3.099999999999998,Open-Meteo coordinate Ljubljana,Open-Meteo coordinate Drnovo
1782126000.0,2026-06-22T11:00:00,,,OpenMeteo_hourly_backfill,1782126000.0,2026-06-22 11:00:00,28.5,29.5,-1.0,Open-Meteo coordinate Ljubljana,Open-Meteo coordinate Drnovo
1782129600.0,2026-06-22T12:00:00,,,OpenMeteo_hourly_backfill,1782129600.0,2026-06-22 12:00:00,29.2,30.3,-1.1000000000000014,Open-Meteo coordinate Ljubljana,Open-Meteo coordinate Drnovo
1782133200.0,2026-06-22T13:00:00,,,OpenMeteo_hourly_backfill,1782133200.0,2026-06-22 13:00:00,27.7,30.4,-2.6999999999999993,Open-Meteo coordinate Ljubljana,Open-Meteo coordinate Drnovo
1782136800.0,2026-06-22T14:00:00,,,OpenMeteo_hourly_backfill,1782136800.0,2026-06-22 14:00:00,25.0,28.6,-3.6000000000000014,Open-Meteo coordinate Ljubljana,Open-Meteo coordinate Drnovo
1782140400.0,2026-06-22T15:00:00,,,OpenMeteo_hourly_backfill,1782140400.0,2026-06-22 15:00:00,26.3,29.0,-2.6999999999999993,Open-Meteo coordinate Ljubljana,Open-Meteo coordinate Drnovo
1782144000.0,2026-06-22T16:00:00,,,OpenMeteo_hourly_backfill,1782144000.0,2026-06-22 16:00:00,27.8,29.2,-1.3999999999999986,Open-Meteo coordinate Ljubljana,Open-Meteo coordinate Drnovo
1782147600.0,2026-06-22T17:00:00,,,OpenMeteo_hourly_backfill,1782147600.0,2026-06-22 17:00:00,27.4,29.2,-1.8000000000000007,Open-Meteo coordinate Ljubljana,Open-Meteo coordinate Drnovo
1782151200.0,2026-06-22T18:00:00,,,OpenMeteo_hourly_backfill,1782151200.0,2026-06-22 18:00:00,27.8,28.4,-0.5999999999999979,Open-Meteo coordinate Ljubljana,Open-Meteo coordinate Drnovo
1782154800.0,2026-06-22T19:00:00,,,OpenMeteo_hourly_backfill,1782154800.0,2026-06-22 19:00:00,27.7,28.1,-0.40000000000000213,Open-Meteo coordinate Ljubljana,Open-Meteo coordinate Drnovo
1782158400.0,2026-06-22T20:00:00,,,OpenMeteo_hourly_backfill,1782158400.0,2026-06-22 20:00:00,27.1,27.3,-0.1999999999999993,Open-Meteo coordinate Ljubljana,Open-Meteo coordinate Drnovo
1782162000.0,2026-06-22T21:00:00,,,OpenMeteo_hourly_backfill,1782162000.0,2026-06-22 21:00:00,25.3,25.5,-0.1999999999999993,Open-Meteo coordinate Ljubljana,Open-Meteo coordinate Drnovo
1782165600.0,2026-06-22T22:00:00,,,OpenMeteo_hourly_backfill,1782165600.0,2026-06-22 22:00:00,24.6,24.5,0.10000000000000142,Open-Meteo coordinate Ljubljana,Open-Meteo coordinate Drnovo
1782169200.0,2026-06-22T23:00:00,,,OpenMeteo_hourly_backfill,1782169200.0,2026-06-22 23:00:00,22.9,23.2,-0.3000000000000007,Open-Meteo coordinate Ljubljana,Open-Meteo coordinate Drnovo
1782172800.0,2026-06-23T00:00:00,,,OpenMeteo_hourly_backfill,1782172800.0,2026-06-23 00:00:00,21.8,22.1,-0.3000000000000007,Open-Meteo coordinate Ljubljana,Open-Meteo coordinate Drnovo
1782176400.0,2026-06-23T01:00:00,,,OpenMeteo_hourly_backfill,1782176400.0,2026-06-23 01:00:00,20.9,21.2,-0.3000000000000007,Open-Meteo coordinate Ljubljana,Open-Meteo coordinate Drnovo
1782180000.0,2026-06-23T02:00:00,,,OpenMeteo_hourly_backfill,1782180000.0,2026-06-23 02:00:00,18.9,20.2,-1.3000000000000007,Open-Meteo coordinate Ljubljana,Open-Meteo coordinate Drnovo
1782183600.0,2026-06-23T03:00:00,,,OpenMeteo_hourly_backfill,1782183600.0,2026-06-23 03:00:00,19.1,19.7,-0.5999999999999979,Open-Meteo coordinate Ljubljana,Open-Meteo coordinate Drnovo
1782187200.0,2026-06-23T04:00:00,,,OpenMeteo_hourly_backfill,1782187200.0,2026-06-23 04:00:00,18.7,19.5,-0.8000000000000007,Open-Meteo coordinate Ljubljana,Open-Meteo coordinate Drnovo
1782190800.0,2026-06-23T05:00:00,,,OpenMeteo_hourly_backfill,1782190800.0,2026-06-23 05:00:00,18.0,19.2,-1.1999999999999993,Open-Meteo coordinate Ljubljana,Open-Meteo coordinate Drnovo
1782194400.0,2026-06-23T06:00:00,,,OpenMeteo_hourly_backfill,1782194400.0,2026-06-23 06:00:00,17.8,19.4,-1.5999999999999979,Open-Meteo coordinate Ljubljana,Open-Meteo coordinate Drnovo
1782198000.0,2026-06-23T07:00:00,,,OpenMeteo_hourly_backfill,1782198000.0,2026-06-23 07:00:00,19.0,20.6,-1.6000000000000014,Open-Meteo coordinate Ljubljana,Open-Meteo coordinate Drnovo
1782201600.0,2026-06-23T08:00:00,,,OpenMeteo_hourly_backfill,1782201600.0,2026-06-23 08:00:00,20.4,22.4,-2.0,Open-Meteo coordinate Ljubljana,Open-Meteo coordinate Drnovo
1782205200.0,2026-06-23T09:00:00,,,OpenMeteo_hourly_backfill,1782205200.0,2026-06-23 09:00:00,22.6,24.6,-2.0,Open-Meteo coordinate Ljubljana,Open-Meteo coordinate Drnovo
1782208800.0,2026-06-23T10:00:00,,,OpenMeteo_hourly_backfill,1782208800.0,2026-06-23 10:00:00,25.7,26.8,-1.1000000000000014,Open-Meteo coordinate Ljubljana,Open-Meteo coordinate Drnovo
1782212400.0,2026-06-23T11:00:00,,,OpenMeteo_hourly_backfill,1782212400.0,2026-06-23 11:00:00,27.8,28.3,-0.5,Open-Meteo coordinate Ljubljana,Open-Meteo coordinate Drnovo
1782216000.0,2026-06-23T12:00:00,,,OpenMeteo_hourly_backfill,1782216000.0,2026-06-23 12:00:00,29.5,29.2,0.3000000000000007,Open-Meteo coordinate Ljubljana,Open-Meteo coordinate Drnovo
1782219600.0,2026-06-23T13:00:00,,,OpenMeteo_hourly_backfill,1782219600.0,2026-06-23 13:00:00,29.4,28.9,0.5,Open-Meteo coordinate Ljubljana,Open-Meteo coordinate Drnovo
1782223200.0,2026-06-23T14:00:00,,,OpenMeteo_hourly_backfill,1782223200.0,2026-06-23 14:00:00,28.0,28.5,-0.5,Open-Meteo coordinate Ljubljana,Open-Meteo coordinate Drnovo
1782226800.0,2026-06-23T15:00:00,,,OpenMeteo_hourly_backfill,1782226800.0,2026-06-23 15:00:00,25.0,29.7,-4.699999999999999,Open-Meteo coordinate Ljubljana,Open-Meteo coordinate Drnovo
1782230400.0,2026-06-23T16:00:00,,,OpenMeteo_hourly_backfill,1782230400.0,2026-06-23 16:00:00,27.4,28.4,-1.0,Open-Meteo coordinate Ljubljana,Open-Meteo coordinate Drnovo
1782234000.0,2026-06-23T17:00:00,,,OpenMeteo_hourly_backfill,1782234000.0,2026-06-23 17:00:00,28.3,28.7,-0.3999999999999986,Open-Meteo coordinate Ljubljana,Open-Meteo coordinate Drnovo
1782237600.0,2026-06-23T18:00:00,,,OpenMeteo_hourly_backfill,1782237600.0,2026-06-23 18:00:00,28.5,28.3,0.1999999999999993,Open-Meteo coordinate Ljubljana,Open-Meteo coordinate Drnovo
1782241200.0,2026-06-23T19:00:00,,,OpenMeteo_hourly_backfill,1782241200.0,2026-06-23 19:00:00,28.1,27.5,0.6000000000000014,Open-Meteo coordinate Ljubljana,Open-Meteo coordinate Drnovo
1782244800.0,2026-06-23T20:00:00,,,OpenMeteo_hourly_backfill,1782244800.0,2026-06-23 20:00:00,24.8,25.8,-1.0,Open-Meteo coordinate Ljubljana,Open-Meteo coordinate Drnovo
1782248400.0,2026-06-23T21:00:00,,,OpenMeteo_hourly_backfill,1782248400.0,2026-06-23 21:00:00,23.6,24.6,-1.0,Open-Meteo coordinate Ljubljana,Open-Meteo coordinate Drnovo
1782252000.0,2026-06-23T22:00:00,,,OpenMeteo_hourly_backfill,1782252000.0,2026-06-23 22:00:00,22.3,23.7,-1.3999999999999986,Open-Meteo coordinate Ljubljana,Open-Meteo coordinate Drnovo
1782255600.0,2026-06-23T23:00:00,,,OpenMeteo_hourly_backfill,1782255600.0,2026-06-23 23:00:00,21.6,22.9,-1.2999999999999972,Open-Meteo coordinate Ljubljana,Open-Meteo coordinate Drnovo
1782259200.0,2026-06-24T00:00:00,,,OpenMeteo_hourly_backfill,1782259200.0,2026-06-24 00:00:00,20.8,22.1,-1.3000000000000007,Open-Meteo coordinate Ljubljana,Open-Meteo coordinate Drnovo
1782262800.0,2026-06-24T01:00:00,,,OpenMeteo_hourly_backfill,1782262800.0,2026-06-24 01:00:00,20.0,21.4,-1.3999999999999986,Open-Meteo coordinate Ljubljana,Open-Meteo coordinate Drnovo
1782266400.0,2026-06-24T02:00:00,,,OpenMeteo_hourly_backfill,1782266400.0,2026-06-24 02:00:00,19.5,20.8,-1.3000000000000007,Open-Meteo coordinate Ljubljana,Open-Meteo coordinate Drnovo
1782270000.0,2026-06-24T03:00:00,,,OpenMeteo_hourly_backfill,1782270000.0,2026-06-24 03:00:00,19.5,20.7,-1.1999999999999993,Open-Meteo coordinate Ljubljana,Open-Meteo coordinate Drnovo
1782273600.0,2026-06-24T04:00:00,,,OpenMeteo_hourly_backfill,1782273600.0,2026-06-24 04:00:00,19.0,20.3,-1.3000000000000007,Open-Meteo coordinate Ljubljana,Open-Meteo coordinate Drnovo
1782277200.0,2026-06-24T05:00:00,,,OpenMeteo_hourly_backfill,1782277200.0,2026-06-24 05:00:00,18.5,19.4,-0.8999999999999986,Open-Meteo coordinate Ljubljana,Open-Meteo coordinate Drnovo
1782280800.0,2026-06-24T06:00:00,,,OpenMeteo_hourly_backfill,1782280800.0,2026-06-24 06:00:00,18.3,19.6,-1.3000000000000007,Open-Meteo coordinate Ljubljana,Open-Meteo coordinate Drnovo
1782284400.0,2026-06-24T07:00:00,,,OpenMeteo_hourly_backfill,1782284400.0,2026-06-24 07:00:00,19.3,20.9,-1.5999999999999979,Open-Meteo coordinate Ljubljana,Open-Meteo coordinate Drnovo
1782288000.0,2026-06-24T08:00:00,,,OpenMeteo_hourly_backfill,1782288000.0,2026-06-24 08:00:00,21.0,23.2,-2.1999999999999993,Open-Meteo coordinate Ljubljana,Open-Meteo coordinate Drnovo
1782291600.0,2026-06-24T09:00:00,,,OpenMeteo_hourly_backfill,1782291600.0,2026-06-24 09:00:00,23.1,25.4,-2.299999999999997,Open-Meteo coordinate Ljubljana,Open-Meteo coordinate Drnovo
1782295200.0,2026-06-24T10:00:00,,,OpenMeteo_hourly_backfill,1782295200.0,2026-06-24 10:00:00,25.8,27.1,-1.3000000000000007,Open-Meteo coordinate Ljubljana,Open-Meteo coordinate Drnovo
1782298800.0,2026-06-24T11:00:00,,,OpenMeteo_hourly_backfill,1782298800.0,2026-06-24 11:00:00,27.7,28.3,-0.6000000000000014,Open-Meteo coordinate Ljubljana,Open-Meteo coordinate Drnovo
1782302400.0,2026-06-24T12:00:00,,,OpenMeteo_hourly_backfill,1782302400.0,2026-06-24 12:00:00,29.1,29.0,0.10000000000000142,Open-Meteo coordinate Ljubljana,Open-Meteo coordinate Drnovo
1782306000.0,2026-06-24T13:00:00,,,OpenMeteo_hourly_backfill,1782306000.0,2026-06-24 13:00:00,30.2,29.5,0.6999999999999993,Open-Meteo coordinate Ljubljana,Open-Meteo coordinate Drnovo
1782309600.0,2026-06-24T14:00:00,,,OpenMeteo_hourly_backfill,1782309600.0,2026-06-24 14:00:00,29.0,30.5,-1.5,Open-Meteo coordinate Ljubljana,Open-Meteo coordinate Drnovo
1782313200.0,2026-06-24T15:00:00,,,OpenMeteo_hourly_backfill,1782313200.0,2026-06-24 15:00:00,25.7,30.2,-4.5,Open-Meteo coordinate Ljubljana,Open-Meteo coordinate Drnovo
1782316800.0,2026-06-24T16:00:00,,,OpenMeteo_hourly_backfill,1782316800.0,2026-06-24 16:00:00,26.9,30.4,-3.5,Open-Meteo coordinate Ljubljana,Open-Meteo coordinate Drnovo
1782320400.0,2026-06-24T17:00:00,,,OpenMeteo_hourly_backfill,1782320400.0,2026-06-24 17:00:00,28.4,29.9,-1.5,Open-Meteo coordinate Ljubljana,Open-Meteo coordinate Drnovo
1782324000.0,2026-06-24T18:00:00,,,OpenMeteo_hourly_backfill,1782324000.0,2026-06-24 18:00:00,28.4,29.4,-1.0,Open-Meteo coordinate Ljubljana,Open-Meteo coordinate Drnovo
1782327600.0,2026-06-24T19:00:00,,,OpenMeteo_hourly_backfill,1782327600.0,2026-06-24 19:00:00,28.3,28.6,-0.3000000000000007,Open-Meteo coordinate Ljubljana,Open-Meteo coordinate Drnovo
1782331200.0,2026-06-24T20:00:00,,,OpenMeteo_hourly_backfill,1782331200.0,2026-06-24 20:00:00,22.8,27.2,-4.399999999999999,Open-Meteo coordinate Ljubljana,Open-Meteo coordinate Drnovo
1782334800.0,2026-06-24T21:00:00,,,OpenMeteo_hourly_backfill,1782334800.0,2026-06-24 21:00:00,22.3,25.7,-3.3999999999999986,Open-Meteo coordinate Ljubljana,Open-Meteo coordinate Drnovo
1782338400.0,2026-06-24T22:00:00,,,OpenMeteo_hourly_backfill,1782338400.0,2026-06-24 22:00:00,21.8,25.6,-3.8000000000000007,Open-Meteo coordinate Ljubljana,Open-Meteo coordinate Drnovo
1782342000.0,2026-06-24T23:00:00,,,OpenMeteo_hourly_backfill,1782342000.0,2026-06-24 23:00:00,21.1,25.1,-4.0,Open-Meteo coordinate Ljubljana,Open-Meteo coordinate Drnovo
1782345600.0,2026-06-25T00:00:00,,,OpenMeteo_hourly_backfill,1782345600.0,2026-06-25 00:00:00,20.7,23.6,-2.900000000000002,Open-Meteo coordinate Ljubljana,Open-Meteo coordinate Drnovo
1782349200.0,2026-06-25T01:00:00,,,OpenMeteo_hourly_backfill,1782349200.0,2026-06-25 01:00:00,20.1,21.9,-1.7999999999999972,Open-Meteo coordinate Ljubljana,Open-Meteo coordinate Drnovo
1782352800.0,2026-06-25T02:00:00,,,OpenMeteo_hourly_backfill,1782352800.0,2026-06-25 02:00:00,20.8,22.1,-1.3000000000000007,Open-Meteo coordinate Ljubljana,Open-Meteo coordinate Drnovo
1782356400.0,2026-06-25T03:00:00,,,OpenMeteo_hourly_backfill,1782356400.0,2026-06-25 03:00:00,20.0,21.3,-1.3000000000000007,Open-Meteo coordinate Ljubljana,Open-Meteo coordinate Drnovo
1782360000.0,2026-06-25T04:00:00,,,OpenMeteo_hourly_backfill,1782360000.0,2026-06-25 04:00:00,19.6,20.1,-0.5,Open-Meteo coordinate Ljubljana,Open-Meteo coordinate Drnovo
1782363600.0,2026-06-25T05:00:00,,,OpenMeteo_hourly_backfill,1782363600.0,2026-06-25 05:00:00,19.0,19.3,-0.3000000000000007,Open-Meteo coordinate Ljubljana,Open-Meteo coordinate Drnovo
1782367200.0,2026-06-25T06:00:00,,,OpenMeteo_hourly_backfill,1782367200.0,2026-06-25 06:00:00,18.6,19.6,-1.0,Open-Meteo coordinate Ljubljana,Open-Meteo coordinate Drnovo
1782370800.0,2026-06-25T07:00:00,,,OpenMeteo_hourly_backfill,1782370800.0,2026-06-25 07:00:00,19.9,21.7,-1.8000000000000007,Open-Meteo coordinate Ljubljana,Open-Meteo coordinate Drnovo
1782374400.0,2026-06-25T08:00:00,,,OpenMeteo_hourly_backfill,1782374400.0,2026-06-25 08:00:00,21.3,23.3,-2.0,Open-Meteo coordinate Ljubljana,Open-Meteo coordinate Drnovo
1782378000.0,2026-06-25T09:00:00,,,OpenMeteo_hourly_backfill,1782378000.0,2026-06-25 09:00:00,23.4,25.7,-2.3000000000000007,Open-Meteo coordinate Ljubljana,Open-Meteo coordinate Drnovo
1782381600.0,2026-06-25T10:00:00,,,OpenMeteo_hourly_backfill,1782381600.0,2026-06-25 10:00:00,26.3,27.8,-1.5,Open-Meteo coordinate Ljubljana,Open-Meteo coordinate Drnovo
1782385200.0,2026-06-25T11:00:00,,,OpenMeteo_hourly_backfill,1782385200.0,2026-06-25 11:00:00,28.9,29.3,-0.40000000000000213,Open-Meteo coordinate Ljubljana,Open-Meteo coordinate Drnovo
1782388800.0,2026-06-25T12:00:00,,,OpenMeteo_hourly_backfill,1782388800.0,2026-06-25 12:00:00,30.0,30.2,-0.1999999999999993,Open-Meteo coordinate Ljubljana,Open-Meteo coordinate Drnovo
1782392400.0,2026-06-25T13:00:00,,,OpenMeteo_hourly_backfill,1782392400.0,2026-06-25 13:00:00,31.1,30.8,0.3000000000000007,Open-Meteo coordinate Ljubljana,Open-Meteo coordinate Drnovo
1782396000.0,2026-06-25T14:00:00,,,OpenMeteo_hourly_backfill,1782396000.0,2026-06-25 14:00:00,32.3,31.5,0.7999999999999972,Open-Meteo coordinate Ljubljana,Open-Meteo coordinate Drnovo
1782399600.0,2026-06-25T15:00:00,,,OpenMeteo_hourly_backfill,1782399600.0,2026-06-25 15:00:00,31.9,31.3,0.5999999999999979,Open-Meteo coordinate Ljubljana,Open-Meteo coordinate Drnovo
1782403200.0,2026-06-25T16:00:00,,,OpenMeteo_hourly_backfill,1782403200.0,2026-06-25 16:00:00,32.3,31.4,0.8999999999999986,Open-Meteo coordinate Ljubljana,Open-Meteo coordinate Drnovo
1782406800.0,2026-06-25T17:00:00,,,OpenMeteo_hourly_backfill,1782406800.0,2026-06-25 17:00:00,32.6,31.1,1.5,Open-Meteo coordinate Ljubljana,Open-Meteo coordinate Drnovo
1782410400.0,2026-06-25T18:00:00,,,OpenMeteo_hourly_backfill,1782410400.0,2026-06-25 18:00:00,32.2,30.5,1.7000000000000028,Open-Meteo coordinate Ljubljana,Open-Meteo coordinate Drnovo
1782414000.0,2026-06-25T19:00:00,,,OpenMeteo_hourly_backfill,1782414000.0,2026-06-25 19:00:00,31.2,29.8,1.3999999999999986,Open-Meteo coordinate Ljubljana,Open-Meteo coordinate Drnovo
1782417600.0,2026-06-25T20:00:00,,,OpenMeteo_hourly_backfill,1782417600.0,2026-06-25 20:00:00,29.5,27.9,1.6000000000000014,Open-Meteo coordinate Ljubljana,Open-Meteo coordinate Drnovo
1782421200.0,2026-06-25T21:00:00,,,OpenMeteo_hourly_backfill,1782421200.0,2026-06-25 21:00:00,27.4,26.8,0.5999999999999979,Open-Meteo coordinate Ljubljana,Open-Meteo coordinate Drnovo
1782424800.0,2026-06-25T22:00:00,,,OpenMeteo_hourly_backfill,1782424800.0,2026-06-25 22:00:00,26.2,26.7,-0.5,Open-Meteo coordinate Ljubljana,Open-Meteo coordinate Drnovo
1782428400.0,2026-06-25T23:00:00,,,OpenMeteo_hourly_backfill,1782428400.0,2026-06-25 23:00:00,25.0,25.2,-0.1999999999999993,Open-Meteo coordinate Ljubljana,Open-Meteo coordinate Drnovo
1782432000.0,2026-06-26T00:00:00,,,OpenMeteo_hourly_backfill,1782432000.0,2026-06-26 00:00:00,24.0,23.2,0.8000000000000007,Open-Meteo coordinate Ljubljana,Open-Meteo coordinate Drnovo
1782435600.0,2026-06-26T01:00:00,,,OpenMeteo_hourly_backfill,1782435600.0,2026-06-26 01:00:00,23.0,21.7,1.3000000000000007,Open-Meteo coordinate Ljubljana,Open-Meteo coordinate Drnovo
1782439200.0,2026-06-26T02:00:00,,,OpenMeteo_hourly_backfill,1782439200.0,2026-06-26 02:00:00,21.8,19.7,2.1000000000000014,Open-Meteo coordinate Ljubljana,Open-Meteo coordinate Drnovo
1782442800.0,2026-06-26T03:00:00,,,OpenMeteo_hourly_backfill,1782442800.0,2026-06-26 03:00:00,20.3,19.0,1.3000000000000007,Open-Meteo coordinate Ljubljana,Open-Meteo coordinate Drnovo
1782446400.0,2026-06-26T04:00:00,,,OpenMeteo_hourly_backfill,1782446400.0,2026-06-26 04:00:00,19.4,18.8,0.5999999999999979,Open-Meteo coordinate Ljubljana,Open-Meteo coordinate Drnovo
1782450000.0,2026-06-26T05:00:00,,,OpenMeteo_hourly_backfill,1782450000.0,2026-06-26 05:00:00,18.6,18.4,0.20000000000000284,Open-Meteo coordinate Ljubljana,Open-Meteo coordinate Drnovo
1782453600.0,2026-06-26T06:00:00,,,OpenMeteo_hourly_backfill,1782453600.0,2026-06-26 06:00:00,18.5,18.8,-0.3000000000000007,Open-Meteo coordinate Ljubljana,Open-Meteo coordinate Drnovo
1782457200.0,2026-06-26T07:00:00,,,OpenMeteo_hourly_backfill,1782457200.0,2026-06-26 07:00:00,20.4,21.1,-0.7000000000000028,Open-Meteo coordinate Ljubljana,Open-Meteo coordinate Drnovo
1782460800.0,2026-06-26T08:00:00,,,OpenMeteo_hourly_backfill,1782460800.0,2026-06-26 08:00:00,22.5,23.7,-1.1999999999999993,Open-Meteo coordinate Ljubljana,Open-Meteo coordinate Drnovo
1782464400.0,2026-06-26T09:00:00,,,OpenMeteo_hourly_backfill,1782464400.0,2026-06-26 09:00:00,24.8,26.5,-1.6999999999999993,Open-Meteo coordinate Ljubljana,Open-Meteo coordinate Drnovo
1782468000.0,2026-06-26T10:00:00,,,OpenMeteo_hourly_backfill,1782468000.0,2026-06-26 10:00:00,27.7,28.5,-0.8000000000000007,Open-Meteo coordinate Ljubljana,Open-Meteo coordinate Drnovo
1782471600.0,2026-06-26T11:00:00,,,OpenMeteo_hourly_backfill,1782471600.0,2026-06-26 11:00:00,30.1,29.9,0.20000000000000284,Open-Meteo coordinate Ljubljana,Open-Meteo coordinate Drnovo
1782475200.0,2026-06-26T12:00:00,,,OpenMeteo_hourly_backfill,1782475200.0,2026-06-26 12:00:00,31.6,31.2,0.40000000000000213,Open-Meteo coordinate Ljubljana,Open-Meteo coordinate Drnovo
1782478800.0,2026-06-26T13:00:00,,,OpenMeteo_hourly_backfill,1782478800.0,2026-06-26 13:00:00,32.7,31.7,1.0000000000000036,Open-Meteo coordinate Ljubljana,Open-Meteo coordinate Drnovo
1782482400.0,2026-06-26T14:00:00,,,OpenMeteo_hourly_backfill,1782482400.0,2026-06-26 14:00:00,33.4,32.6,0.7999999999999972,Open-Meteo coordinate Ljubljana,Open-Meteo coordinate Drnovo
1782486000.0,2026-06-26T15:00:00,,,OpenMeteo_hourly_backfill,1782486000.0,2026-06-26 15:00:00,33.1,32.4,0.7000000000000028,Open-Meteo coordinate Ljubljana,Open-Meteo coordinate Drnovo
1782489600.0,2026-06-26T16:00:00,,,OpenMeteo_hourly_backfill,1782489600.0,2026-06-26 16:00:00,33.4,32.2,1.1999999999999957,Open-Meteo coordinate Ljubljana,Open-Meteo coordinate Drnovo
1782493200.0,2026-06-26T17:00:00,,,OpenMeteo_hourly_backfill,1782493200.0,2026-06-26 17:00:00,33.0,31.9,1.1000000000000014,Open-Meteo coordinate Ljubljana,Open-Meteo coordinate Drnovo
1782496800.0,2026-06-26T18:00:00,,,OpenMeteo_hourly_backfill,1782496800.0,2026-06-26 18:00:00,32.1,31.6,0.5,Open-Meteo coordinate Ljubljana,Open-Meteo coordinate Drnovo
1782500400.0,2026-06-26T19:00:00,,,OpenMeteo_hourly_backfill,1782500400.0,2026-06-26 19:00:00,30.9,30.5,0.3999999999999986,Open-Meteo coordinate Ljubljana,Open-Meteo coordinate Drnovo
1782504000.0,2026-06-26T20:00:00,,,OpenMeteo_hourly_backfill,1782504000.0,2026-06-26 20:00:00,29.1,28.0,1.1000000000000014,Open-Meteo coordinate Ljubljana,Open-Meteo coordinate Drnovo
1782507600.0,2026-06-26T21:00:00,,,OpenMeteo_hourly_backfill,1782507600.0,2026-06-26 21:00:00,27.9,26.7,1.1999999999999993,Open-Meteo coordinate Ljubljana,Open-Meteo coordinate Drnovo
1782511200.0,2026-06-26T22:00:00,,,OpenMeteo_hourly_backfill,1782511200.0,2026-06-26 22:00:00,26.5,26.7,-0.1999999999999993,Open-Meteo coordinate Ljubljana,Open-Meteo coordinate Drnovo
1782514800.0,2026-06-26T23:00:00,,,OpenMeteo_hourly_backfill,1782514800.0,2026-06-26 23:00:00,25.0,26.2,-1.1999999999999993,Open-Meteo coordinate Ljubljana,Open-Meteo coordinate Drnovo
1782518400.0,2026-06-27T00:00:00,,,OpenMeteo_hourly_backfill,1782518400.0,2026-06-27 00:00:00,23.6,25.2,-1.5999999999999979,Open-Meteo coordinate Ljubljana,Open-Meteo coordinate Drnovo
1782522000.0,2026-06-27T01:00:00,,,OpenMeteo_hourly_backfill,1782522000.0,2026-06-27 01:00:00,22.6,23.4,-0.7999999999999972,Open-Meteo coordinate Ljubljana,Open-Meteo coordinate Drnovo
1782525600.0,2026-06-27T02:00:00,,,OpenMeteo_hourly_backfill,1782525600.0,2026-06-27 02:00:00,20.9,21.8,-0.9000000000000021,Open-Meteo coordinate Ljubljana,Open-Meteo coordinate Drnovo
1782529200.0,2026-06-27T03:00:00,,,OpenMeteo_hourly_backfill,1782529200.0,2026-06-27 03:00:00,19.8,21.1,-1.3000000000000007,Open-Meteo coordinate Ljubljana,Open-Meteo coordinate Drnovo
1782532800.0,2026-06-27T04:00:00,,,OpenMeteo_hourly_backfill,1782532800.0,2026-06-27 04:00:00,18.9,20.1,-1.2000000000000028,Open-Meteo coordinate Ljubljana,Open-Meteo coordinate Drnovo
1782536400.0,2026-06-27T05:00:00,,,OpenMeteo_hourly_backfill,1782536400.0,2026-06-27 05:00:00,18.1,19.7,-1.5999999999999979,Open-Meteo coordinate Ljubljana,Open-Meteo coordinate Drnovo
1782540000.0,2026-06-27T06:00:00,,,OpenMeteo_hourly_backfill,1782540000.0,2026-06-27 06:00:00,18.3,20.4,-2.099999999999998,Open-Meteo coordinate Ljubljana,Open-Meteo coordinate Drnovo
1782543600.0,2026-06-27T07:00:00,,,OpenMeteo_hourly_backfill,1782543600.0,2026-06-27 07:00:00,20.0,22.6,-2.6000000000000014,Open-Meteo coordinate Ljubljana,Open-Meteo coordinate Drnovo
1782547200.0,2026-06-27T08:00:00,,,OpenMeteo_hourly_backfill,1782547200.0,2026-06-27 08:00:00,22.3,24.6,-2.3000000000000007,Open-Meteo coordinate Ljubljana,Open-Meteo coordinate Drnovo
1782550800.0,2026-06-27T09:00:00,,,OpenMeteo_hourly_backfill,1782550800.0,2026-06-27 09:00:00,24.7,27.2,-2.5,Open-Meteo coordinate Ljubljana,Open-Meteo coordinate Drnovo
1782554400.0,2026-06-27T10:00:00,,,OpenMeteo_hourly_backfill,1782554400.0,2026-06-27 10:00:00,27.3,29.5,-2.1999999999999993,Open-Meteo coordinate Ljubljana,Open-Meteo coordinate Drnovo
1782558000.0,2026-06-27T11:00:00,,,OpenMeteo_hourly_backfill,1782558000.0,2026-06-27 11:00:00,29.6,31.0,-1.3999999999999986,Open-Meteo coordinate Ljubljana,Open-Meteo coordinate Drnovo
1782561600.0,2026-06-27T12:00:00,,,OpenMeteo_hourly_backfill,1782561600.0,2026-06-27 12:00:00,31.2,31.8,-0.6000000000000014,Open-Meteo coordinate Ljubljana,Open-Meteo coordinate Drnovo
1782565200.0,2026-06-27T13:00:00,,,OpenMeteo_hourly_backfill,1782565200.0,2026-06-27 13:00:00,32.3,32.6,-0.30000000000000426,Open-Meteo coordinate Ljubljana,Open-Meteo coordinate Drnovo
1782568800.0,2026-06-27T14:00:00,,,OpenMeteo_hourly_backfill,1782568800.0,2026-06-27 14:00:00,33.4,34.2,-0.8000000000000043,Open-Meteo coordinate Ljubljana,Open-Meteo coordinate Drnovo
1782572400.0,2026-06-27T15:00:00,,,OpenMeteo_hourly_backfill,1782572400.0,2026-06-27 15:00:00,33.1,34.2,-1.1000000000000014,Open-Meteo coordinate Ljubljana,Open-Meteo coordinate Drnovo
1782576000.0,2026-06-27T16:00:00,,,OpenMeteo_hourly_backfill,1782576000.0,2026-06-27 16:00:00,33.3,34.1,-0.8000000000000043,Open-Meteo coordinate Ljubljana,Open-Meteo coordinate Drnovo
1782579600.0,2026-06-27T17:00:00,,,OpenMeteo_hourly_backfill,1782579600.0,2026-06-27 17:00:00,33.4,33.8,-0.3999999999999986,Open-Meteo coordinate Ljubljana,Open-Meteo coordinate Drnovo
1782583200.0,2026-06-27T18:00:00,,,OpenMeteo_hourly_backfill,1782583200.0,2026-06-27 18:00:00,33.0,33.2,-0.20000000000000284,Open-Meteo coordinate Ljubljana,Open-Meteo coordinate Drnovo
1782586800.0,2026-06-27T19:00:00,,,OpenMeteo_hourly_backfill,1782586800.0,2026-06-27 19:00:00,32.1,31.7,0.40000000000000213,Open-Meteo coordinate Ljubljana,Open-Meteo coordinate Drnovo
1782590400.0,2026-06-27T20:00:00,,,OpenMeteo_hourly_backfill,1782590400.0,2026-06-27 20:00:00,29.6,29.7,-0.09999999999999787,Open-Meteo coordinate Ljubljana,Open-Meteo coordinate Drnovo
1782594000.0,2026-06-27T21:00:00,,,OpenMeteo_hourly_backfill,1782594000.0,2026-06-27 21:00:00,27.7,27.6,0.09999999999999787,Open-Meteo coordinate Ljubljana,Open-Meteo coordinate Drnovo
1782597600.0,2026-06-27T22:00:00,,,OpenMeteo_hourly_backfill,1782597600.0,2026-06-27 22:00:00,26.2,26.5,-0.3000000000000007,Open-Meteo coordinate Ljubljana,Open-Meteo coordinate Drnovo
1782601200.0,2026-06-27T23:00:00,,,OpenMeteo_hourly_backfill,1782601200.0,2026-06-27 23:00:00,24.6,25.7,-1.0999999999999979,Open-Meteo coordinate Ljubljana,Open-Meteo coordinate Drnovo
1782604800.0,2026-06-28T00:00:00,,,OpenMeteo_hourly_backfill,1782604800.0,2026-06-28 00:00:00,23.6,24.8,-1.1999999999999993,Open-Meteo coordinate Ljubljana,Open-Meteo coordinate Drnovo
1782608400.0,2026-06-28T01:00:00,,,OpenMeteo_hourly_backfill,1782608400.0,2026-06-28 01:00:00,22.4,23.7,-1.3000000000000007,Open-Meteo coordinate Ljubljana,Open-Meteo coordinate Drnovo
1782612000.0,2026-06-28T02:00:00,,,OpenMeteo_hourly_backfill,1782612000.0,2026-06-28 02:00:00,20.3,21.5,-1.1999999999999993,Open-Meteo coordinate Ljubljana,Open-Meteo coordinate Drnovo
1782615600.0,2026-06-28T03:00:00,,,OpenMeteo_hourly_backfill,1782615600.0,2026-06-28 03:00:00,19.4,20.9,-1.5,Open-Meteo coordinate Ljubljana,Open-Meteo coordinate Drnovo
1782619200.0,2026-06-28T04:00:00,,,OpenMeteo_hourly_backfill,1782619200.0,2026-06-28 04:00:00,18.8,20.6,-1.8000000000000007,Open-Meteo coordinate Ljubljana,Open-Meteo coordinate Drnovo
1782622800.0,2026-06-28T05:00:00,,,OpenMeteo_hourly_backfill,1782622800.0,2026-06-28 05:00:00,18.3,20.5,-2.1999999999999993,Open-Meteo coordinate Ljubljana,Open-Meteo coordinate Drnovo
1782626400.0,2026-06-28T06:00:00,,,OpenMeteo_hourly_backfill,1782626400.0,2026-06-28 06:00:00,18.4,21.2,-2.8000000000000007,Open-Meteo coordinate Ljubljana,Open-Meteo coordinate Drnovo
1782630000.0,2026-06-28T07:00:00,,,OpenMeteo_hourly_backfill,1782630000.0,2026-06-28 07:00:00,20.7,23.2,-2.5,Open-Meteo coordinate Ljubljana,Open-Meteo coordinate Drnovo
1782633600.0,2026-06-28T08:00:00,,,OpenMeteo_hourly_backfill,1782633600.0,2026-06-28 08:00:00,23.4,25.8,-2.400000000000002,Open-Meteo coordinate Ljubljana,Open-Meteo coordinate Drnovo
1782637200.0,2026-06-28T09:00:00,,,OpenMeteo_hourly_backfill,1782637200.0,2026-06-28 09:00:00,25.7,28.0,-2.3000000000000007,Open-Meteo coordinate Ljubljana,Open-Meteo coordinate Drnovo
1782640800.0,2026-06-28T10:00:00,,,OpenMeteo_hourly_backfill,1782640800.0,2026-06-28 10:00:00,27.9,29.6,-1.7000000000000028,Open-Meteo coordinate Ljubljana,Open-Meteo coordinate Drnovo
1782644400.0,2026-06-28T11:00:00,,,OpenMeteo_hourly_backfill,1782644400.0,2026-06-28 11:00:00,29.8,31.1,-1.3000000000000007,Open-Meteo coordinate Ljubljana,Open-Meteo coordinate Drnovo
1782648000.0,2026-06-28T12:00:00,,,OpenMeteo_hourly_backfill,1782648000.0,2026-06-28 12:00:00,31.8,32.4,-0.5999999999999979,Open-Meteo coordinate Ljubljana,Open-Meteo coordinate Drnovo
1782651600.0,2026-06-28T13:00:00,,,OpenMeteo_hourly_backfill,1782651600.0,2026-06-28 13:00:00,33.3,33.5,-0.20000000000000284,Open-Meteo coordinate Ljubljana,Open-Meteo coordinate Drnovo
1782655200.0,2026-06-28T14:00:00,,,OpenMeteo_hourly_backfill,1782655200.0,2026-06-28 14:00:00,34.2,34.2,0.0,Open-Meteo coordinate Ljubljana,Open-Meteo coordinate Drnovo
1782658800.0,2026-06-28T15:00:00,,,OpenMeteo_hourly_backfill,1782658800.0,2026-06-28 15:00:00,34.7,34.6,0.10000000000000142,Open-Meteo coordinate Ljubljana,Open-Meteo coordinate Drnovo
1782662400.0,2026-06-28T16:00:00,,,OpenMeteo_hourly_backfill,1782662400.0,2026-06-28 16:00:00,34.9,34.6,0.29999999999999716,Open-Meteo coordinate Ljubljana,Open-Meteo coordinate Drnovo
1782666000.0,2026-06-28T17:00:00,,,OpenMeteo_hourly_backfill,1782666000.0,2026-06-28 17:00:00,34.7,34.5,0.20000000000000284,Open-Meteo coordinate Ljubljana,Open-Meteo coordinate Drnovo
1782669600.0,2026-06-28T18:00:00,,,OpenMeteo_hourly_backfill,1782669600.0,2026-06-28 18:00:00,33.9,34.2,-0.30000000000000426,Open-Meteo coordinate Ljubljana,Open-Meteo coordinate Drnovo
1782673200.0,2026-06-28T19:00:00,,,OpenMeteo_hourly_backfill,1782673200.0,2026-06-28 19:00:00,32.9,32.5,0.3999999999999986,Open-Meteo coordinate Ljubljana,Open-Meteo coordinate Drnovo
1782676800.0,2026-06-28T20:00:00,,,OpenMeteo_hourly_backfill,1782676800.0,2026-06-28 20:00:00,31.1,29.7,1.4000000000000021,Open-Meteo coordinate Ljubljana,Open-Meteo coordinate Drnovo
1782680400.0,2026-06-28T21:00:00,,,OpenMeteo_hourly_backfill,1782680400.0,2026-06-28 21:00:00,29.8,27.8,2.0,Open-Meteo coordinate Ljubljana,Open-Meteo coordinate Drnovo
1782684000.0,2026-06-28T22:00:00,,,OpenMeteo_hourly_backfill,1782684000.0,2026-06-28 22:00:00,28.0,26.5,1.5,Open-Meteo coordinate Ljubljana,Open-Meteo coordinate Drnovo
1782687600.0,2026-06-28T23:00:00,,,OpenMeteo_hourly_backfill,1782687600.0,2026-06-28 23:00:00,26.1,26.3,-0.1999999999999993,Open-Meteo coordinate Ljubljana,Open-Meteo coordinate Drnovo
1782691200.0,2026-06-29T00:00:00,,,OpenMeteo_hourly_backfill,1782691200.0,2026-06-29 00:00:00,25.5,25.9,-0.3999999999999986,Open-Meteo coordinate Ljubljana,Open-Meteo coordinate Drnovo
1782694800.0,2026-06-29T01:00:00,,,OpenMeteo_hourly_backfill,1782694800.0,2026-06-29 01:00:00,24.4,25.2,-0.8000000000000007,Open-Meteo coordinate Ljubljana,Open-Meteo coordinate Drnovo
1782698400.0,2026-06-29T02:00:00,,,OpenMeteo_hourly_backfill,1782698400.0,2026-06-29 02:00:00,22.8,24.1,-1.3000000000000007,Open-Meteo coordinate Ljubljana,Open-Meteo coordinate Drnovo
1782702000.0,2026-06-29T03:00:00,,,OpenMeteo_hourly_backfill,1782702000.0,2026-06-29 03:00:00,22.1,23.7,-1.5999999999999979,Open-Meteo coordinate Ljubljana,Open-Meteo coordinate Drnovo
1782705600.0,2026-06-29T04:00:00,,,OpenMeteo_hourly_backfill,1782705600.0,2026-06-29 04:00:00,21.5,22.3,-0.8000000000000007,Open-Meteo coordinate Ljubljana,Open-Meteo coordinate Drnovo
1782709200.0,2026-06-29T05:00:00,,,OpenMeteo_hourly_backfill,1782709200.0,2026-06-29 05:00:00,20.7,21.2,-0.5,Open-Meteo coordinate Ljubljana,Open-Meteo coordinate Drnovo
1782712800.0,2026-06-29T06:00:00,,,OpenMeteo_hourly_backfill,1782712800.0,2026-06-29 06:00:00,20.7,21.6,-0.9000000000000021,Open-Meteo coordinate Ljubljana,Open-Meteo coordinate Drnovo
1782716400.0,2026-06-29T07:00:00,,,OpenMeteo_hourly_backfill,1782716400.0,2026-06-29 07:00:00,22.3,23.7,-1.3999999999999986,Open-Meteo coordinate Ljubljana,Open-Meteo coordinate Drnovo
1782720000.0,2026-06-29T08:00:00,,,OpenMeteo_hourly_backfill,1782720000.0,2026-06-29 08:00:00,24.1,25.5,-1.3999999999999986,Open-Meteo coordinate Ljubljana,Open-Meteo coordinate Drnovo
1782723600.0,2026-06-29T09:00:00,,,OpenMeteo_hourly_backfill,1782723600.0,2026-06-29 09:00:00,26.8,27.7,-0.8999999999999986,Open-Meteo coordinate Ljubljana,Open-Meteo coordinate Drnovo
1782727200.0,2026-06-29T10:00:00,,,OpenMeteo_hourly_backfill,1782727200.0,2026-06-29 10:00:00,29.3,29.6,-0.3000000000000007,Open-Meteo coordinate Ljubljana,Open-Meteo coordinate Drnovo
1782730800.0,2026-06-29T11:00:00,,,OpenMeteo_hourly_backfill,1782730800.0,2026-06-29 11:00:00,31.1,31.3,-0.1999999999999993,Open-Meteo coordinate Ljubljana,Open-Meteo coordinate Drnovo
1782734400.0,2026-06-29T12:00:00,,,OpenMeteo_hourly_backfill,1782734400.0,2026-06-29 12:00:00,32.7,32.7,0.0,Open-Meteo coordinate Ljubljana,Open-Meteo coordinate Drnovo
1782738000.0,2026-06-29T13:00:00,,,OpenMeteo_hourly_backfill,1782738000.0,2026-06-29 13:00:00,33.4,33.4,0.0,Open-Meteo coordinate Ljubljana,Open-Meteo coordinate Drnovo
1782741600.0,2026-06-29T14:00:00,,,OpenMeteo_hourly_backfill,1782741600.0,2026-06-29 14:00:00,34.3,34.4,-0.10000000000000142,Open-Meteo coordinate Ljubljana,Open-Meteo coordinate Drnovo
1782745200.0,2026-06-29T15:00:00,,,OpenMeteo_hourly_backfill,1782745200.0,2026-06-29 15:00:00,34.2,34.0,0.20000000000000284,Open-Meteo coordinate Ljubljana,Open-Meteo coordinate Drnovo
1782748800.0,2026-06-29T16:00:00,,,OpenMeteo_hourly_backfill,1782748800.0,2026-06-29 16:00:00,34.3,34.0,0.29999999999999716,Open-Meteo coordinate Ljubljana,Open-Meteo coordinate Drnovo
1782752400.0,2026-06-29T17:00:00,,,OpenMeteo_hourly_backfill,1782752400.0,2026-06-29 17:00:00,34.0,34.1,-0.10000000000000142,Open-Meteo coordinate Ljubljana,Open-Meteo coordinate Drnovo
1782756000.0,2026-06-29T18:00:00,,,OpenMeteo_hourly_backfill,1782756000.0,2026-06-29 18:00:00,33.8,33.2,0.5999999999999943,Open-Meteo coordinate Ljubljana,Open-Meteo coordinate Drnovo
1782759600.0,2026-06-29T19:00:00,,,OpenMeteo_hourly_backfill,1782759600.0,2026-06-29 19:00:00,32.3,32.0,0.29999999999999716,Open-Meteo coordinate Ljubljana,Open-Meteo coordinate Drnovo
1782763200.0,2026-06-29T20:00:00,,,OpenMeteo_hourly_backfill,1782763200.0,2026-06-29 20:00:00,30.4,30.3,0.09999999999999787,Open-Meteo coordinate Ljubljana,Open-Meteo coordinate Drnovo
1782766800.0,2026-06-29T21:00:00,,,OpenMeteo_hourly_backfill,1782766800.0,2026-06-29 21:00:00,29.0,28.2,0.8000000000000007,Open-Meteo coordinate Ljubljana,Open-Meteo coordinate Drnovo
1782770400.0,2026-06-29T22:00:00,,,OpenMeteo_hourly_backfill,1782770400.0,2026-06-29 22:00:00,26.9,27.2,-0.3000000000000007,Open-Meteo coordinate Ljubljana,Open-Meteo coordinate Drnovo
1782774000.0,2026-06-29T23:00:00,,,OpenMeteo_hourly_backfill,1782774000.0,2026-06-29 23:00:00,25.0,26.6,-1.6000000000000014,Open-Meteo coordinate Ljubljana,Open-Meteo coordinate Drnovo
1782777600.0,2026-06-30T00:00:00,,,OpenMeteo_hourly_backfill,1782777600.0,2026-06-30 00:00:00,24.0,25.9,-1.8999999999999986,Open-Meteo coordinate Ljubljana,Open-Meteo coordinate Drnovo
1782781200.0,2026-06-30T01:00:00,,,OpenMeteo_hourly_backfill,1782781200.0,2026-06-30 01:00:00,23.5,24.7,-1.1999999999999993,Open-Meteo coordinate Ljubljana,Open-Meteo coordinate Drnovo
1782784800.0,2026-06-30T02:00:00,,,OpenMeteo_hourly_backfill,1782784800.0,2026-06-30 02:00:00,21.2,21.9,-0.6999999999999993,Open-Meteo coordinate Ljubljana,Open-Meteo coordinate Drnovo
1782788400.0,2026-06-30T03:00:00,,,OpenMeteo_hourly_backfill,1782788400.0,2026-06-30 03:00:00,20.5,21.8,-1.3000000000000007,Open-Meteo coordinate Ljubljana,Open-Meteo coordinate Drnovo
1782792000.0,2026-06-30T04:00:00,,,OpenMeteo_hourly_backfill,1782792000.0,2026-06-30 04:00:00,20.2,21.3,-1.1000000000000014,Open-Meteo coordinate Ljubljana,Open-Meteo coordinate Drnovo
1782795600.0,2026-06-30T05:00:00,,,OpenMeteo_hourly_backfill,1782795600.0,2026-06-30 05:00:00,20.0,21.0,-1.0,Open-Meteo coordinate Ljubljana,Open-Meteo coordinate Drnovo
1782799200.0,2026-06-30T06:00:00,,,OpenMeteo_hourly_backfill,1782799200.0,2026-06-30 06:00:00,19.9,22.2,-2.3000000000000007,Open-Meteo coordinate Ljubljana,Open-Meteo coordinate Drnovo
1782802800.0,2026-06-30T07:00:00,,,OpenMeteo_hourly_backfill,1782802800.0,2026-06-30 07:00:00,21.1,24.5,-3.3999999999999986,Open-Meteo coordinate Ljubljana,Open-Meteo coordinate Drnovo
1782806400.0,2026-06-30T08:00:00,,,OpenMeteo_hourly_backfill,1782806400.0,2026-06-30 08:00:00,23.1,26.1,-3.0,Open-Meteo coordinate Ljubljana,Open-Meteo coordinate Drnovo
1782810000.0,2026-06-30T09:00:00,,,OpenMeteo_hourly_backfill,1782810000.0,2026-06-30 09:00:00,25.6,27.7,-2.099999999999998,Open-Meteo coordinate Ljubljana,Open-Meteo coordinate Drnovo
1782813600.0,2026-06-30T10:00:00,,,OpenMeteo_hourly_backfill,1782813600.0,2026-06-30 10:00:00,27.9,29.3,-1.4000000000000021,Open-Meteo coordinate Ljubljana,Open-Meteo coordinate Drnovo
1782817200.0,2026-06-30T11:00:00,,,OpenMeteo_hourly_backfill,1782817200.0,2026-06-30 11:00:00,29.9,30.6,-0.7000000000000028,Open-Meteo coordinate Ljubljana,Open-Meteo coordinate Drnovo
1782820800.0,2026-06-30T12:00:00,,,OpenMeteo_hourly_backfill,1782820800.0,2026-06-30 12:00:00,31.4,31.8,-0.40000000000000213,Open-Meteo coordinate Ljubljana,Open-Meteo coordinate Drnovo
1782824400.0,2026-06-30T13:00:00,,,OpenMeteo_hourly_backfill,1782824400.0,2026-06-30 13:00:00,32.2,32.9,-0.6999999999999957,Open-Meteo coordinate Ljubljana,Open-Meteo coordinate Drnovo
1782828000.0,2026-06-30T14:00:00,,,OpenMeteo_hourly_backfill,1782828000.0,2026-06-30 14:00:00,32.3,33.9,-1.6000000000000014,Open-Meteo coordinate Ljubljana,Open-Meteo coordinate Drnovo
1782831600.0,2026-06-30T15:00:00,,,OpenMeteo_hourly_backfill,1782831600.0,2026-06-30 15:00:00,31.8,33.8,-1.9999999999999964,Open-Meteo coordinate Ljubljana,Open-Meteo coordinate Drnovo
1782835200.0,2026-06-30T16:00:00,,,OpenMeteo_hourly_backfill,1782835200.0,2026-06-30 16:00:00,31.8,33.3,-1.4999999999999964,Open-Meteo coordinate Ljubljana,Open-Meteo coordinate Drnovo
1782838800.0,2026-06-30T17:00:00,,,OpenMeteo_hourly_backfill,1782838800.0,2026-06-30 17:00:00,32.6,31.6,1.0,Open-Meteo coordinate Ljubljana,Open-Meteo coordinate Drnovo
1782842400.0,2026-06-30T18:00:00,,,OpenMeteo_hourly_backfill,1782842400.0,2026-06-30 18:00:00,32.3,31.2,1.0999999999999979,Open-Meteo coordinate Ljubljana,Open-Meteo coordinate Drnovo
1782846000.0,2026-06-30T19:00:00,,,OpenMeteo_hourly_backfill,1782846000.0,2026-06-30 19:00:00,31.7,30.8,0.8999999999999986,Open-Meteo coordinate Ljubljana,Open-Meteo coordinate Drnovo
1782849600.0,2026-06-30T20:00:00,,,OpenMeteo_hourly_backfill,1782849600.0,2026-06-30 20:00:00,28.9,30.3,-1.4000000000000021,Open-Meteo coordinate Ljubljana,Open-Meteo coordinate Drnovo
1782853200.0,2026-06-30T21:00:00,,,OpenMeteo_hourly_backfill,1782853200.0,2026-06-30 21:00:00,26.5,27.6,-1.1000000000000014,Open-Meteo coordinate Ljubljana,Open-Meteo coordinate Drnovo
1782856800.0,2026-06-30T22:00:00,,,OpenMeteo_hourly_backfill,1782856800.0,2026-06-30 22:00:00,24.9,26.3,-1.4000000000000021,Open-Meteo coordinate Ljubljana,Open-Meteo coordinate Drnovo
1782860400.0,2026-06-30T23:00:00,,,OpenMeteo_hourly_backfill,1782860400.0,2026-06-30 23:00:00,23.7,24.6,-0.9000000000000021,Open-Meteo coordinate Ljubljana,Open-Meteo coordinate Drnovo
1782864000.0,2026-07-01T00:00:00,,,OpenMeteo_hourly_backfill,1782864000.0,2026-07-01 00:00:00,22.2,23.5,-1.3000000000000007,Open-Meteo coordinate Ljubljana,Open-Meteo coordinate Drnovo
1782867600.0,2026-07-01T01:00:00,,,OpenMeteo_hourly_backfill,1782867600.0,2026-07-01 01:00:00,20.9,22.9,-2.0,Open-Meteo coordinate Ljubljana,Open-Meteo coordinate Drnovo
1782871200.0,2026-07-01T02:00:00,,,OpenMeteo_hourly_backfill,1782871200.0,2026-07-01 02:00:00,19.4,22.1,-2.700000000000003,Open-Meteo coordinate Ljubljana,Open-Meteo coordinate Drnovo
1782874800.0,2026-07-01T03:00:00,,,OpenMeteo_hourly_backfill,1782874800.0,2026-07-01 03:00:00,18.5,21.7,-3.1999999999999993,Open-Meteo coordinate Ljubljana,Open-Meteo coordinate Drnovo
1782878400.0,2026-07-01T04:00:00,,,OpenMeteo_hourly_backfill,1782878400.0,2026-07-01 04:00:00,17.8,22.6,-4.800000000000001,Open-Meteo coordinate Ljubljana,Open-Meteo coordinate Drnovo
1782882000.0,2026-07-01T05:00:00,,,OpenMeteo_hourly_backfill,1782882000.0,2026-07-01 05:00:00,17.4,21.7,-4.300000000000001,Open-Meteo coordinate Ljubljana,Open-Meteo coordinate Drnovo
1782885600.0,2026-07-01T06:00:00,,,OpenMeteo_hourly_backfill,1782885600.0,2026-07-01 06:00:00,18.3,21.5,-3.1999999999999993,Open-Meteo coordinate Ljubljana,Open-Meteo coordinate Drnovo
1782889200.0,2026-07-01T07:00:00,,,OpenMeteo_hourly_backfill,1782889200.0,2026-07-01 07:00:00,20.2,23.5,-3.3000000000000007,Open-Meteo coordinate Ljubljana,Open-Meteo coordinate Drnovo
1782892800.0,2026-07-01T08:00:00,,,OpenMeteo_hourly_backfill,1782892800.0,2026-07-01 08:00:00,22.2,26.0,-3.8000000000000007,Open-Meteo coordinate Ljubljana,Open-Meteo coordinate Drnovo
1782896400.0,2026-07-01T09:00:00,,,OpenMeteo_hourly_backfill,1782896400.0,2026-07-01 09:00:00,24.8,28.3,-3.5,Open-Meteo coordinate Ljubljana,Open-Meteo coordinate Drnovo
1782900000.0,2026-07-01T10:00:00,,,OpenMeteo_hourly_backfill,1782900000.0,2026-07-01 10:00:00,27.1,30.0,-2.8999999999999986,Open-Meteo coordinate Ljubljana,Open-Meteo coordinate Drnovo
1782903600.0,2026-07-01T11:00:00,,,OpenMeteo_hourly_backfill,1782903600.0,2026-07-01 11:00:00,29.1,28.8,0.3000000000000007,Open-Meteo coordinate Ljubljana,Open-Meteo coordinate Drnovo
1782907200.0,2026-07-01T12:00:00,,,OpenMeteo_hourly_backfill,1782907200.0,2026-07-01 12:00:00,31.1,29.8,1.3000000000000007,Open-Meteo coordinate Ljubljana,Open-Meteo coordinate Drnovo
1782910800.0,2026-07-01T13:00:00,,,OpenMeteo_hourly_backfill,1782910800.0,2026-07-01 13:00:00,32.0,28.6,3.3999999999999986,Open-Meteo coordinate Ljubljana,Open-Meteo coordinate Drnovo
1782914400.0,2026-07-01T14:00:00,,,OpenMeteo_hourly_backfill,1782914400.0,2026-07-01 14:00:00,28.8,29.4,-0.5999999999999979,Open-Meteo coordinate Ljubljana,Open-Meteo coordinate Drnovo
1782918000.0,2026-07-01T15:00:00,,,OpenMeteo_hourly_backfill,1782918000.0,2026-07-01 15:00:00,28.4,30.0,-1.6000000000000014,Open-Meteo coordinate Ljubljana,Open-Meteo coordinate Drnovo
1782921600.0,2026-07-01T16:00:00,,,OpenMeteo_hourly_backfill,1782921600.0,2026-07-01 16:00:00,29.6,30.4,-0.7999999999999972,Open-Meteo coordinate Ljubljana,Open-Meteo coordinate Drnovo
1782925200.0,2026-07-01T17:00:00,,,OpenMeteo_hourly_backfill,1782925200.0,2026-07-01 17:00:00,29.9,30.3,-0.40000000000000213,Open-Meteo coordinate Ljubljana,Open-Meteo coordinate Drnovo
1782928800.0,2026-07-01T18:00:00,,,OpenMeteo_hourly_backfill,1782928800.0,2026-07-01 18:00:00,29.1,29.0,0.10000000000000142,Open-Meteo coordinate Ljubljana,Open-Meteo coordinate Drnovo
1782932400.0,2026-07-01T19:00:00,,,OpenMeteo_hourly_backfill,1782932400.0,2026-07-01 19:00:00,24.4,28.4,-4.0,Open-Meteo coordinate Ljubljana,Open-Meteo coordinate Drnovo
1782936000.0,2026-07-01T20:00:00,,,OpenMeteo_hourly_backfill,1782936000.0,2026-07-01 20:00:00,21.6,26.8,-5.199999999999999,Open-Meteo coordinate Ljubljana,Open-Meteo coordinate Drnovo
1782939600.0,2026-07-01T21:00:00,,,OpenMeteo_hourly_backfill,1782939600.0,2026-07-01 21:00:00,20.5,20.9,-0.3999999999999986,Open-Meteo coordinate Ljubljana,Open-Meteo coordinate Drnovo
1782943200.0,2026-07-01T22:00:00,,,OpenMeteo_hourly_backfill,1782943200.0,2026-07-01 22:00:00,20.1,21.4,-1.2999999999999972,Open-Meteo coordinate Ljubljana,Open-Meteo coordinate Drnovo
1782946800.0,2026-07-01T23:00:00,,,OpenMeteo_hourly_backfill,1782946800.0,2026-07-01 23:00:00,19.7,20.8,-1.1000000000000014,Open-Meteo coordinate Ljubljana,Open-Meteo coordinate Drnovo
1782911414.0892053,2026-07-01T15:10:14,1782911355.688612,2026-07-01T15:09:15,ARSO_latest,1782918614.086779,2026-07-01T15:10:14.086779,32.0,27.0,5.0,Ljubljana - Vič,Letališče Cerklje ob Krki
1782911474.2090676,2026-07-01T15:11:14,1782911412.885986,2026-07-01T15:10:12,ARSO_latest,1782918674.206621,2026-07-01T15:11:14.206621,32.0,27.0,5.0,Ljubljana - Vič,Letališče Cerklje ob Krki
1782911534.323713,2026-07-01T15:12:14,1782911470.105288,2026-07-01T15:11:10,ARSO_latest,1782918734.321107,2026-07-01T15:12:14.321107,32.0,27.0,5.0,Ljubljana - Vič,Letališče Cerklje ob Krki
1782911594.4606395,2026-07-01T15:13:14,1782911526.904751,2026-07-01T15:12:06,ARSO_latest,1782918794.458062,2026-07-01T15:13:14.458062,32.0,27.0,5.0,Ljubljana - Vič,Letališče Cerklje ob Krki
1782911654.5818095,2026-07-01T15:14:14,1782911584.281438,2026-07-01T15:13:04,ARSO_latest,1782918854.579403,2026-07-01T15:14:14.579403,32.0,27.0,5.0,Ljubljana - Vič,Letališče Cerklje ob Krki
1782911714.6919649,2026-07-01T15:15:14,1782911641.504009,2026-07-01T15:14:01,ARSO_latest,1782918914.689113,2026-07-01T15:15:14.689113,32.0,27.0,5.0,Ljubljana - Vič,Letališče Cerklje ob Krki
1782911774.8155289,2026-07-01T15:16:14,1782911698.721611,2026-07-01T15:14:58,ARSO_latest,1782918974.813108,2026-07-01T15:16:14.813108,32.0,27.0,5.0,Ljubljana - Vič,Letališče Cerklje ob Krki
1782913292.814265,2026-07-01T15:41:32,1782913243.640611,2026-07-01T15:40:43,ARSO_latest,1782920492.81183,2026-07-01T15:41:32.811830,28.0,27.0,1.0,Ljubljana - Vič,Letališče Cerklje ob Krki
1782913352.9383183,2026-07-01T15:42:32,1782913299.488315,2026-07-01T15:41:39,ARSO_latest,1782920552.935802,2026-07-01T15:42:32.935802,28.0,27.0,1.0,Ljubljana - Vič,Letališče Cerklje ob Krki
1782913413.049342,2026-07-01T15:43:33,1782913357.335519,2026-07-01T15:42:37,ARSO_latest,1782920613.046997,2026-07-01T15:43:33.046997,28.0,27.0,1.0,Ljubljana - Vič,Letališče Cerklje ob Krki
1782913473.1718612,2026-07-01T15:44:33,1782913411.544422,2026-07-01T15:43:31,ARSO_latest,1782920673.169303,2026-07-01T15:44:33.169303,28.0,27.0,1.0,Ljubljana - Vič,Letališče Cerklje ob Krki
1782913533.296702,2026-07-01T15:45:33,1782913468.543654,2026-07-01T15:44:28,ARSO_latest,1782920733.29405,2026-07-01T15:45:33.294050,28.0,27.0,1.0,Ljubljana - Vič,Letališče Cerklje ob Krki
1782913593.4124777,2026-07-01T15:46:33,1782913525.776617,2026-07-01T15:45:25,ARSO_latest,1782920793.410065,2026-07-01T15:46:33.410065,28.0,27.0,1.0,Ljubljana - Vič,Letališče Cerklje ob Krki
1782915010.0975828,2026-07-01T16:10:10,1782914959.938408,2026-07-01T16:09:19,ARSO_latest,1782922210.095306,2026-07-01T16:10:10.095306,26.0,28.0,-2.0,Ljubljana - Vič,Letališče Cerklje ob Krki
1782915070.2203557,2026-07-01T16:11:10,1782915017.428612,2026-07-01T16:10:17,ARSO_latest,1782922270.2142,2026-07-01T16:11:10.214200,26.0,28.0,-2.0,Ljubljana - Vič,Letališče Cerklje ob Krki
1782915130.3243358,2026-07-01T16:12:10,1782915074.754052,2026-07-01T16:11:14,ARSO_latest,1782922330.322251,2026-07-01T16:12:10.322251,26.0,28.0,-2.0,Ljubljana - Vič,Letališče Cerklje ob Krki
1782915190.4393897,2026-07-01T16:13:10,1782915131.975056,2026-07-01T16:12:11,ARSO_latest,1782922390.43738,2026-07-01T16:13:10.437380,26.0,28.0,-2.0,Ljubljana - Vič,Letališče Cerklje ob Krki
1782915250.5627675,2026-07-01T16:14:10,1782915189.413326,2026-07-01T16:13:09,ARSO_latest,1782922450.560123,2026-07-01T16:14:10.560123,26.0,28.0,-2.0,Ljubljana - Vič,Letališče Cerklje ob Krki
1782915310.678399,2026-07-01T16:15:10,1782915246.849084,2026-07-01T16:14:06,ARSO_latest,1782922510.676363,2026-07-01T16:15:10.676363,26.0,28.0,-2.0,Ljubljana - Vič,Letališče Cerklje ob Krki
1782915370.7907004,2026-07-01T16:16:10,1782915304.525537,2026-07-01T16:15:04,ARSO_latest,1782922570.788529,2026-07-01T16:16:10.788529,26.0,28.0,-2.0,Ljubljana - Vič,Letališče Cerklje ob Krki
1782915430.9120889,2026-07-01T16:17:10,1782915362.468461,2026-07-01T16:16:02,ARSO_latest,1782922630.910008,2026-07-01T16:17:10.910008,26.0,28.0,-2.0,Ljubljana - Vič,Letališče Cerklje ob Krki
1782916847.4552436,2026-07-01T16:40:47,1782916743.225748,2026-07-01T16:39:03,ARSO_latest,1782924047.451549,2026-07-01T16:40:47.451549,24.0,28.0,-4.0,Ljubljana - Vič,Letališče Cerklje ob Krki
1782916907.5784788,2026-07-01T16:41:47,1782916858.053312,2026-07-01T16:40:58,ARSO_latest,1782924107.575929,2026-07-01T16:41:47.575929,24.0,28.0,-4.0,Ljubljana - Vič,Letališče Cerklje ob Krki
1782916967.7081003,2026-07-01T16:42:47,1782916915.617478,2026-07-01T16:41:55,ARSO_latest,1782924167.705114,2026-07-01T16:42:47.705114,24.0,28.0,-4.0,Ljubljana - Vič,Letališče Cerklje ob Krki
1782917027.8186414,2026-07-01T16:43:47,1782916972.967055,2026-07-01T16:42:52,ARSO_latest,1782924227.81624,2026-07-01T16:43:47.816240,24.0,28.0,-4.0,Ljubljana - Vič,Letališče Cerklje ob Krki
1782917087.9601636,2026-07-01T16:44:47,1782917030.221672,2026-07-01T16:43:50,ARSO_latest,1782924287.956046,2026-07-01T16:44:47.956046,24.0,28.0,-4.0,Ljubljana - Vič,Letališče Cerklje ob Krki
1782917148.087083,2026-07-01T16:45:48,1782917087.549693,2026-07-01T16:44:47,ARSO_latest,1782924348.084489,2026-07-01T16:45:48.084489,24.0,28.0,-4.0,Ljubljana - Vič,Letališče Cerklje ob Krki
1782917208.2116067,2026-07-01T16:46:48,1782917145.132593,2026-07-01T16:45:45,ARSO_latest,1782924408.207755,2026-07-01T16:46:48.207755,24.0,28.0,-4.0,Ljubljana - Vič,Letališče Cerklje ob Krki
1782918675.0490913,2026-07-01T17:11:15,1782918583.821,2026-07-01T17:09:43,ARSO_latest,1782925875.04539,2026-07-01T17:11:15.045390,25.0,29.0,-4.0,Ljubljana - Vič,Letališče Cerklje ob Krki
1782918735.1620798,2026-07-01T17:12:15,1782918641.195689,2026-07-01T17:10:41,ARSO_latest,1782925935.159431,2026-07-01T17:12:15.159431,25.0,29.0,-4.0,Ljubljana - Vič,Letališče Cerklje ob Krki
1782918795.2725563,2026-07-01T17:13:15,1782918698.600361,2026-07-01T17:11:38,ARSO_latest,1782925995.269292,2026-07-01T17:13:15.269292,25.0,29.0,-4.0,Ljubljana - Vič,Letališče Cerklje ob Krki
1782918855.396673,2026-07-01T17:14:15,1782918756.101385,2026-07-01T17:12:36,ARSO_latest,1782926055.394227,2026-07-01T17:14:15.394227,25.0,29.0,-4.0,Ljubljana - Vič,Letališče Cerklje ob Krki
1782918915.5158103,2026-07-01T17:15:15,1782918813.462704,2026-07-01T17:13:33,ARSO_latest,1782926115.512186,2026-07-01T17:15:15.512186,25.0,29.0,-4.0,Ljubljana - Vič,Letališče Cerklje ob Krki
1782918975.633246,2026-07-01T17:16:15,1782918871.182897,2026-07-01T17:14:31,ARSO_latest,1782926175.630775,2026-07-01T17:16:15.630775,25.0,29.0,-4.0,Ljubljana - Vič,Letališče Cerklje ob Krki
1782920422.5677261,2026-07-01T17:40:22,1782920361.860461,2026-07-01T17:39:21,ARSO_latest,1782927622.565308,2026-07-01T17:40:22.565308,25.0,28.0,-3.0,Ljubljana - Vič,Letališče Cerklje ob Krki
1782920482.682786,2026-07-01T17:41:22,1782920419.337181,2026-07-01T17:40:19,ARSO_latest,1782927682.680168,2026-07-01T17:41:22.680168,25.0,28.0,-3.0,Ljubljana - Vič,Letališče Cerklje ob Krki
1782920542.8306606,2026-07-01T17:42:22,1782920476.421684,2026-07-01T17:41:16,ARSO_latest,1782927742.825496,2026-07-01T17:42:22.825496,25.0,28.0,-3.0,Ljubljana - Vič,Letališče Cerklje ob Krki
1782920602.947293,2026-07-01T17:43:22,1782920533.6647,2026-07-01T17:42:13,ARSO_latest,1782927802.944749,2026-07-01T17:43:22.944749,25.0,28.0,-3.0,Ljubljana - Vič,Letališče Cerklje ob Krki
1782920663.0737214,2026-07-01T17:44:23,1782920590.916707,2026-07-01T17:43:10,ARSO_latest,1782927863.071263,2026-07-01T17:44:23.071263,25.0,28.0,-3.0,Ljubljana - Vič,Letališče Cerklje ob Krki
1782920723.194401,2026-07-01T17:45:23,1782920647.972129,2026-07-01T17:44:07,ARSO_latest,1782927923.191996,2026-07-01T17:45:23.191996,25.0,28.0,-3.0,Ljubljana - Vič,Letališče Cerklje ob Krki
1782920783.3224022,2026-07-01T17:46:23,1782920705.262135,2026-07-01T17:45:05,ARSO_latest,1782927983.317787,2026-07-01T17:46:23.317787,25.0,28.0,-3.0,Ljubljana - Vič,Letališče Cerklje ob Krki
1782922291.1104727,2026-07-01T18:11:31,1782922197.246428,2026-07-01T18:09:57,ARSO_latest,1782929491.10659,2026-07-01T18:11:31.106590,28.0,28.0,0.0,Ljubljana - Vič,Letališče Cerklje ob Krki
1782922351.2136726,2026-07-01T18:12:31,1782922254.608639,2026-07-01T18:10:54,ARSO_latest,1782929551.211233,2026-07-01T18:12:31.211233,28.0,28.0,0.0,Ljubljana - Vič,Letališče Cerklje ob Krki
1782922411.3172793,2026-07-01T18:13:31,1782922311.626392,2026-07-01T18:11:51,ARSO_latest,1782929611.314843,2026-07-01T18:13:31.314843,28.0,28.0,0.0,Ljubljana - Vič,Letališče Cerklje ob Krki
1782922471.4239519,2026-07-01T18:14:31,1782922368.865109,2026-07-01T18:12:48,ARSO_latest,1782929671.420264,2026-07-01T18:14:31.420264,28.0,28.0,0.0,Ljubljana - Vič,Letališče Cerklje ob Krki
1782922531.55528,2026-07-01T18:15:31,1782922426.159775,2026-07-01T18:13:46,ARSO_latest,1782929731.548839,2026-07-01T18:15:31.548839,28.0,28.0,0.0,Ljubljana - Vič,Letališče Cerklje ob Krki
1782922591.705672,2026-07-01T18:16:31,1782922540.126734,2026-07-01T18:15:40,ARSO_latest,1782929791.702684,2026-07-01T18:16:31.702684,28.0,28.0,0.0,Ljubljana - Vič,Letališče Cerklje ob Krki
1782924059.308234,2026-07-01T18:40:59,1782923977.557487,2026-07-01T18:39:37,ARSO_latest,1782931259.303888,2026-07-01T18:40:59.303888,28.0,28.0,0.0,Ljubljana - Vič,Letališče Cerklje ob Krki
1782924119.4177299,2026-07-01T18:41:59,1782924035.028346,2026-07-01T18:40:35,ARSO_latest,1782931319.415163,2026-07-01T18:41:59.415163,28.0,28.0,0.0,Ljubljana - Vič,Letališče Cerklje ob Krki
1782924179.676775,2026-07-01T18:42:59,1782924092.336903,2026-07-01T18:41:32,ARSO_latest,1782931379.672928,2026-07-01T18:42:59.672928,28.0,28.0,0.0,Ljubljana - Vič,Letališče Cerklje ob Krki
1782924239.79691,2026-07-01T18:43:59,1782924149.68889,2026-07-01T18:42:29,ARSO_latest,1782931439.79442,2026-07-01T18:43:59.794420,28.0,28.0,0.0,Ljubljana - Vič,Letališče Cerklje ob Krki
1782924299.9052176,2026-07-01T18:44:59,1782924206.71741,2026-07-01T18:43:26,ARSO_latest,1782931499.902803,2026-07-01T18:44:59.902803,28.0,28.0,0.0,Ljubljana - Vič,Letališče Cerklje ob Krki
1782924360.033286,2026-07-01T18:46:00,1782924264.035361,2026-07-01T18:44:24,ARSO_latest,1782931560.030748,2026-07-01T18:46:00.030748,28.0,28.0,0.0,Ljubljana - Vič,Letališče Cerklje ob Krki
1782924420.1576092,2026-07-01T18:47:00,1782924321.273196,2026-07-01T18:45:21,ARSO_latest,1782931620.15366,2026-07-01T18:47:00.153660,28.0,28.0,0.0,Ljubljana - Vič,Letališče Cerklje ob Krki
1782925817.174033,2026-07-01T19:10:17,1782925750.404252,2026-07-01T19:09:10,ARSO_latest,1782933017.17154,2026-07-01T19:10:17.171540,28.0,27.0,1.0,Ljubljana - Vič,Letališče Cerklje ob Krki
1782925877.283455,2026-07-01T19:11:17,1782925807.323334,2026-07-01T19:10:07,ARSO_latest,1782933077.280642,2026-07-01T19:11:17.280642,28.0,27.0,1.0,Ljubljana - Vič,Letališče Cerklje ob Krki
1782925937.408281,2026-07-01T19:12:17,1782925864.440912,2026-07-01T19:11:04,ARSO_latest,1782933137.405777,2026-07-01T19:12:17.405777,28.0,27.0,1.0,Ljubljana - Vič,Letališče Cerklje ob Krki
1782925997.524135,2026-07-01T19:13:17,1782925921.224057,2026-07-01T19:12:01,ARSO_latest,1782933197.52151,2026-07-01T19:13:17.521510,28.0,27.0,1.0,Ljubljana - Vič,Letališče Cerklje ob Krki
1782926057.6533413,2026-07-01T19:14:17,1782925978.22992,2026-07-01T19:12:58,ARSO_latest,1782933257.649719,2026-07-01T19:14:17.649719,28.0,27.0,1.0,Ljubljana - Vič,Letališče Cerklje ob Krki
1782926117.7734892,2026-07-01T19:15:17,1782926035.487999,2026-07-01T19:13:55,ARSO_latest,1782933317.77075,2026-07-01T19:15:17.770750,28.0,27.0,1.0,Ljubljana - Vič,Letališče Cerklje ob Krki
1782926177.9061005,2026-07-01T19:16:17,1782926092.755988,2026-07-01T19:14:52,ARSO_latest,1782933377.903537,2026-07-01T19:16:17.903537,28.0,27.0,1.0,Ljubljana - Vič,Letališče Cerklje ob Krki
1782926238.0199382,2026-07-01T19:17:18,1782926150.425273,2026-07-01T19:15:50,ARSO_latest,1782933438.017453,2026-07-01T19:17:18.017453,28.0,27.0,1.0,Ljubljana - Vič,Letališče Cerklje ob Krki
1782927634.5213213,2026-07-01T19:40:34,1782927581.769255,2026-07-01T19:39:41,ARSO_latest,1782934834.518496,2026-07-01T19:40:34.518496,27.0,27.0,0.0,Ljubljana - Vič,Letališče Cerklje ob Krki
1782927694.6388898,2026-07-01T19:41:34,1782927638.98718,2026-07-01T19:40:38,ARSO_latest,1782934894.636149,2026-07-01T19:41:34.636149,27.0,27.0,0.0,Ljubljana - Vič,Letališče Cerklje ob Krki
1782927754.7850704,2026-07-01T19:42:34,1782927696.195924,2026-07-01T19:41:36,ARSO_latest,1782934954.780865,2026-07-01T19:42:34.780865,27.0,27.0,0.0,Ljubljana - Vič,Letališče Cerklje ob Krki
1782927814.9315488,2026-07-01T19:43:34,1782927753.675002,2026-07-01T19:42:33,ARSO_latest,1782935014.928862,2026-07-01T19:43:34.928862,27.0,27.0,0.0,Ljubljana - Vič,Letališče Cerklje ob Krki
1782927875.0491328,2026-07-01T19:44:35,1782927810.594301,2026-07-01T19:43:30,ARSO_latest,1782935075.04644,2026-07-01T19:44:35.046440,27.0,27.0,0.0,Ljubljana - Vič,Letališče Cerklje ob Krki
1782927935.1727273,2026-07-01T19:45:35,1782927867.942295,2026-07-01T19:44:27,ARSO_latest,1782935135.170223,2026-07-01T19:45:35.170223,27.0,27.0,0.0,Ljubljana - Vič,Letališče Cerklje ob Krki
1782927995.293608,2026-07-01T19:46:35,1782927925.507017,2026-07-01T19:45:25,ARSO_latest,1782935195.287396,2026-07-01T19:46:35.287396,27.0,27.0,0.0,Ljubljana - Vič,Letališče Cerklje ob Krki
1782929412.9938142,2026-07-01T20:10:12,1782929358.326152,2026-07-01T20:09:18,ARSO_latest,1782936612.991361,2026-07-01T20:10:12.991361,26.0,27.0,-1.0,Ljubljana - Vič,Letališče Cerklje ob Krki
1782929473.1371136,2026-07-01T20:11:13,1782929415.676173,2026-07-01T20:10:15,ARSO_latest,1782936673.134681,2026-07-01T20:11:13.134681,26.0,27.0,-1.0,Ljubljana - Vič,Letališče Cerklje ob Krki
1782929533.264502,2026-07-01T20:12:13,1782929472.720632,2026-07-01T20:11:12,ARSO_latest,1782936733.262076,2026-07-01T20:12:13.262076,26.0,27.0,-1.0,Ljubljana - Vič,Letališče Cerklje ob Krki
1782929593.4144952,2026-07-01T20:13:13,1782929530.002059,2026-07-01T20:12:10,ARSO_latest,1782936793.411998,2026-07-01T20:13:13.411998,26.0,27.0,-1.0,Ljubljana - Vič,Letališče Cerklje ob Krki
1782929653.5329368,2026-07-01T20:14:13,1782929587.117919,2026-07-01T20:13:07,ARSO_latest,1782936853.530481,2026-07-01T20:14:13.530481,26.0,27.0,-1.0,Ljubljana - Vič,Letališče Cerklje ob Krki
1782929713.6571968,2026-07-01T20:15:13,1782929644.164274,2026-07-01T20:14:04,ARSO_latest,1782936913.654646,2026-07-01T20:15:13.654646,26.0,27.0,-1.0,Ljubljana - Vič,Letališče Cerklje ob Krki
1782929773.7779615,2026-07-01T20:16:13,1782929701.636115,2026-07-01T20:15:01,ARSO_latest,1782936973.775535,2026-07-01T20:16:13.775535,26.0,27.0,-1.0,Ljubljana - Vič,Letališče Cerklje ob Krki
1782929833.9179902,2026-07-01T20:17:13,1782929758.487476,2026-07-01T20:15:58,ARSO_latest,1782937033.915581,2026-07-01T20:17:13.915581,26.0,27.0,-1.0,Ljubljana - Vič,Letališče Cerklje ob Krki
1782931237.8090086,2026-07-01T20:40:37,1782931133.842824,2026-07-01T20:38:53,ARSO_latest,1782938437.806506,2026-07-01T20:40:37.806506,25.0,24.0,1.0,Ljubljana - Vič,Letališče Cerklje ob Krki
1782931298.004208,2026-07-01T20:41:38,1782931247.715734,2026-07-01T20:40:47,ARSO_latest,1782938498.000529,2026-07-01T20:41:38.000529,25.0,24.0,1.0,Ljubljana - Vič,Letališče Cerklje ob Krki
1782931358.1330712,2026-07-01T20:42:38,1782931304.937757,2026-07-01T20:41:44,ARSO_latest,1782938558.127477,2026-07-01T20:42:38.127477,25.0,24.0,1.0,Ljubljana - Vič,Letališče Cerklje ob Krki
1782931418.2590144,2026-07-01T20:43:38,1782931361.963055,2026-07-01T20:42:41,ARSO_latest,1782938618.254003,2026-07-01T20:43:38.254003,25.0,24.0,1.0,Ljubljana - Vič,Letališče Cerklje ob Krki
1782931478.390492,2026-07-01T20:44:38,1782931419.551679,2026-07-01T20:43:39,ARSO_latest,1782938678.387981,2026-07-01T20:44:38.387981,25.0,24.0,1.0,Ljubljana - Vič,Letališče Cerklje ob Krki
1782931538.5034354,2026-07-01T20:45:38,1782931477.12912,2026-07-01T20:44:37,ARSO_latest,1782938738.500907,2026-07-01T20:45:38.500907,25.0,24.0,1.0,Ljubljana - Vič,Letališče Cerklje ob Krki
1782931598.6423414,2026-07-01T20:46:38,1782931534.486047,2026-07-01T20:45:34,ARSO_latest,1782938798.639452,2026-07-01T20:46:38.639452,25.0,24.0,1.0,Ljubljana - Vič,Letališče Cerklje ob Krki
1782933086.2596247,2026-07-01T21:11:26,1782933024.36437,2026-07-01T21:10:24,ARSO_latest,1782940286.257123,2026-07-01T21:11:26.257123,24.0,24.0,0.0,Ljubljana - Vič,Letališče Cerklje ob Krki
1782933146.3918924,2026-07-01T21:12:26,1782933081.161112,2026-07-01T21:11:21,ARSO_latest,1782940346.389249,2026-07-01T21:12:26.389249,24.0,24.0,0.0,Ljubljana - Vič,Letališče Cerklje ob Krki
1782933206.532042,2026-07-01T21:13:26,1782933138.307518,2026-07-01T21:12:18,ARSO_latest,1782940406.527267,2026-07-01T21:13:26.527267,24.0,24.0,0.0,Ljubljana - Vič,Letališče Cerklje ob Krki
1782933266.6561482,2026-07-01T21:14:26,1782933195.224754,2026-07-01T21:13:15,ARSO_latest,1782940466.652809,2026-07-01T21:14:26.652809,24.0,24.0,0.0,Ljubljana - Vič,Letališče Cerklje ob Krki
1782933326.7865934,2026-07-01T21:15:26,1782933252.769306,2026-07-01T21:14:12,ARSO_latest,1782940526.784078,2026-07-01T21:15:26.784078,24.0,24.0,0.0,Ljubljana - Vič,Letališče Cerklje ob Krki
1782933386.900126,2026-07-01T21:16:26,1782933309.607869,2026-07-01T21:15:09,ARSO_latest,1782940586.897747,2026-07-01T21:16:26.897747,24.0,24.0,0.0,Ljubljana - Vič,Letališče Cerklje ob Krki
1782934813.7933626,2026-07-01T21:40:13,1782934744.00669,2026-07-01T21:39:04,ARSO_latest,1782942013.790357,2026-07-01T21:40:13.790357,22.0,24.0,-2.0,Ljubljana - Vič,Letališče Cerklje ob Krki
1782934873.910931,2026-07-01T21:41:13,1782934801.321153,2026-07-01T21:40:01,ARSO_latest,1782942073.90837,2026-07-01T21:41:13.908370,22.0,24.0,-2.0,Ljubljana - Vič,Letališče Cerklje ob Krki
1782935254.0681078,2026-07-01T21:47:34,1782935203.772693,2026-07-01T21:46:43,ARSO_latest,1782942454.065523,2026-07-01T21:47:34.065523,22.0,24.0,-2.0,Ljubljana - Vič,Letališče Cerklje ob Krki
1782936618.470704,2026-07-01T22:10:18,1782936574.213946,2026-07-01T22:09:34,ARSO_latest,1782943818.467707,2026-07-01T22:10:18.467707,22.0,24.0,-2.0,Ljubljana - Vič,Letališče Cerklje ob Krki
1782936678.6023185,2026-07-01T22:11:18,1782936613.210364,2026-07-01T22:10:13,ARSO_latest,1782943878.599027,2026-07-01T22:11:18.599027,22.0,24.0,-2.0,Ljubljana - Vič,Letališče Cerklje ob Krki
1782936738.7509694,2026-07-01T22:12:18,1782936690.737148,2026-07-01T22:11:30,ARSO_latest,1782943938.74828,2026-07-01T22:12:18.748280,22.0,24.0,-2.0,Ljubljana - Vič,Letališče Cerklje ob Krki
1782936798.8652983,2026-07-01T22:13:18,1782936729.568454,2026-07-01T22:12:09,ARSO_latest,1782943998.862788,2026-07-01T22:13:18.862788,22.0,24.0,-2.0,Ljubljana - Vič,Letališče Cerklje ob Krki
1782936858.9753973,2026-07-01T22:14:18,1782936807.483923,2026-07-01T22:13:27,ARSO_latest,1782944058.972884,2026-07-01T22:14:18.972884,22.0,24.0,-2.0,Ljubljana - Vič,Letališče Cerklje ob Krki
1782936919.0934105,2026-07-01T22:15:19,1782936846.348313,2026-07-01T22:14:06,ARSO_latest,1782944119.090854,2026-07-01T22:15:19.090854,22.0,24.0,-2.0,Ljubljana - Vič,Letališče Cerklje ob Krki
1782936979.2167778,2026-07-01T22:16:19,1782936923.86688,2026-07-01T22:15:23,ARSO_latest,1782944179.213621,2026-07-01T22:16:19.213621,22.0,24.0,-2.0,Ljubljana - Vič,Letališče Cerklje ob Krki
1782937039.3335302,2026-07-01T22:17:19,1782937001.331794,2026-07-01T22:16:41,ARSO_latest,1782944239.331005,2026-07-01T22:17:19.331005,22.0,24.0,-2.0,Ljubljana - Vič,Letališče Cerklje ob Krki
1782938413.840299,2026-07-01T22:40:13,1782938356.347675,2026-07-01T22:39:16,ARSO_latest,1782945613.837512,2026-07-01T22:40:13.837512,22.0,24.0,-2.0,Ljubljana - Vič,Letališče Cerklje ob Krki
1782938473.9459229,2026-07-01T22:41:13,1782938433.67638,2026-07-01T22:40:33,ARSO_latest,1782945673.943416,2026-07-01T22:41:13.943416,22.0,24.0,-2.0,Ljubljana - Vič,Letališče Cerklje ob Krki
1782938534.0689008,2026-07-01T22:42:14,1782938472.441554,2026-07-01T22:41:12,ARSO_latest,1782945734.064884,2026-07-01T22:42:14.064884,22.0,24.0,-2.0,Ljubljana - Vič,Letališče Cerklje ob Krki
1782938594.182571,2026-07-01T22:43:14,1782938549.894968,2026-07-01T22:42:29,ARSO_latest,1782945794.179751,2026-07-01T22:43:14.179751,22.0,24.0,-2.0,Ljubljana - Vič,Letališče Cerklje ob Krki
1782938654.2870533,2026-07-01T22:44:14,1782938588.877907,2026-07-01T22:43:08,ARSO_latest,1782945854.284532,2026-07-01T22:44:14.284532,22.0,24.0,-2.0,Ljubljana - Vič,Letališče Cerklje ob Krki
1782938714.3980103,2026-07-01T22:45:14,1782938666.302474,2026-07-01T22:44:26,ARSO_latest,1782945914.395469,2026-07-01T22:45:14.395469,22.0,24.0,-2.0,Ljubljana - Vič,Letališče Cerklje ob Krki
1782938774.535813,2026-07-01T22:46:14,1782938705.206201,2026-07-01T22:45:05,ARSO_latest,1782945974.533164,2026-07-01T22:46:14.533164,22.0,24.0,-2.0,Ljubljana - Vič,Letališče Cerklje ob Krki
1782938834.6576538,2026-07-01T22:47:14,1782938784.668144,2026-07-01T22:46:24,ARSO_latest,1782946034.652787,2026-07-01T22:47:14.652787,22.0,24.0,-2.0,Ljubljana - Vič,Letališče Cerklje ob Krki
1782940229.3365648,2026-07-01T23:10:29,1782940172.354619,2026-07-01T23:09:32,ARSO_latest,1782947429.334119,2026-07-01T23:10:29.334119,21.0,23.0,-2.0,Ljubljana - Vič,Letališče Cerklje ob Krki
1782940289.4426987,2026-07-01T23:11:29,1782940226.317528,2026-07-01T23:10:26,ARSO_latest,1782947489.440274,2026-07-01T23:11:29.440274,21.0,23.0,-2.0,Ljubljana - Vič,Letališče Cerklje ob Krki
1782940349.5695622,2026-07-01T23:12:29,1782940280.143526,2026-07-01T23:11:20,ARSO_latest,1782947549.567137,2026-07-01T23:12:29.567137,21.0,23.0,-2.0,Ljubljana - Vič,Letališče Cerklje ob Krki
1782940409.7066429,2026-07-01T23:13:29,1782940334.738878,2026-07-01T23:12:14,ARSO_latest,1782947609.702239,2026-07-01T23:13:29.702239,21.0,23.0,-2.0,Ljubljana - Vič,Letališče Cerklje ob Krki
1782940469.8484201,2026-07-01T23:14:29,1782940388.498566,2026-07-01T23:13:08,ARSO_latest,1782947669.84555,2026-07-01T23:14:29.845550,21.0,23.0,-2.0,Ljubljana - Vič,Letališče Cerklje ob Krki
1782940529.973064,2026-07-01T23:15:29,1782940442.265744,2026-07-01T23:14:02,ARSO_latest,1782947729.969607,2026-07-01T23:15:29.969607,21.0,23.0,-2.0,Ljubljana - Vič,Letališče Cerklje ob Krki
1782940590.0938096,2026-07-01T23:16:30,1782940495.949601,2026-07-01T23:14:55,ARSO_latest,1782947790.091358,2026-07-01T23:16:30.091358,21.0,23.0,-2.0,Ljubljana - Vič,Letališče Cerklje ob Krki
1782942035.8795598,2026-07-01T23:40:35,1782941947.765205,2026-07-01T23:39:07,ARSO_latest,1782949235.876834,2026-07-01T23:40:35.876834,20.0,22.0,-2.0,Ljubljana - Vič,Letališče Cerklje ob Krki
1782942095.9991465,2026-07-01T23:41:35,1782942001.330244,2026-07-01T23:40:01,ARSO_latest,1782949295.996028,2026-07-01T23:41:35.996028,20.0,22.0,-2.0,Ljubljana - Vič,Letališče Cerklje ob Krki
1782942156.1153822,2026-07-01T23:42:36,1782942108.651813,2026-07-01T23:41:48,ARSO_latest,1782949356.112866,2026-07-01T23:42:36.112866,20.0,22.0,-2.0,Ljubljana - Vič,Letališče Cerklje ob Krki
1782942216.2368734,2026-07-01T23:43:36,1782942162.434797,2026-07-01T23:42:42,ARSO_latest,1782949416.234313,2026-07-01T23:43:36.234313,20.0,22.0,-2.0,Ljubljana - Vič,Letališče Cerklje ob Krki
1782942276.360075,2026-07-01T23:44:36,1782942216.573392,2026-07-01T23:43:36,ARSO_latest,1782949476.357503,2026-07-01T23:44:36.357503,20.0,22.0,-2.0,Ljubljana - Vič,Letališče Cerklje ob Krki
1782942336.5124352,2026-07-01T23:45:36,1782942270.25633,2026-07-01T23:44:30,ARSO_latest,1782949536.509769,2026-07-01T23:45:36.509769,20.0,22.0,-2.0,Ljubljana - Vič,Letališče Cerklje ob Krki
1782942396.6563933,2026-07-01T23:46:36,1782942324.343432,2026-07-01T23:45:24,ARSO_latest,1782949596.652598,2026-07-01T23:46:36.652598,20.0,22.0,-2.0,Ljubljana - Vič,Letališče Cerklje ob Krki
1782943892.882498,2026-07-02T00:11:32,1782943829.724011,2026-07-02T00:10:29,ARSO_latest,1782951092.879945,2026-07-02T00:11:32.879945,20.0,22.0,-2.0,Ljubljana - Vič,Letališče Cerklje ob Krki
1782943953.0057952,2026-07-02T00:12:33,1782943883.866449,2026-07-02T00:11:23,ARSO_latest,1782951153.003177,2026-07-02T00:12:33.003177,20.0,22.0,-2.0,Ljubljana - Vič,Letališče Cerklje ob Krki
1782944013.1866536,2026-07-02T00:13:33,1782943937.959327,2026-07-02T00:12:17,ARSO_latest,1782951213.182483,2026-07-02T00:13:33.182483,20.0,22.0,-2.0,Ljubljana - Vič,Letališče Cerklje ob Krki
1782944073.3481965,2026-07-02T00:14:33,1782943991.728528,2026-07-02T00:13:11,ARSO_latest,1782951273.344188,2026-07-02T00:14:33.344188,20.0,22.0,-2.0,Ljubljana - Vič,Letališče Cerklje ob Krki
1782944133.487998,2026-07-02T00:15:33,1782944045.511885,2026-07-02T00:14:05,ARSO_latest,1782951333.485211,2026-07-02T00:15:33.485211,20.0,22.0,-2.0,Ljubljana - Vič,Letališče Cerklje ob Krki
1782944193.6141188,2026-07-02T00:16:33,1782944099.139695,2026-07-02T00:14:59,ARSO_latest,1782951393.611013,2026-07-02T00:16:33.611013,20.0,22.0,-2.0,Ljubljana - Vič,Letališče Cerklje ob Krki
1782945609.0892398,2026-07-02T00:40:09,1782945550.384874,2026-07-02T00:39:10,ARSO_latest,1782952809.086651,2026-07-02T00:40:09.086651,20.0,21.0,-1.0,Ljubljana - Vič,Letališče Cerklje ob Krki
1782945669.2044334,2026-07-02T00:41:09,1782945604.213869,2026-07-02T00:40:04,ARSO_latest,1782952869.201623,2026-07-02T00:41:09.201623,20.0,21.0,-1.0,Ljubljana - Vič,Letališče Cerklje ob Krki
1782945729.322591,2026-07-02T00:42:09,1782945657.698839,2026-07-02T00:40:57,ARSO_latest,1782952929.320136,2026-07-02T00:42:09.320136,20.0,21.0,-1.0,Ljubljana - Vič,Letališče Cerklje ob Krki
1782945789.4783525,2026-07-02T00:43:09,1782945711.405076,2026-07-02T00:41:51,ARSO_latest,1782952989.470069,2026-07-02T00:43:09.470069,20.0,21.0,-1.0,Ljubljana - Vič,Letališče Cerklje ob Krki
1782945849.604592,2026-07-02T00:44:09,1782945764.901611,2026-07-02T00:42:44,ARSO_latest,1782953049.601272,2026-07-02T00:44:09.601272,20.0,21.0,-1.0,Ljubljana - Vič,Letališče Cerklje ob Krki
1782945909.7362103,2026-07-02T00:45:09,1782945818.484595,2026-07-02T00:43:38,ARSO_latest,1782953109.732316,2026-07-02T00:45:09.732316,20.0,21.0,-1.0,Ljubljana - Vič,Letališče Cerklje ob Krki
1782945969.874092,2026-07-02T00:46:09,1782945872.380707,2026-07-02T00:44:32,ARSO_latest,1782953169.87153,2026-07-02T00:46:09.871530,20.0,21.0,-1.0,Ljubljana - Vič,Letališče Cerklje ob Krki
1782946029.9952886,2026-07-02T00:47:09,1782945980.010799,2026-07-02T00:46:20,ARSO_latest,1782953229.992855,2026-07-02T00:47:09.992855,20.0,21.0,-1.0,Ljubljana - Vič,Letališče Cerklje ob Krki
1782947495.610475,2026-07-02T01:11:35,1782947430.007388,2026-07-02T01:10:30,ARSO_latest,1782954695.608028,2026-07-02T01:11:35.608028,20.0,20.0,0.0,Ljubljana - Vič,Letališče Cerklje ob Krki
1782947555.733361,2026-07-02T01:12:35,1782947483.970983,2026-07-02T01:11:23,ARSO_latest,1782954755.730859,2026-07-02T01:12:35.730859,20.0,20.0,0.0,Ljubljana - Vič,Letališče Cerklje ob Krki
1782947615.8798532,2026-07-02T01:13:35,1782947537.607443,2026-07-02T01:12:17,ARSO_latest,1782954815.875842,2026-07-02T01:13:35.875842,20.0,20.0,0.0,Ljubljana - Vič,Letališče Cerklje ob Krki
1782947676.0114741,2026-07-02T01:14:36,1782947591.62627,2026-07-02T01:13:11,ARSO_latest,1782954876.007579,2026-07-02T01:14:36.007579,20.0,20.0,0.0,Ljubljana - Vič,Letališče Cerklje ob Krki
1782947736.1521845,2026-07-02T01:15:36,1782947645.411631,2026-07-02T01:14:05,ARSO_latest,1782954936.148153,2026-07-02T01:15:36.148153,20.0,20.0,0.0,Ljubljana - Vič,Letališče Cerklje ob Krki
1782947796.2878072,2026-07-02T01:16:36,1782947699.089754,2026-07-02T01:14:59,ARSO_latest,1782954996.284062,2026-07-02T01:16:36.284062,20.0,20.0,0.0,Ljubljana - Vič,Letališče Cerklje ob Krki
1782949221.5023756,2026-07-02T01:40:21,1782949149.32755,2026-07-02T01:39:09,ARSO_latest,1782956421.499826,2026-07-02T01:40:21.499826,19.0,19.0,0.0,Ljubljana - Vič,Letališče Cerklje ob Krki
1782949281.6282072,2026-07-02T01:41:21,1782949202.877586,2026-07-02T01:40:02,ARSO_latest,1782956481.625691,2026-07-02T01:41:21.625691,19.0,19.0,0.0,Ljubljana - Vič,Letališče Cerklje ob Krki
1782949341.7430737,2026-07-02T01:42:21,1782949256.470688,2026-07-02T01:40:56,ARSO_latest,1782956541.740368,2026-07-02T01:42:21.740368,19.0,19.0,0.0,Ljubljana - Vič,Letališče Cerklje ob Krki
1782949401.8777006,2026-07-02T01:43:21,1782949310.312364,2026-07-02T01:41:50,ARSO_latest,1782956601.875112,2026-07-02T01:43:21.875112,19.0,19.0,0.0,Ljubljana - Vič,Letališče Cerklje ob Krki
1782949462.0057127,2026-07-02T01:44:22,1782949364.024414,2026-07-02T01:42:44,ARSO_latest,1782956662.002369,2026-07-02T01:44:22.002369,19.0,19.0,0.0,Ljubljana - Vič,Letališče Cerklje ob Krki
1782949522.1336882,2026-07-02T01:45:22,1782949471.236137,2026-07-02T01:44:31,ARSO_latest,1782956722.131205,2026-07-02T01:45:22.131205,19.0,19.0,0.0,Ljubljana - Vič,Letališče Cerklje ob Krki
1782949582.2616198,2026-07-02T01:46:22,1782949525.182622,2026-07-02T01:45:25,ARSO_latest,1782956782.25834,2026-07-02T01:46:22.258340,19.0,19.0,0.0,Ljubljana - Vič,Letališče Cerklje ob Krki
1782951078.7542517,2026-07-02T02:11:18,1782951029.295351,2026-07-02T02:10:29,ARSO_latest,1782958278.751207,2026-07-02T02:11:18.751207,19.0,19.0,0.0,Ljubljana - Vič,Letališče Cerklje ob Krki
1782951138.883719,2026-07-02T02:12:18,1782951083.965628,2026-07-02T02:11:23,ARSO_latest,1782958338.881197,2026-07-02T02:12:18.881197,19.0,19.0,0.0,Ljubljana - Vič,Letališče Cerklje ob Krki
1782951199.0041986,2026-07-02T02:13:19,1782951137.640289,2026-07-02T02:12:17,ARSO_latest,1782958399.001652,2026-07-02T02:13:19.001652,19.0,19.0,0.0,Ljubljana - Vič,Letališče Cerklje ob Krki
1782951259.1252136,2026-07-02T02:14:19,1782951191.465222,2026-07-02T02:13:11,ARSO_latest,1782958459.122734,2026-07-02T02:14:19.122734,19.0,19.0,0.0,Ljubljana - Vič,Letališče Cerklje ob Krki
1782951319.242445,2026-07-02T02:15:19,1782951245.355432,2026-07-02T02:14:05,ARSO_latest,1782958519.239792,2026-07-02T02:15:19.239792,19.0,19.0,0.0,Ljubljana - Vič,Letališče Cerklje ob Krki
1782951379.3875432,2026-07-02T02:16:19,1782951298.833807,2026-07-02T02:14:58,ARSO_latest,1782958579.384863,2026-07-02T02:16:19.384863,19.0,19.0,0.0,Ljubljana - Vič,Letališče Cerklje ob Krki
1782952794.6214285,2026-07-02T02:39:54,1782952747.95158,2026-07-02T02:39:07,ARSO_latest,1782959994.618873,2026-07-02T02:39:54.618873,19.0,19.0,0.0,Ljubljana - Vič,Letališče Cerklje ob Krki
1782952854.7474117,2026-07-02T02:40:54,1782952801.716079,2026-07-02T02:40:01,ARSO_latest,1782960054.744825,2026-07-02T02:40:54.744825,19.0,19.0,0.0,Ljubljana - Vič,Letališče Cerklje ob Krki
1782952914.8704007,2026-07-02T02:41:54,1782952855.373956,2026-07-02T02:40:55,ARSO_latest,1782960114.867863,2026-07-02T02:41:54.867863,19.0,19.0,0.0,Ljubljana - Vič,Letališče Cerklje ob Krki
1782952974.9903426,2026-07-02T02:42:54,1782952908.80571,2026-07-02T02:41:48,ARSO_latest,1782960174.987829,2026-07-02T02:42:54.987829,19.0,19.0,0.0,Ljubljana - Vič,Letališče Cerklje ob Krki
1782953035.1060863,2026-07-02T02:43:55,1782952962.415835,2026-07-02T02:42:42,ARSO_latest,1782960235.103135,2026-07-02T02:43:55.103135,19.0,19.0,0.0,Ljubljana - Vič,Letališče Cerklje ob Krki
1782953095.2237144,2026-07-02T02:44:55,1782953016.108168,2026-07-02T02:43:36,ARSO_latest,1782960295.221132,2026-07-02T02:44:55.221132,19.0,19.0,0.0,Ljubljana - Vič,Letališče Cerklje ob Krki
1782953155.339635,2026-07-02T02:45:55,1782953069.901788,2026-07-02T02:44:29,ARSO_latest,1782960355.337107,2026-07-02T02:45:55.337107,19.0,19.0,0.0,Ljubljana - Vič,Letališče Cerklje ob Krki
1782953215.462023,2026-07-02T02:46:55,1782953123.642412,2026-07-02T02:45:23,ARSO_latest,1782960415.45935,2026-07-02T02:46:55.459350,19.0,19.0,0.0,Ljubljana - Vič,Letališče Cerklje ob Krki
1782954691.8179255,2026-07-02T03:11:31,1782954625.710171,2026-07-02T03:10:25,ARSO_latest,1782961891.815093,2026-07-02T03:11:31.815093,19.0,19.0,0.0,Ljubljana - Vič,Letališče Cerklje ob Krki
1782954751.9357467,2026-07-02T03:12:31,1782954679.393697,2026-07-02T03:11:19,ARSO_latest,1782961951.932568,2026-07-02T03:12:31.932568,19.0,19.0,0.0,Ljubljana - Vič,Letališče Cerklje ob Krki
1782954812.0544434,2026-07-02T03:13:32,1782954733.029091,2026-07-02T03:12:13,ARSO_latest,1782962012.051802,2026-07-02T03:13:32.051802,19.0,19.0,0.0,Ljubljana - Vič,Letališče Cerklje ob Krki
1782954872.1743805,2026-07-02T03:14:32,1782954786.563404,2026-07-02T03:13:06,ARSO_latest,1782962072.170274,2026-07-02T03:14:32.170274,19.0,19.0,0.0,Ljubljana - Vič,Letališče Cerklje ob Krki
1782954932.2947822,2026-07-02T03:15:32,1782954840.182791,2026-07-02T03:14:00,ARSO_latest,1782962132.291629,2026-07-02T03:15:32.291629,19.0,19.0,0.0,Ljubljana - Vič,Letališče Cerklje ob Krki
1782954992.4324586,2026-07-02T03:16:32,1782954893.668972,2026-07-02T03:14:53,ARSO_latest,1782962192.429012,2026-07-02T03:16:32.429012,19.0,19.0,0.0,Ljubljana - Vič,Letališče Cerklje ob Krki
1782956398.4132376,2026-07-02T03:39:58,1782956342.187278,2026-07-02T03:39:02,ARSO_latest,1782963598.410486,2026-07-02T03:39:58.410486,18.0,19.0,-1.0,Ljubljana - Vič,Letališče Cerklje ob Krki
1782956458.5434847,2026-07-02T03:40:58,1782956395.42454,2026-07-02T03:39:55,ARSO_latest,1782963658.540158,2026-07-02T03:40:58.540158,18.0,19.0,-1.0,Ljubljana - Vič,Letališče Cerklje ob Krki
1782956518.6682503,2026-07-02T03:41:58,1782956449.090372,2026-07-02T03:40:49,ARSO_latest,1782963718.665533,2026-07-02T03:41:58.665533,18.0,19.0,-1.0,Ljubljana - Vič,Letališče Cerklje ob Krki
1782956578.8118277,2026-07-02T03:42:58,1782956502.997537,2026-07-02T03:41:42,ARSO_latest,1782963778.806702,2026-07-02T03:42:58.806702,18.0,19.0,-1.0,Ljubljana - Vič,Letališče Cerklje ob Krki
1782956638.942704,2026-07-02T03:43:58,1782956556.53213,2026-07-02T03:42:36,ARSO_latest,1782963838.939906,2026-07-02T03:43:58.939906,18.0,19.0,-1.0,Ljubljana - Vič,Letališče Cerklje ob Krki
1782956699.0953403,2026-07-02T03:44:59,1782956610.322001,2026-07-02T03:43:30,ARSO_latest,1782963899.091314,2026-07-02T03:44:59.091314,18.0,19.0,-1.0,Ljubljana - Vič,Letališče Cerklje ob Krki
1782956759.2243705,2026-07-02T03:45:59,1782956664.08341,2026-07-02T03:44:24,ARSO_latest,1782963959.220389,2026-07-02T03:45:59.220389,18.0,19.0,-1.0,Ljubljana - Vič,Letališče Cerklje ob Krki
1782956819.3425422,2026-07-02T03:46:59,1782956771.477828,2026-07-02T03:46:11,ARSO_latest,1782964019.339477,2026-07-02T03:46:59.339477,18.0,19.0,-1.0,Ljubljana - Vič,Letališče Cerklje ob Krki
1782958305.4252045,2026-07-02T04:11:45,1782958218.487438,2026-07-02T04:10:18,ARSO_latest,1782965505.422768,2026-07-02T04:11:45.422768,18.0,18.0,0.0,Ljubljana - Vič,Letališče Cerklje ob Krki
1782958365.5630436,2026-07-02T04:12:45,1782958272.056139,2026-07-02T04:11:12,ARSO_latest,1782965565.560641,2026-07-02T04:12:45.560641,18.0,18.0,0.0,Ljubljana - Vič,Letališče Cerklje ob Krki
1782958425.6778445,2026-07-02T04:13:45,1782958379.187632,2026-07-02T04:12:59,ARSO_latest,1782965625.675218,2026-07-02T04:13:45.675218,18.0,18.0,0.0,Ljubljana - Vič,Letališče Cerklje ob Krki
1782958485.8050375,2026-07-02T04:14:45,1782958432.866698,2026-07-02T04:13:52,ARSO_latest,1782965685.802235,2026-07-02T04:14:45.802235,18.0,18.0,0.0,Ljubljana - Vič,Letališče Cerklje ob Krki
1782958545.9153652,2026-07-02T04:15:45,1782958486.287584,2026-07-02T04:14:46,ARSO_latest,1782965745.912955,2026-07-02T04:15:45.912955,18.0,18.0,0.0,Ljubljana - Vič,Letališče Cerklje ob Krki
1782958606.0433948,2026-07-02T04:16:46,1782958539.642958,2026-07-02T04:15:39,ARSO_latest,1782965806.040964,2026-07-02T04:16:46.040964,18.0,18.0,0.0,Ljubljana - Vič,Letališče Cerklje ob Krki
1782960021.5669785,2026-07-02T04:40:21,1782959934.16408,2026-07-02T04:38:54,ARSO_latest,1782967221.564381,2026-07-02T04:40:21.564381,18.0,18.0,0.0,Ljubljana - Vič,Letališče Cerklje ob Krki
1782960081.6903598,2026-07-02T04:41:21,1782959987.669574,2026-07-02T04:39:47,ARSO_latest,1782967281.687815,2026-07-02T04:41:21.687815,18.0,18.0,0.0,Ljubljana - Vič,Letališče Cerklje ob Krki
1782960141.8172035,2026-07-02T04:42:21,1782960094.484416,2026-07-02T04:41:34,ARSO_latest,1782967341.813803,2026-07-02T04:42:21.813803,18.0,18.0,0.0,Ljubljana - Vič,Letališče Cerklje ob Krki
1782960201.9513543,2026-07-02T04:43:21,1782960148.125272,2026-07-02T04:42:28,ARSO_latest,1782967401.948782,2026-07-02T04:43:21.948782,18.0,18.0,0.0,Ljubljana - Vič,Letališče Cerklje ob Krki
1782960262.0816958,2026-07-02T04:44:22,1782960201.946003,2026-07-02T04:43:21,ARSO_latest,1782967462.079163,2026-07-02T04:44:22.079163,18.0,18.0,0.0,Ljubljana - Vič,Letališče Cerklje ob Krki
1782960322.2107806,2026-07-02T04:45:22,1782960256.31693,2026-07-02T04:44:16,ARSO_latest,1782967522.208122,2026-07-02T04:45:22.208122,18.0,18.0,0.0,Ljubljana - Vič,Letališče Cerklje ob Krki
1782960382.3384616,2026-07-02T04:46:22,1782960310.120055,2026-07-02T04:45:10,ARSO_latest,1782967582.334638,2026-07-02T04:46:22.334638,18.0,18.0,0.0,Ljubljana - Vič,Letališče Cerklje ob Krki
1782960442.4844117,2026-07-02T04:47:22,1782960363.600719,2026-07-02T04:46:03,ARSO_latest,1782967642.481702,2026-07-02T04:47:22.481702,18.0,18.0,0.0,Ljubljana - Vič,Letališče Cerklje ob Krki
1782961868.2811043,2026-07-02T05:11:08,1782961815.643563,2026-07-02T05:10:15,ARSO_latest,1782969068.278356,2026-07-02T05:11:08.278356,18.0,18.0,0.0,Ljubljana - Vič,Letališče Cerklje ob Krki
1782961928.3993194,2026-07-02T05:12:08,1782961869.474896,2026-07-02T05:11:09,ARSO_latest,1782969128.39683,2026-07-02T05:12:08.396830,18.0,18.0,0.0,Ljubljana - Vič,Letališče Cerklje ob Krki
1782961988.529103,2026-07-02T05:13:08,1782961923.123794,2026-07-02T05:12:03,ARSO_latest,1782969188.526434,2026-07-02T05:13:08.526434,18.0,18.0,0.0,Ljubljana - Vič,Letališče Cerklje ob Krki
1782962048.6816578,2026-07-02T05:14:08,1782961976.648689,2026-07-02T05:12:56,ARSO_latest,1782969248.679206,2026-07-02T05:14:08.679206,18.0,18.0,0.0,Ljubljana - Vič,Letališče Cerklje ob Krki
1782962108.833707,2026-07-02T05:15:08,1782962030.145707,2026-07-02T05:13:50,ARSO_latest,1782969308.831123,2026-07-02T05:15:08.831123,18.0,18.0,0.0,Ljubljana - Vič,Letališče Cerklje ob Krki
1782962168.9597678,2026-07-02T05:16:08,1782962083.918703,2026-07-02T05:14:43,ARSO_latest,1782969368.956991,2026-07-02T05:16:08.956991,18.0,18.0,0.0,Ljubljana - Vič,Letališče Cerklje ob Krki
1782963635.118614,2026-07-02T05:40:35,1782963586.380558,2026-07-02T05:39:46,ARSO_latest,1782970835.116231,2026-07-02T05:40:35.116231,18.0,18.0,0.0,Ljubljana - Vič,Letališče Cerklje ob Krki
1782963695.2514505,2026-07-02T05:41:35,1782963640.016089,2026-07-02T05:40:40,ARSO_latest,1782970895.249045,2026-07-02T05:41:35.249045,18.0,18.0,0.0,Ljubljana - Vič,Letališče Cerklje ob Krki
1782963755.374496,2026-07-02T05:42:35,1782963693.71926,2026-07-02T05:41:33,ARSO_latest,1782970955.372042,2026-07-02T05:42:35.372042,18.0,18.0,0.0,Ljubljana - Vič,Letališče Cerklje ob Krki
1782963815.4915078,2026-07-02T05:43:35,1782963747.362324,2026-07-02T05:42:27,ARSO_latest,1782971015.489156,2026-07-02T05:43:35.489156,18.0,18.0,0.0,Ljubljana - Vič,Letališče Cerklje ob Krki
1782963875.6220958,2026-07-02T05:44:35,1782963801.05338,2026-07-02T05:43:21,ARSO_latest,1782971075.619704,2026-07-02T05:44:35.619704,18.0,18.0,0.0,Ljubljana - Vič,Letališče Cerklje ob Krki
1782963935.743847,2026-07-02T05:45:35,1782963855.153011,2026-07-02T05:44:15,ARSO_latest,1782971135.740855,2026-07-02T05:45:35.740855,18.0,18.0,0.0,Ljubljana - Vič,Letališče Cerklje ob Krki
1782963995.8633802,2026-07-02T05:46:35,1782963908.895771,2026-07-02T05:45:08,ARSO_latest,1782971195.86097,2026-07-02T05:46:35.860970,18.0,18.0,0.0,Ljubljana - Vič,Letališče Cerklje ob Krki
1782965492.4137237,2026-07-02T06:11:32,1782965409.446186,2026-07-02T06:10:09,ARSO_latest,1782972692.411072,2026-07-02T06:11:32.411072,18.0,19.0,-1.0,Ljubljana - Vič,Letališče Cerklje ob Krki
1782965552.536889,2026-07-02T06:12:32,1782965463.024307,2026-07-02T06:11:03,ARSO_latest,1782972752.534205,2026-07-02T06:12:32.534205,18.0,19.0,-1.0,Ljubljana - Vič,Letališče Cerklje ob Krki
1782965612.676765,2026-07-02T06:13:32,1782965516.320328,2026-07-02T06:11:56,ARSO_latest,1782972812.673844,2026-07-02T06:13:32.673844,18.0,19.0,-1.0,Ljubljana - Vič,Letališče Cerklje ob Krki
1782965672.8052123,2026-07-02T06:14:32,1782965623.632001,2026-07-02T06:13:43,ARSO_latest,1782972872.802362,2026-07-02T06:14:32.802362,18.0,19.0,-1.0,Ljubljana - Vič,Letališče Cerklje ob Krki
1782965732.9361994,2026-07-02T06:15:32,1782965677.205267,2026-07-02T06:14:37,ARSO_latest,1782972932.933677,2026-07-02T06:15:32.933677,18.0,19.0,-1.0,Ljubljana - Vič,Letališče Cerklje ob Krki
1782965793.0680547,2026-07-02T06:16:33,1782965730.811091,2026-07-02T06:15:30,ARSO_latest,1782972993.065542,2026-07-02T06:16:33.065542,18.0,19.0,-1.0,Ljubljana - Vič,Letališče Cerklje ob Krki
1782967218.8348393,2026-07-02T06:40:18,1782967124.65995,2026-07-02T06:38:44,ARSO_latest,1782974418.831229,2026-07-02T06:40:18.831229,18.0,19.0,-1.0,Ljubljana - Vič,Letališče Cerklje ob Krki
1782967278.957944,2026-07-02T06:41:18,1782967231.6545,2026-07-02T06:40:31,ARSO_latest,1782974478.955426,2026-07-02T06:41:18.955426,18.0,19.0,-1.0,Ljubljana - Vič,Letališče Cerklje ob Krki
1782967339.0803955,2026-07-02T06:42:19,1782967285.566637,2026-07-02T06:41:25,ARSO_latest,1782974539.077909,2026-07-02T06:42:19.077909,18.0,19.0,-1.0,Ljubljana - Vič,Letališče Cerklje ob Krki
1782967399.2356255,2026-07-02T06:43:19,1782967339.199097,2026-07-02T06:42:19,ARSO_latest,1782974599.233141,2026-07-02T06:43:19.233141,18.0,19.0,-1.0,Ljubljana - Vič,Letališče Cerklje ob Krki
1782967459.391876,2026-07-02T06:44:19,1782967392.813884,2026-07-02T06:43:12,ARSO_latest,1782974659.388074,2026-07-02T06:44:19.388074,18.0,19.0,-1.0,Ljubljana - Vič,Letališče Cerklje ob Krki
1782967519.5135796,2026-07-02T06:45:19,1782967446.199075,2026-07-02T06:44:06,ARSO_latest,1782974719.510776,2026-07-02T06:45:19.510776,18.0,19.0,-1.0,Ljubljana - Vič,Letališče Cerklje ob Krki
1782967579.6656716,2026-07-02T06:46:19,1782967499.538261,2026-07-02T06:44:59,ARSO_latest,1782974779.662131,2026-07-02T06:46:19.662131,18.0,19.0,-1.0,Ljubljana - Vič,Letališče Cerklje ob Krki
1782967639.8125095,2026-07-02T06:47:19,1782967552.976172,2026-07-02T06:45:52,ARSO_latest,1782974839.809912,2026-07-02T06:47:19.809912,18.0,19.0,-1.0,Ljubljana - Vič,Letališče Cerklje ob Krki
1782969075.801888,2026-07-02T07:11:15,1782969001.004645,2026-07-02T07:10:01,ARSO_latest,1782976275.797786,2026-07-02T07:11:15.797786,18.0,20.0,-2.0,Ljubljana - Vič,Letališče Cerklje ob Krki
1782969135.9377348,2026-07-02T07:12:15,1782969054.495069,2026-07-02T07:10:54,ARSO_latest,1782976335.934927,2026-07-02T07:12:15.934927,18.0,20.0,-2.0,Ljubljana - Vič,Letališče Cerklje ob Krki
1782969196.0662282,2026-07-02T07:13:16,1782969107.798913,2026-07-02T07:11:47,ARSO_latest,1782976396.0637,2026-07-02T07:13:16.063700,18.0,20.0,-2.0,Ljubljana - Vič,Letališče Cerklje ob Krki
1782969256.1972616,2026-07-02T07:14:16,1782969161.207813,2026-07-02T07:12:41,ARSO_latest,1782976456.194606,2026-07-02T07:14:16.194606,18.0,20.0,-2.0,Ljubljana - Vič,Letališče Cerklje ob Krki
1782969316.3336895,2026-07-02T07:15:16,1782969268.147922,2026-07-02T07:14:28,ARSO_latest,1782976516.329277,2026-07-02T07:15:16.329277,18.0,20.0,-2.0,Ljubljana - Vič,Letališče Cerklje ob Krki
1782969376.4570773,2026-07-02T07:16:16,1782969322.260346,2026-07-02T07:15:22,ARSO_latest,1782976576.45212,2026-07-02T07:16:16.452120,18.0,20.0,-2.0,Ljubljana - Vič,Letališče Cerklje ob Krki
1782970842.8856187,2026-07-02T07:40:42,1782970771.656849,2026-07-02T07:39:31,ARSO_latest,1782978042.883128,2026-07-02T07:40:42.883128,19.0,20.0,-1.0,Ljubljana - Vič,Letališče Cerklje ob Krki
1782970903.0326965,2026-07-02T07:41:43,1782970825.618891,2026-07-02T07:40:25,ARSO_latest,1782978103.028645,2026-07-02T07:41:43.028645,19.0,20.0,-1.0,Ljubljana - Vič,Letališče Cerklje ob Krki
1782970963.164021,2026-07-02T07:42:43,1782970879.222437,2026-07-02T07:41:19,ARSO_latest,1782978163.160016,2026-07-02T07:42:43.160016,19.0,20.0,-1.0,Ljubljana - Vič,Letališče Cerklje ob Krki
1782971023.3100204,2026-07-02T07:43:43,1782970932.974387,2026-07-02T07:42:12,ARSO_latest,1782978223.3075,2026-07-02T07:43:43.307500,19.0,20.0,-1.0,Ljubljana - Vič,Letališče Cerklje ob Krki
1782971083.4399056,2026-07-02T07:44:43,1782970986.707735,2026-07-02T07:43:06,ARSO_latest,1782978283.436815,2026-07-02T07:44:43.436815,19.0,20.0,-1.0,Ljubljana - Vič,Letališče Cerklje ob Krki
1782971143.5753844,2026-07-02T07:45:43,1782971094.109888,2026-07-02T07:44:54,ARSO_latest,1782978343.572684,2026-07-02T07:45:43.572684,19.0,20.0,-1.0,Ljubljana - Vič,Letališče Cerklje ob Krki
1782971203.6964512,2026-07-02T07:46:43,1782971147.719905,2026-07-02T07:45:47,ARSO_latest,1782978403.693729,2026-07-02T07:46:43.693729,19.0,20.0,-1.0,Ljubljana - Vič,Letališče Cerklje ob Krki
1782972690.1046345,2026-07-02T08:11:30,1782972600.064733,2026-07-02T08:10:00,ARSO_latest,1782979890.1016,2026-07-02T08:11:30.101600,20.0,20.0,0.0,Ljubljana - Vič,Letališče Cerklje ob Krki
1782972750.2376137,2026-07-02T08:12:30,1782972653.503924,2026-07-02T08:10:53,ARSO_latest,1782979950.23503,2026-07-02T08:12:30.235030,20.0,20.0,0.0,Ljubljana - Vič,Letališče Cerklje ob Krki
1782972810.3614993,2026-07-02T08:13:30,1782972761.095456,2026-07-02T08:12:41,ARSO_latest,1782980010.358996,2026-07-02T08:13:30.358996,20.0,20.0,0.0,Ljubljana - Vič,Letališče Cerklje ob Krki
1782972870.4905634,2026-07-02T08:14:30,1782972814.748291,2026-07-02T08:13:34,ARSO_latest,1782980070.488009,2026-07-02T08:14:30.488009,20.0,20.0,0.0,Ljubljana - Vič,Letališče Cerklje ob Krki
1782972930.6131139,2026-07-02T08:15:30,1782972868.584374,2026-07-02T08:14:28,ARSO_latest,1782980130.610565,2026-07-02T08:15:30.610565,20.0,20.0,0.0,Ljubljana - Vič,Letališče Cerklje ob Krki
1782972990.7282536,2026-07-02T08:16:30,1782972922.741552,2026-07-02T08:15:22,ARSO_latest,1782980190.725729,2026-07-02T08:16:30.725729,20.0,20.0,0.0,Ljubljana - Vič,Letališče Cerklje ob Krki
1782974426.727307,2026-07-02T08:40:26,1782974371.885349,2026-07-02T08:39:31,ARSO_latest,1782981626.724577,2026-07-02T08:40:26.724577,20.0,21.0,-1.0,Ljubljana - Vič,Letališče Cerklje ob Krki
1782974486.8486507,2026-07-02T08:41:26,1782974425.972825,2026-07-02T08:40:25,ARSO_latest,1782981686.846111,2026-07-02T08:41:26.846111,20.0,21.0,-1.0,Ljubljana - Vič,Letališče Cerklje ob Krki
1782974546.964669,2026-07-02T08:42:26,1782974479.726227,2026-07-02T08:41:19,ARSO_latest,1782981746.962186,2026-07-02T08:42:26.962186,20.0,21.0,-1.0,Ljubljana - Vič,Letališče Cerklje ob Krki
1782974607.084311,2026-07-02T08:43:27,1782974533.462889,2026-07-02T08:42:13,ARSO_latest,1782981807.081799,2026-07-02T08:43:27.081799,20.0,21.0,-1.0,Ljubljana - Vič,Letališče Cerklje ob Krki
1782974667.2341619,2026-07-02T08:44:27,1782974586.917792,2026-07-02T08:43:06,ARSO_latest,1782981867.230901,2026-07-02T08:44:27.230901,20.0,21.0,-1.0,Ljubljana - Vič,Letališče Cerklje ob Krki
1782974727.3866553,2026-07-02T08:45:27,1782974640.23458,2026-07-02T08:44:00,ARSO_latest,1782981927.382785,2026-07-02T08:45:27.382785,20.0,21.0,-1.0,Ljubljana - Vič,Letališče Cerklje ob Krki
1782974787.5046384,2026-07-02T08:46:27,1782974693.979108,2026-07-02T08:44:53,ARSO_latest,1782981987.500576,2026-07-02T08:46:27.500576,20.0,21.0,-1.0,Ljubljana - Vič,Letališče Cerklje ob Krki
1782976203.3539672,2026-07-02T09:10:03,1782976145.148294,2026-07-02T09:09:05,ARSO_latest,1782983403.351445,2026-07-02T09:10:03.351445,21.0,22.0,-1.0,Ljubljana - Vič,Letališče Cerklje ob Krki
1782976263.4784613,2026-07-02T09:11:03,1782976198.901374,2026-07-02T09:09:58,ARSO_latest,1782983463.476089,2026-07-02T09:11:03.476089,21.0,22.0,-1.0,Ljubljana - Vič,Letališče Cerklje ob Krki
1782976323.593941,2026-07-02T09:12:03,1782976252.545055,2026-07-02T09:10:52,ARSO_latest,1782983523.591464,2026-07-02T09:12:03.591464,21.0,22.0,-1.0,Ljubljana - Vič,Letališče Cerklje ob Krki
1782976383.7347715,2026-07-02T09:13:03,1782976306.246153,2026-07-02T09:11:46,ARSO_latest,1782983583.731173,2026-07-02T09:13:03.731173,21.0,22.0,-1.0,Ljubljana - Vič,Letališče Cerklje ob Krki
1782976443.8938403,2026-07-02T09:14:03,1782976359.809267,2026-07-02T09:12:39,ARSO_latest,1782983643.890195,2026-07-02T09:14:03.890195,21.0,22.0,-1.0,Ljubljana - Vič,Letališče Cerklje ob Krki
1782976504.0195024,2026-07-02T09:15:04,1782976413.663549,2026-07-02T09:13:33,ARSO_latest,1782983704.017037,2026-07-02T09:15:04.017037,21.0,22.0,-1.0,Ljubljana - Vič,Letališče Cerklje ob Krki
1782976564.1419642,2026-07-02T09:16:04,1782976467.675033,2026-07-02T09:14:27,ARSO_latest,1782983764.139545,2026-07-02T09:16:04.139545,21.0,22.0,-1.0,Ljubljana - Vič,Letališče Cerklje ob Krki
1782976624.2694798,2026-07-02T09:17:04,1782976575.287585,2026-07-02T09:16:15,ARSO_latest,1782983824.267071,2026-07-02T09:17:04.267071,21.0,22.0,-1.0,Ljubljana - Vič,Letališče Cerklje ob Krki
1782978019.768106,2026-07-02T09:40:19,1782977921.058092,2026-07-02T09:38:41,ARSO_latest,1782985219.765516,2026-07-02T09:40:19.765516,22.0,23.0,-1.0,Ljubljana - Vič,Letališče Cerklje ob Krki
1782978079.8994634,2026-07-02T09:41:19,1782977977.280091,2026-07-02T09:39:37,ARSO_latest,1782985279.896938,2026-07-02T09:41:19.896938,22.0,23.0,-1.0,Ljubljana - Vič,Letališče Cerklje ob Krki
1782978140.040656,2026-07-02T09:42:20,1782978090.137449,2026-07-02T09:41:30,ARSO_latest,1782985340.038036,2026-07-02T09:42:20.038036,22.0,23.0,-1.0,Ljubljana - Vič,Letališče Cerklje ob Krki
1782978200.149929,2026-07-02T09:43:20,1782978147.618335,2026-07-02T09:42:27,ARSO_latest,1782985400.147131,2026-07-02T09:43:20.147131,22.0,23.0,-1.0,Ljubljana - Vič,Letališče Cerklje ob Krki
1782978260.2641795,2026-07-02T09:44:20,1782978201.662605,2026-07-02T09:43:21,ARSO_latest,1782985460.261687,2026-07-02T09:44:20.261687,22.0,23.0,-1.0,Ljubljana - Vič,Letališče Cerklje ob Krki
1782978320.3969429,2026-07-02T09:45:20,1782978255.609257,2026-07-02T09:44:15,ARSO_latest,1782985520.394036,2026-07-02T09:45:20.394036,22.0,23.0,-1.0,Ljubljana - Vič,Letališče Cerklje ob Krki
1782978380.5099087,2026-07-02T09:46:20,1782978309.449688,2026-07-02T09:45:09,ARSO_latest,1782985580.506977,2026-07-02T09:46:20.506977,22.0,23.0,-1.0,Ljubljana - Vič,Letališče Cerklje ob Krki
1782979897.491532,2026-07-02T10:11:37,1782979815.650916,2026-07-02T10:10:15,ARSO_latest,1782987097.489022,2026-07-02T10:11:37.489022,23.0,23.0,0.0,Ljubljana - Vič,Letališče Cerklje ob Krki
1782979957.6108966,2026-07-02T10:12:37,1782979869.407317,2026-07-02T10:11:09,ARSO_latest,1782987157.608258,2026-07-02T10:12:37.608258,23.0,23.0,0.0,Ljubljana - Vič,Letališče Cerklje ob Krki
1782980017.7323399,2026-07-02T10:13:37,1782979923.119131,2026-07-02T10:12:03,ARSO_latest,1782987217.728395,2026-07-02T10:13:37.728395,23.0,23.0,0.0,Ljubljana - Vič,Letališče Cerklje ob Krki
1782980077.8543375,2026-07-02T10:14:37,1782980030.192618,2026-07-02T10:13:50,ARSO_latest,1782987277.851864,2026-07-02T10:14:37.851864,23.0,23.0,0.0,Ljubljana - Vič,Letališče Cerklje ob Krki
1782980137.9661853,2026-07-02T10:15:37,1782980084.233082,2026-07-02T10:14:44,ARSO_latest,1782987337.963361,2026-07-02T10:15:37.963361,23.0,23.0,0.0,Ljubljana - Vič,Letališče Cerklje ob Krki
1782980198.0795262,2026-07-02T10:16:38,1782980137.77473,2026-07-02T10:15:37,ARSO_latest,1782987398.077026,2026-07-02T10:16:38.077026,23.0,23.0,0.0,Ljubljana - Vič,Letališče Cerklje ob Krki
1782981624.0184479,2026-07-02T10:40:24,1782981533.800433,2026-07-02T10:38:53,ARSO_latest,1782988824.015907,2026-07-02T10:40:24.015907,23.0,23.0,0.0,Ljubljana - Vič,Letališče Cerklje ob Krki
1782981684.1328712,2026-07-02T10:41:24,1782981587.530812,2026-07-02T10:39:47,ARSO_latest,1782988884.13042,2026-07-02T10:41:24.130420,23.0,23.0,0.0,Ljubljana - Vič,Letališče Cerklje ob Krki
1782981744.251787,2026-07-02T10:42:24,1782981694.595047,2026-07-02T10:41:34,ARSO_latest,1782988944.249184,2026-07-02T10:42:24.249184,23.0,23.0,0.0,Ljubljana - Vič,Letališče Cerklje ob Krki
1782981804.362989,2026-07-02T10:43:24,1782981748.374939,2026-07-02T10:42:28,ARSO_latest,1782989004.360662,2026-07-02T10:43:24.360662,23.0,23.0,0.0,Ljubljana - Vič,Letališče Cerklje ob Krki
1782981864.4720144,2026-07-02T10:44:24,1782981802.258209,2026-07-02T10:43:22,ARSO_latest,1782989064.469704,2026-07-02T10:44:24.469704,23.0,23.0,0.0,Ljubljana - Vič,Letališče Cerklje ob Krki
1782981924.5857031,2026-07-02T10:45:24,1782981855.856014,2026-07-02T10:44:15,ARSO_latest,1782989124.583359,2026-07-02T10:45:24.583359,23.0,23.0,0.0,Ljubljana - Vič,Letališče Cerklje ob Krki
1782981984.7355678,2026-07-02T10:46:24,1782981909.455197,2026-07-02T10:45:09,ARSO_latest,1782989184.731242,2026-07-02T10:46:24.731242,23.0,23.0,0.0,Ljubljana - Vič,Letališče Cerklje ob Krki
1782982044.9071252,2026-07-02T10:47:24,1782981963.03124,2026-07-02T10:46:03,ARSO_latest,1782989244.902252,2026-07-02T10:47:24.902252,23.0,23.0,0.0,Ljubljana - Vič,Letališče Cerklje ob Krki
1782983470.7875898,2026-07-02T11:11:10,1782983417.371409,2026-07-02T11:10:17,ARSO_latest,1782990670.785243,2026-07-02T11:11:10.785243,25.0,24.0,1.0,Ljubljana - Vič,Letališče Cerklje ob Krki
1782983530.904566,2026-07-02T11:12:10,1782983471.41654,2026-07-02T11:11:11,ARSO_latest,1782990730.901862,2026-07-02T11:12:10.901862,25.0,24.0,1.0,Ljubljana - Vič,Letališče Cerklje ob Krki
1782983591.0159006,2026-07-02T11:13:11,1782983524.951111,2026-07-02T11:12:04,ARSO_latest,1782990791.013541,2026-07-02T11:13:11.013541,25.0,24.0,1.0,Ljubljana - Vič,Letališče Cerklje ob Krki
1782983651.1305635,2026-07-02T11:14:11,1782983578.591427,2026-07-02T11:12:58,ARSO_latest,1782990851.128178,2026-07-02T11:14:11.128178,25.0,24.0,1.0,Ljubljana - Vič,Letališče Cerklje ob Krki
1782983711.2484214,2026-07-02T11:15:11,1782983632.229185,2026-07-02T11:13:52,ARSO_latest,1782990911.245943,2026-07-02T11:15:11.245943,25.0,24.0,1.0,Ljubljana - Vič,Letališče Cerklje ob Krki
1782983771.373601,2026-07-02T11:16:11,1782983685.928899,2026-07-02T11:14:45,ARSO_latest,1782990971.371232,2026-07-02T11:16:11.371232,25.0,24.0,1.0,Ljubljana - Vič,Letališče Cerklje ob Krki
1782985237.7320478,2026-07-02T11:40:37,1782985139.197662,2026-07-02T11:38:59,ARSO_latest,1782992437.729573,2026-07-02T11:40:37.729573,27.0,25.0,2.0,Ljubljana - Vič,Letališče Cerklje ob Krki
1782985297.8447318,2026-07-02T11:41:37,1782985247.130269,2026-07-02T11:40:47,ARSO_latest,1782992497.842042,2026-07-02T11:41:37.842042,27.0,25.0,2.0,Ljubljana - Vič,Letališče Cerklje ob Krki
1782985357.9570985,2026-07-02T11:42:37,1782985300.844062,2026-07-02T11:41:40,ARSO_latest,1782992557.954643,2026-07-02T11:42:37.954643,27.0,25.0,2.0,Ljubljana - Vič,Letališče Cerklje ob Krki
1782985418.0673149,2026-07-02T11:43:38,1782985354.608973,2026-07-02T11:42:34,ARSO_latest,1782992618.064832,2026-07-02T11:43:38.064832,27.0,25.0,2.0,Ljubljana - Vič,Letališče Cerklje ob Krki
1782985478.185138,2026-07-02T11:44:38,1782985408.369148,2026-07-02T11:43:28,ARSO_latest,1782992678.182634,2026-07-02T11:44:38.182634,27.0,25.0,2.0,Ljubljana - Vič,Letališče Cerklje ob Krki
1782985538.319285,2026-07-02T11:45:38,1782985462.409578,2026-07-02T11:44:22,ARSO_latest,1782992738.316196,2026-07-02T11:45:38.316196,27.0,25.0,2.0,Ljubljana - Vič,Letališče Cerklje ob Krki
1782985598.4418974,2026-07-02T11:46:38,1782985516.453162,2026-07-02T11:45:16,ARSO_latest,1782992798.43939,2026-07-02T11:46:38.439390,27.0,25.0,2.0,Ljubljana - Vič,Letališče Cerklje ob Krki
1782987004.4861102,2026-07-02T12:10:04,1782986916.148128,2026-07-02T12:08:36,ARSO_latest,1782994204.482608,2026-07-02T12:10:04.482608,27.0,25.0,2.0,Ljubljana - Vič,Letališče Cerklje ob Krki
1782987064.6034396,2026-07-02T12:11:04,1782986970.113398,2026-07-02T12:09:30,ARSO_latest,1782994264.600808,2026-07-02T12:11:04.600808,27.0,25.0,2.0,Ljubljana - Vič,Letališče Cerklje ob Krki
1782987124.7468271,2026-07-02T12:12:04,1782987023.855373,2026-07-02T12:10:23,ARSO_latest,1782994324.743064,2026-07-02T12:12:04.743064,27.0,25.0,2.0,Ljubljana - Vič,Letališče Cerklje ob Krki
1782987184.859479,2026-07-02T12:13:04,1782987134.445289,2026-07-02T12:12:14,ARSO_latest,1782994384.857072,2026-07-02T12:13:04.857072,27.0,25.0,2.0,Ljubljana - Vič,Letališče Cerklje ob Krki
1782987244.9737244,2026-07-02T12:14:04,1782987188.232963,2026-07-02T12:13:08,ARSO_latest,1782994444.971332,2026-07-02T12:14:04.971332,27.0,25.0,2.0,Ljubljana - Vič,Letališče Cerklje ob Krki
1782987305.0957239,2026-07-02T12:15:05,1782987242.370787,2026-07-02T12:14:02,ARSO_latest,1782994505.093348,2026-07-02T12:15:05.093348,27.0,25.0,2.0,Ljubljana - Vič,Letališče Cerklje ob Krki
1782987365.221402,2026-07-02T12:16:05,1782987296.392614,2026-07-02T12:14:56,ARSO_latest,1782994565.219035,2026-07-02T12:16:05.219035,27.0,25.0,2.0,Ljubljana - Vič,Letališče Cerklje ob Krki
1782987425.3600266,2026-07-02T12:17:05,1782987350.325499,2026-07-02T12:15:50,ARSO_latest,1782994625.356267,2026-07-02T12:17:05.356267,27.0,25.0,2.0,Ljubljana - Vič,Letališče Cerklje ob Krki
1782988821.142945,2026-07-02T12:40:21,1782988751.034353,2026-07-02T12:39:11,ARSO_latest,1782996021.140577,2026-07-02T12:40:21.140577,28.0,26.0,2.0,Ljubljana - Vič,Letališče Cerklje ob Krki
1782988881.289082,2026-07-02T12:41:21,1782988804.861433,2026-07-02T12:40:04,ARSO_latest,1782996081.284852,2026-07-02T12:41:21.284852,28.0,26.0,2.0,Ljubljana - Vič,Letališče Cerklje ob Krki
1782988941.4127944,2026-07-02T12:42:21,1782988858.636409,2026-07-02T12:40:58,ARSO_latest,1782996141.409002,2026-07-02T12:42:21.409002,28.0,26.0,2.0,Ljubljana - Vič,Letališče Cerklje ob Krki
1782989001.5473943,2026-07-02T12:43:21,1782988912.284622,2026-07-02T12:41:52,ARSO_latest,1782996201.543457,2026-07-02T12:43:21.543457,28.0,26.0,2.0,Ljubljana - Vič,Letališče Cerklje ob Krki
1782989061.6792274,2026-07-02T12:44:21,1782988966.247422,2026-07-02T12:42:46,ARSO_latest,1782996261.676873,2026-07-02T12:44:21.676873,28.0,26.0,2.0,Ljubljana - Vič,Letališče Cerklje ob Krki
1782989121.8012214,2026-07-02T12:45:21,1782989073.822822,2026-07-02T12:44:33,ARSO_latest,1782996321.798874,2026-07-02T12:45:21.798874,28.0,26.0,2.0,Ljubljana - Vič,Letališče Cerklje ob Krki
1782989181.9176416,2026-07-02T12:46:21,1782989127.820356,2026-07-02T12:45:27,ARSO_latest,1782996381.915299,2026-07-02T12:46:21.915299,28.0,26.0,2.0,Ljubljana - Vič,Letališče Cerklje ob Krki
1782989242.0346334,2026-07-02T12:47:22,1782989181.588786,2026-07-02T12:46:21,ARSO_latest,1782996442.032308,2026-07-02T12:47:22.032308,28.0,26.0,2.0,Ljubljana - Vič,Letališče Cerklje ob Krki
1782990668.2579799,2026-07-02T13:11:08,1782990582.026973,2026-07-02T13:09:42,ARSO_latest,1782997868.254041,2026-07-02T13:11:08.254041,28.0,26.0,2.0,Ljubljana - Vič,Letališče Cerklje ob Krki
1782990728.3895197,2026-07-02T13:12:08,1782990635.868055,2026-07-02T13:10:35,ARSO_latest,1782997928.387048,2026-07-02T13:12:08.387048,28.0,26.0,2.0,Ljubljana - Vič,Letališče Cerklje ob Krki
1782990788.510816,2026-07-02T13:13:08,1782990689.714979,2026-07-02T13:11:29,ARSO_latest,1782997988.508255,2026-07-02T13:13:08.508255,28.0,26.0,2.0,Ljubljana - Vič,Letališče Cerklje ob Krki
1782990848.624691,2026-07-02T13:14:08,1782990797.53894,2026-07-02T13:13:17,ARSO_latest,1782998048.622029,2026-07-02T13:14:08.622029,28.0,26.0,2.0,Ljubljana - Vič,Letališče Cerklje ob Krki
1782990908.7438698,2026-07-02T13:15:08,1782990851.188365,2026-07-02T13:14:11,ARSO_latest,1782998108.741413,2026-07-02T13:15:08.741413,28.0,26.0,2.0,Ljubljana - Vič,Letališče Cerklje ob Krki
1782990968.8761957,2026-07-02T13:16:08,1782990904.864802,2026-07-02T13:15:04,ARSO_latest,1782998168.871544,2026-07-02T13:16:08.871544,28.0,26.0,2.0,Ljubljana - Vič,Letališče Cerklje ob Krki
1782992434.9229975,2026-07-02T13:40:34,1782992362.884448,2026-07-02T13:39:22,ARSO_latest,1782999634.920577,2026-07-02T13:40:34.920577,29.0,27.0,2.0,Ljubljana - Vič,Letališče Cerklje ob Krki
1782992495.0554166,2026-07-02T13:41:35,1782992416.469265,2026-07-02T13:40:16,ARSO_latest,1782999695.052701,2026-07-02T13:41:35.052701,29.0,27.0,2.0,Ljubljana - Vič,Letališče Cerklje ob Krki
1782992555.2014205,2026-07-02T13:42:35,1782992469.936911,2026-07-02T13:41:09,ARSO_latest,1782999755.198852,2026-07-02T13:42:35.198852,29.0,27.0,2.0,Ljubljana - Vič,Letališče Cerklje ob Krki
1782992615.3254254,2026-07-02T13:43:35,1782992523.839297,2026-07-02T13:42:03,ARSO_latest,1782999815.322904,2026-07-02T13:43:35.322904,29.0,27.0,2.0,Ljubljana - Vič,Letališče Cerklje ob Krki
1782992675.4473248,2026-07-02T13:44:35,1782992577.470916,2026-07-02T13:42:57,ARSO_latest,1782999875.44483,2026-07-02T13:44:35.444830,29.0,27.0,2.0,Ljubljana - Vič,Letališče Cerklje ob Krki
1782992735.5659657,2026-07-02T13:45:35,1782992684.580335,2026-07-02T13:44:44,ARSO_latest,1782999935.563093,2026-07-02T13:45:35.563093,29.0,27.0,2.0,Ljubljana - Vič,Letališče Cerklje ob Krki
1782992795.6820626,2026-07-02T13:46:35,1782992738.071691,2026-07-02T13:45:38,ARSO_latest,1782999995.6795,2026-07-02T13:46:35.679500,29.0,27.0,2.0,Ljubljana - Vič,Letališče Cerklje ob Krki
1782994292.1590083,2026-07-02T14:11:32,1782994243.083104,2026-07-02T14:10:43,ARSO_latest,1783001492.156163,2026-07-02T14:11:32.156163,30.0,27.0,3.0,Ljubljana - Vič,Letališče Cerklje ob Krki
1782994352.3057086,2026-07-02T14:12:32,1782994297.050553,2026-07-02T14:11:37,ARSO_latest,1783001552.30262,2026-07-02T14:12:32.302620,30.0,27.0,3.0,Ljubljana - Vič,Letališče Cerklje ob Krki
1782994412.4410791,2026-07-02T14:13:32,1782994350.627991,2026-07-02T14:12:30,ARSO_latest,1783001612.438246,2026-07-02T14:13:32.438246,30.0,27.0,3.0,Ljubljana - Vič,Letališče Cerklje ob Krki
1782994472.5657244,2026-07-02T14:14:32,1782994404.477631,2026-07-02T14:13:24,ARSO_latest,1783001672.562859,2026-07-02T14:14:32.562859,30.0,27.0,3.0,Ljubljana - Vič,Letališče Cerklje ob Krki
1782994532.6843326,2026-07-02T14:15:32,1782994458.279125,2026-07-02T14:14:18,ARSO_latest,1783001732.681448,2026-07-02T14:15:32.681448,30.0,27.0,3.0,Ljubljana - Vič,Letališče Cerklje ob Krki
1782994592.824562,2026-07-02T14:16:32,1782994511.95382,2026-07-02T14:15:11,ARSO_latest,1783001792.822017,2026-07-02T14:16:32.822017,30.0,27.0,3.0,Ljubljana - Vič,Letališče Cerklje ob Krki
1782996029.168149,2026-07-02T14:40:29,1782995961.425803,2026-07-02T14:39:21,ARSO_latest,1783003229.1657,2026-07-02T14:40:29.165700,29.0,28.0,1.0,Ljubljana - Vič,Letališče Cerklje ob Krki
1782996089.28696,2026-07-02T14:41:29,1782996015.1303,2026-07-02T14:40:15,ARSO_latest,1783003289.284503,2026-07-02T14:41:29.284503,29.0,28.0,1.0,Ljubljana - Vič,Letališče Cerklje ob Krki
1782996149.425853,2026-07-02T14:42:29,1782996068.7934,2026-07-02T14:41:08,ARSO_latest,1783003349.423409,2026-07-02T14:42:29.423409,29.0,28.0,1.0,Ljubljana - Vič,Letališče Cerklje ob Krki
1782996209.556415,2026-07-02T14:43:29,1782996122.395692,2026-07-02T14:42:02,ARSO_latest,1783003409.553745,2026-07-02T14:43:29.553745,29.0,28.0,1.0,Ljubljana - Vič,Letališče Cerklje ob Krki
1782996269.742722,2026-07-02T14:44:29,1782996175.877547,2026-07-02T14:42:55,ARSO_latest,1783003469.73873,2026-07-02T14:44:29.738730,29.0,28.0,1.0,Ljubljana - Vič,Letališče Cerklje ob Krki
1782996329.8719265,2026-07-02T14:45:29,1782996283.635848,2026-07-02T14:44:43,ARSO_latest,1783003529.869463,2026-07-02T14:45:29.869463,29.0,28.0,1.0,Ljubljana - Vič,Letališče Cerklje ob Krki
1782996390.0058196,2026-07-02T14:46:30,1782996337.264158,2026-07-02T14:45:37,ARSO_latest,1783003590.003072,2026-07-02T14:46:30.003072,29.0,28.0,1.0,Ljubljana - Vič,Letališče Cerklje ob Krki
1782997826.79141,2026-07-02T15:10:26,1782997734.145323,2026-07-02T15:08:54,ARSO_latest,1783005026.788784,2026-07-02T15:10:26.788784,28.0,27.0,1.0,Ljubljana - Vič,Letališče Cerklje ob Krki
1782997886.9163308,2026-07-02T15:11:26,1782997841.164767,2026-07-02T15:10:41,ARSO_latest,1783005086.913864,2026-07-02T15:11:26.913864,28.0,27.0,1.0,Ljubljana - Vič,Letališče Cerklje ob Krki
1782997947.0574996,2026-07-02T15:12:27,1782997894.905877,2026-07-02T15:11:34,ARSO_latest,1783005147.054092,2026-07-02T15:12:27.054092,28.0,27.0,1.0,Ljubljana - Vič,Letališče Cerklje ob Krki
1782998007.1828184,2026-07-02T15:13:27,1782997948.986863,2026-07-02T15:12:28,ARSO_latest,1783005207.180409,2026-07-02T15:13:27.180409,28.0,27.0,1.0,Ljubljana - Vič,Letališče Cerklje ob Krki
1782998067.3159492,2026-07-02T15:14:27,1782998002.96232,2026-07-02T15:13:22,ARSO_latest,1783005267.312009,2026-07-02T15:14:27.312009,28.0,27.0,1.0,Ljubljana - Vič,Letališče Cerklje ob Krki
1782998127.4480176,2026-07-02T15:15:27,1782998056.616273,2026-07-02T15:14:16,ARSO_latest,1783005327.445557,2026-07-02T15:15:27.445557,28.0,27.0,1.0,Ljubljana - Vič,Letališče Cerklje ob Krki
1782998187.601046,2026-07-02T15:16:27,1782998110.193004,2026-07-02T15:15:10,ARSO_latest,1783005387.597126,2026-07-02T15:16:27.597126,28.0,27.0,1.0,Ljubljana - Vič,Letališče Cerklje ob Krki
1782999634.016473,2026-07-02T15:40:34,1782999558.660597,2026-07-02T15:39:18,ARSO_latest,1783006834.012763,2026-07-02T15:40:34.012763,29.0,28.0,1.0,Ljubljana - Vič,Letališče Cerklje ob Krki
1782999694.142209,2026-07-02T15:41:34,1782999612.296143,2026-07-02T15:40:12,ARSO_latest,1783006894.139808,2026-07-02T15:41:34.139808,29.0,28.0,1.0,Ljubljana - Vič,Letališče Cerklje ob Krki
1782999754.282847,2026-07-02T15:42:34,1782999666.078967,2026-07-02T15:41:06,ARSO_latest,1783006954.279956,2026-07-02T15:42:34.279956,29.0,28.0,1.0,Ljubljana - Vič,Letališče Cerklje ob Krki
1782999814.4398556,2026-07-02T15:43:34,1782999719.705237,2026-07-02T15:41:59,ARSO_latest,1783007014.436199,2026-07-02T15:43:34.436199,29.0,28.0,1.0,Ljubljana - Vič,Letališče Cerklje ob Krki
1782999874.563694,2026-07-02T15:44:34,1782999826.768852,2026-07-02T15:43:46,ARSO_latest,1783007074.561041,2026-07-02T15:44:34.561041,29.0,28.0,1.0,Ljubljana - Vič,Letališče Cerklje ob Krki
1782999934.6914384,2026-07-02T15:45:34,1782999880.242566,2026-07-02T15:44:40,ARSO_latest,1783007134.688506,2026-07-02T15:45:34.688506,29.0,28.0,1.0,Ljubljana - Vič,Letališče Cerklje ob Krki
1782999994.8466496,2026-07-02T15:46:34,1782999933.852235,2026-07-02T15:45:33,ARSO_latest,1783007194.84423,2026-07-02T15:46:34.844230,29.0,28.0,1.0,Ljubljana - Vič,Letališče Cerklje ob Krki
1783001411.399371,2026-07-02T16:10:11,1783001332.578045,2026-07-02T16:08:52,ARSO_latest,1783008611.396757,2026-07-02T16:10:11.396757,28.0,28.0,0.0,Ljubljana - Vič,Letališče Cerklje ob Krki
1783001471.5308828,2026-07-02T16:11:11,1783001386.58231,2026-07-02T16:09:46,ARSO_latest,1783008671.528387,2026-07-02T16:11:11.528387,28.0,28.0,0.0,Ljubljana - Vič,Letališče Cerklje ob Krki
1783001531.660613,2026-07-02T16:12:11,1783001440.436818,2026-07-02T16:10:40,ARSO_latest,1783008731.656686,2026-07-02T16:12:11.656686,28.0,28.0,0.0,Ljubljana - Vič,Letališče Cerklje ob Krki
1783001591.8024504,2026-07-02T16:13:11,1783001494.007524,2026-07-02T16:11:34,ARSO_latest,1783008791.798913,2026-07-02T16:13:11.798913,28.0,28.0,0.0,Ljubljana - Vič,Letališče Cerklje ob Krki
1783001651.9433472,2026-07-02T16:14:11,1783001601.536649,2026-07-02T16:13:21,ARSO_latest,1783008851.94088,2026-07-02T16:14:11.940880,28.0,28.0,0.0,Ljubljana - Vič,Letališče Cerklje ob Krki
1783001712.0681603,2026-07-02T16:15:12,1783001655.42762,2026-07-02T16:14:15,ARSO_latest,1783008912.065686,2026-07-02T16:15:12.065686,28.0,28.0,0.0,Ljubljana - Vič,Letališče Cerklje ob Krki
1783001772.1987786,2026-07-02T16:16:12,1783001709.524238,2026-07-02T16:15:09,ARSO_latest,1783008972.195447,2026-07-02T16:16:12.195447,28.0,28.0,0.0,Ljubljana - Vič,Letališče Cerklje ob Krki
1783001832.333504,2026-07-02T16:17:12,1783001763.241721,2026-07-02T16:16:03,ARSO_latest,1783009032.33115,2026-07-02T16:17:12.331150,28.0,28.0,0.0,Ljubljana - Vič,Letališče Cerklje ob Krki
1783003218.3859992,2026-07-02T16:40:18,1783003163.113645,2026-07-02T16:39:23,ARSO_latest,1783010418.380327,2026-07-02T16:40:18.380327,28.0,28.0,0.0,Ljubljana - Vič,Letališče Cerklje ob Krki
1783003278.5146515,2026-07-02T16:41:18,1783003216.924633,2026-07-02T16:40:16,ARSO_latest,1783010478.512101,2026-07-02T16:41:18.512101,28.0,28.0,0.0,Ljubljana - Vič,Letališče Cerklje ob Krki
1783003338.6458485,2026-07-02T16:42:18,1783003270.708015,2026-07-02T16:41:10,ARSO_latest,1783010538.643354,2026-07-02T16:42:18.643354,28.0,28.0,0.0,Ljubljana - Vič,Letališče Cerklje ob Krki
1783003398.7670996,2026-07-02T16:43:18,1783003324.273387,2026-07-02T16:42:04,ARSO_latest,1783010598.764574,2026-07-02T16:43:18.764574,28.0,28.0,0.0,Ljubljana - Vič,Letališče Cerklje ob Krki
1783003458.8948114,2026-07-02T16:44:18,1783003379.647735,2026-07-02T16:42:59,ARSO_latest,1783010658.890747,2026-07-02T16:44:18.890747,28.0,28.0,0.0,Ljubljana - Vič,Letališče Cerklje ob Krki
1783003519.0486279,2026-07-02T16:45:19,1783003436.049795,2026-07-02T16:43:56,ARSO_latest,1783010719.044998,2026-07-02T16:45:19.044998,28.0,28.0,0.0,Ljubljana - Vič,Letališče Cerklje ob Krki
1783003579.1975994,2026-07-02T16:46:19,1783003490.251307,2026-07-02T16:44:50,ARSO_latest,1783010779.194666,2026-07-02T16:46:19.194666,28.0,28.0,0.0,Ljubljana - Vič,Letališče Cerklje ob Krki
1783003639.3261604,2026-07-02T16:47:19,1783003544.003671,2026-07-02T16:45:44,ARSO_latest,1783010839.323389,2026-07-02T16:47:19.323389,28.0,28.0,0.0,Ljubljana - Vič,Letališče Cerklje ob Krki
1783005085.694468,2026-07-02T17:11:25,1783005003.231586,2026-07-02T17:10:03,ARSO_latest,1783012285.691037,2026-07-02T17:11:25.691037,28.0,27.0,1.0,Ljubljana - Vič,Letališče Cerklje ob Krki
1783005145.848226,2026-07-02T17:12:25,1783005056.909486,2026-07-02T17:10:56,ARSO_latest,1783012345.845767,2026-07-02T17:12:25.845767,28.0,27.0,1.0,Ljubljana - Vič,Letališče Cerklje ob Krki
1783005205.9707909,2026-07-02T17:13:25,1783005110.701448,2026-07-02T17:11:50,ARSO_latest,1783012405.968203,2026-07-02T17:13:25.968203,28.0,27.0,1.0,Ljubljana - Vič,Letališče Cerklje ob Krki
1783005266.0955586,2026-07-02T17:14:26,1783005218.327031,2026-07-02T17:13:38,ARSO_latest,1783012466.093114,2026-07-02T17:14:26.093114,28.0,27.0,1.0,Ljubljana - Vič,Letališče Cerklje ob Krki
1783005326.2217722,2026-07-02T17:15:26,1783005271.885744,2026-07-02T17:14:31,ARSO_latest,1783012526.219288,2026-07-02T17:15:26.219288,28.0,27.0,1.0,Ljubljana - Vič,Letališče Cerklje ob Krki
1783005386.3402662,2026-07-02T17:16:26,1783005325.645266,2026-07-02T17:15:25,ARSO_latest,1783012586.33786,2026-07-02T17:16:26.337860,28.0,27.0,1.0,Ljubljana - Vič,Letališče Cerklje ob Krki
