timestamp,S_value,S_err,E_ab,E_abp,E_apb,E_apbp,C_HH,C_HV,C_VH,C_VV,C_HD,C_HA,C_VD,C_VA,C_DH,C_DV,C_AH,C_AV,C_DD,C_DA,C_AD,C_AA
1762552987.1532362,2.06909,0.07595,0.9102,-0.30045,0.12821,0.73023,308,17,5,160,102,204,86,54,177,127,60,65,223,46,12,149
1762553165.461776,1.88268,0.09601,0.91111,-0.04418,-0.03797,0.96537,177,7,5,81,78,91,39,41,68,83,40,46,144,0,4,83
1762553175.5614583,1.95659,0.06951,0.94393,-0.1055,-0.04622,0.95338,290,2,10,126,134,173,68,61,138,164,85,89,282,6,4,137
1762553179.5250473,2.2505,0.09483,0.55556,-0.59862,0.5375,0.55882,171,59,17,95,38,165,66,20,154,43,31,92,127,46,14,85
1762553183.367783,0.83012,0.10137,-0.28375,-0.24014,0.87726,-0.00353,81,166,67,49,65,132,41,41,163,13,4,97,86,102,40,55
1762553187.2144725,1.89657,0.10009,0.58065,-0.68456,0.28428,0.34708,163,54,11,82,28,177,74,19,120,75,32,72,120,66,29,76
1762553191.1244123,0.98433,0.10086,0.07778,-0.92281,-0.11184,0.09559,135,131,35,59,7,197,77,4,76,120,49,59,83,95,28,66
1762553195.0928679,0.4059,0.10311,0.49845,-0.32899,-0.57647,0.15493,163,66,15,79,64,137,67,39,44,166,102,28,101,89,31,63
1762553198.9776092,1.24428,0.10829,0.55556,-0.3808,0.37313,-0.06522,140,57,11,98,73,170,53,27,107,52,32,77,74,108,39,55
1762553202.8742154,0.97527,0.10029,0.73994,0.2,-0.20376,0.6391,192,26,16,89,120,84,28,48,82,125,67,45,126,28,20,92
1762553206.7595413,0.0,0.10324,-0.46067,-0.39189,0.46392,-0.40972,68,185,75,28,66,153,53,24,120,54,24,93,37,138,65,48
1762553210.7385564,1.28965,0.10234,0.20702,-0.51155,0.79094,-0.21986,111,74,39,61,54,151,78,20,148,16,14,109,69,123,49,41
1762553214.676237,0.1594,0.10412,0.50955,0.41259,-0.2963,0.35873,160,56,21,77,141,66,18,61,74,137,73,40,131,64,37,83
1762553218.6184847,1.35861,0.09155,0.89941,0.11401,-0.19728,0.77049,201,11,6,120,123,100,36,48,63,108,68,55,149,24,11,121
1762553222.6238623,1.65415,0.09578,0.06322,-0.69452,0.699,0.19741,132,110,53,53,25,205,89,28,169,24,21,85,115,95,29,70
1762553226.582082,0.5824,0.10753,0.51057,0.37333,0.24516,0.2,155,54,27,95,126,74,20,80,129,63,54,64,95,87,25,73
1762553230.5306218,2.04344,0.09699,0.31481,-0.56811,0.77246,0.38806,142,87,24,71,49,169,67,16,182,20,18,114,120,63,19,66
1762553234.4412687,0.01275,0.09232,-0.61371,-0.61616,0.59333,-0.58304,39,167,92,23,39,169,71,18,148,48,13,91,35,149,75,24
1762553238.3948658,1.54791,0.10351,0.55901,-0.26829,0.19497,0.52564,168,56,15,83,69,129,53,36,123,73,55,67,139,56,18,99
1762553242.393116,1.31749,0.09088,0.91139,0.11111,-0.25478,0.77199,205,11,3,97,112,94,34,48,80,130,67,37,170,24,11,102
1762553246.3745499,1.23769,0.10536,0.14478,-0.01618,0.59006,0.48667,120,97,30,50,104,124,33,48,154,41,25,102,145,59,18,78
1762553250.2897484,2.26674,0.09216,0.59375,-0.44937,0.7697,0.45392,166,48,17,89,56,174,55,31,179,21,17,113,130,59,21,83
1762553254.171595,1.47843,0.10168,0.8303,-0.06529,0.44099,0.14184,214,18,10,88,93,118,37,43,156,49,41,76,95,93,28,66
1762553258.1095424,1.3913,0.10126,0.21534,-0.49226,-0.01418,0.69789,139,104,29,67,53,180,61,29,92,93,50,47,182,41,9,99
1762553262.036382,1.15079,0.10061,-0.12353,-0.36877,0.81711,0.08844,91,141,50,58,59,146,60,36,195,18,13,113,93,101,33,67
1762553265.93695,2.07001,0.09622,0.65476,-0.28339,0.40214,0.72973,194,44,14,84,77,146,51,33,131,51,33,66,161,28,12,95
1762553269.814204,1.5447,0.09183,0.93902,-0.02251,-0.15309,0.73626,213,6,4,105,109,123,36,43,74,118,59,56,154,27,9,83
1762553273.6933908,1.72123,0.09872,0.41076,-0.46341,0.67213,0.17492,162,72,32,87,61,172,68,27,147,23,27,108,100,89,36,78
1762553277.5724761,0.94269,0.10833,0.03904,-0.81208,-0.00366,0.09524,126,124,36,47,19,210,60,9,83,91,46,53,78,86,28,60
1762553281.4996293,2.30431,0.09133,0.76547,-0.51475,0.29747,0.72662,177,26,10,94,49,170,61,25,131,65,46,74,149,31,7,91
1762553285.378917,2.27133,0.08888,0.27508,-0.82334,0.85304,0.31987,131,86,26,66,24,191,98,4,177,18,5,113,124,75,26,72
1762553289.2623348,2.05391,0.09808,0.30612,-0.4,0.80822,0.53957,127,73,29,65,60,150,60,30,161,18,10,103,135,51,13,79
1762553293.1742928,1.9854,0.09847,0.64263,-0.48754,0.64955,0.20567,168,47,10,94,52,154,55,20,180,36,22,93,102,80,32,68
1762553297.107487,1.95894,0.09566,0.38511,-0.82781,0.54601,0.2,141,72,23,73,19,199,77,7,150,43,31,102,107,92,28,73
1762553301.0060346,2.70052,0.08157,0.6,-0.88415,0.67485,0.54153,180,50,15,80,13,219,90,6,182,28,25,91,148,60,9,84
1762553309.892647,2.44185,0.07383,0.47059,-0.85714,0.69476,0.41935,253,98,28,97,24,290,126,8,235,35,32,137,163,87,30,123
1762553313.770848,2.47942,0.0883,0.5625,-0.87097,0.64169,0.40426,168,53,17,82,15,212,78,5,150,28,27,102,108,63,21,90
1762553317.6645794,1.99882,0.09221,0.10059,-0.86254,0.84818,0.1875,116,108,44,70,12,190,81,8,176,10,13,104,102,81,23,50
1762553321.6136453,2.71198,0.08179,0.62722,-0.73292,0.66972,0.68212,169,42,21,106,27,198,81,16,180,34,20,93,150,41,7,104
1762553330.572874,2.73954,0.07003,0.66376,-0.73121,0.66903,0.67554,262,64,13,119,36,293,87,23,220,37,33,133,215,60,7,131
1762553338.8741357,2.75193,0.06757,0.70492,-0.69593,0.71429,0.63679,294,50,22,122,50,279,117,21,261,33,35,147,207,63,14,140
1762553347.1817067,2.85,0.0654,0.7037,-0.71369,0.6643,0.77477,277,53,19,137,47,300,113,22,212,37,34,140,225,42,8,169
1762553355.4818852,2.71994,0.06978,0.65778,-0.71028,0.66871,0.68317,243,50,27,130,42,264,102,20,257,45,36,151,212,50,14,128
1762553363.7873893,2.68602,0.07006,0.63124,-0.72807,0.63478,0.69193,262,63,22,114,44,286,108,18,242,50,34,134,203,54,9,143
1762553372.0557697,2.81643,0.06715,0.72458,-0.71694,0.68261,0.69231,288,48,17,119,36,268,102,25,230,33,40,157,224,62,4,139
1762553380.339486,2.67622,0.0686,0.67635,-0.73568,0.6318,0.63239,271,58,20,133,41,283,111,19,251,45,43,139,222,66,18,151
1762553388.634982,2.75676,0.06741,0.67382,-0.68526,0.71492,0.68276,269,56,20,121,58,308,115,21,253,35,29,132,228,49,20,138
1762553396.9838037,2.72981,0.0695,0.63964,-0.69099,0.70507,0.69412,258,62,18,106,54,282,112,18,239,33,31,131,212,51,14,148
1762553405.2567015,2.71099,0.0693,0.64835,-0.70601,0.68849,0.66814,244,53,27,131,50,284,99,16,231,41,28,143,239,62,13,138
1762553413.547647,2.68989,0.06844,0.61811,-0.70089,0.69912,0.67177,300,67,30,111,46,269,112,21,241,43,25,143,235,66,9,147
1762553421.8535712,2.75453,0.06775,0.69636,-0.71806,0.7286,0.61151,291,63,12,128,41,287,103,23,234,31,34,180,196,64,17,140
1762553430.1360722,2.76966,0.06861,0.67949,-0.77629,0.63333,0.68056,259,60,15,134,37,285,112,13,221,44,33,122,227,54,15,136
1762553438.4420698,2.7113,0.07051,0.65517,-0.70574,0.6715,0.6789,268,62,23,140,42,240,102,17,216,39,29,130,233,59,11,133
1762553446.7301576,2.67286,0.07013,0.62821,-0.67329,0.6849,0.68646,270,66,21,111,54,272,107,20,230,38,34,155,209,56,10,146
1762553455.0207875,2.56021,0.07303,0.65766,-0.6611,0.62077,0.62069,258,57,19,110,50,257,91,21,225,51,33,134,217,72,16,159
1762553463.3316238,2.73345,0.06913,0.64557,-0.71837,0.69863,0.67089,275,65,19,115,49,289,132,20,229,34,32,143,204,49,16,126
1762553471.6208594,2.68809,0.06883,0.62628,-0.70231,0.68444,0.67506,272,71,20,124,47,282,124,24,247,44,27,132,230,57,14,136
1762553479.908198,2.63299,0.07069,0.65385,-0.72444,0.65919,0.59551,266,56,25,121,44,268,120,18,251,38,38,119,204,72,18,151
1762553488.2026422,2.61225,0.07192,0.58772,-0.71818,0.6619,0.64444,238,76,18,124,45,258,120,17,228,28,43,121,217,68,12,153
1762553496.5080197,2.68064,0.06987,0.66596,-0.68142,0.6625,0.67076,279,60,19,115,47,272,108,25,252,44,37,147,208,57,10,132
1762553504.7932045,2.78751,0.06761,0.6453,-0.6962,0.75117,0.69484,257,59,24,128,47,284,118,25,236,32,21,137,221,49,16,140
1762553513.0991957,2.57869,0.07243,0.61247,-0.74419,0.62397,0.59806,274,63,24,88,34,273,102,21,245,46,45,148,197,71,12,133
1762553521.3820646,2.75543,0.06752,0.6871,-0.73653,0.66667,0.66514,278,59,15,121,41,312,123,25,225,34,40,145,236,65,8,127
1762553529.6882741,2.68214,0.06943,0.65587,-0.70626,0.65011,0.6699,259,55,30,150,49,269,126,19,241,47,34,141,202,57,11,142
1762553537.9824233,2.6291,0.07197,0.64844,-0.71983,0.62626,0.63457,282,65,25,140,43,283,116,22,207,36,38,115,201,56,18,130
1762553546.2819881,2.77882,0.06696,0.69672,-0.74014,0.66885,0.67312,294,56,18,120,36,269,106,20,232,36,40,151,237,55,21,152
1762553554.5723603,2.70311,0.06914,0.65462,-0.6822,0.70833,0.65796,280,59,27,132,56,284,113,19,249,31,32,120,209,59,13,140
1762553562.874976,2.73323,0.06869,0.62857,-0.74292,0.68352,0.67822,271,68,23,128,41,286,114,18,237,44,28,146,198,48,17,141
1762553571.1596682,2.7856,0.06807,0.67373,-0.75947,0.69231,0.6601,260,57,20,135,34,260,135,20,255,38,32,130,198,51,18,139
1762553579.4552202,2.59506,0.07218,0.64192,-0.73602,0.63158,0.58554,248,59,23,128,40,281,107,19,207,39,45,165,207,69,17,122
1762553587.8082697,2.75144,0.06748,0.67967,-0.73717,0.67483,0.65977,276,59,19,133,41,289,134,23,244,40,33,132,217,66,8,144
1762553596.0974596,2.70579,0.06843,0.56735,-0.75,0.74371,0.64474,252,78,28,132,42,283,102,13,249,30,26,132,226,71,10,149
1762553604.4158478,2.73128,0.06846,0.69794,-0.67521,0.71558,0.64255,264,44,22,107,46,277,115,30,230,29,34,150,230,66,18,156
1762553612.7166514,2.66383,0.07098,0.63747,-0.73333,0.68101,0.61201,272,68,21,130,39,276,114,21,208,33,30,124,211,70,14,138
1762553621.0348191,2.67322,0.06954,0.62553,-0.73529,0.67184,0.64055,254,62,26,128,44,289,124,19,229,37,37,148,228,63,15,128
1762553629.317326,2.67979,0.06861,0.64082,-0.71429,0.69333,0.63136,277,70,18,125,50,288,102,15,257,38,31,124,231,73,14,154
1762553637.625367,2.6734,0.07125,0.66667,-0.70241,0.67785,0.62648,256,54,16,94,43,273,116,25,247,38,34,128,207,61,18,137
1762553645.916776,2.67999,0.0699,0.69231,-0.62174,0.69444,0.6715,272,65,13,157,54,277,96,33,231,33,33,135,218,56,12,128
1762553654.2148843,2.7286,0.06728,0.62828,-0.73166,0.72597,0.64269,264,69,23,139,48,302,111,16,268,37,30,154,201,66,11,153
1762553662.5234742,2.67342,0.07013,0.63797,-0.73389,0.6278,0.67376,241,67,15,130,36,313,104,28,230,41,42,133,203,55,14,151
1762553670.8386023,2.79681,0.06694,0.73222,-0.75847,0.6967,0.60941,292,48,16,122,40,299,116,17,250,39,30,136,203,70,13,139
1762553679.145224,2.71944,0.06902,0.6556,-0.73154,0.71002,0.62228,265,66,17,134,42,290,97,18,257,41,27,144,213,65,13,122
1762553687.446838,2.69215,0.07136,0.72257,-0.68539,0.66514,0.61905,271,49,18,145,48,259,116,22,225,42,31,138,205,60,12,101
1762553695.7249722,2.66663,0.0703,0.63715,-0.71946,0.72786,0.58216,259,72,12,120,40,264,116,22,256,38,25,144,202,79,10,135
1762553704.0023215,2.64715,0.06879,0.68248,-0.73523,0.63319,0.59624,322,66,21,139,45,307,119,20,228,52,32,146,208,71,15,132
1762553712.2835069,2.80916,0.06742,0.66457,-0.74009,0.71138,0.69312,258,66,14,139,44,283,112,15,258,42,29,163,198,48,10,122
1762553720.5737178,2.75929,0.06798,0.67123,-0.74292,0.68928,0.65586,302,71,13,125,41,289,111,18,224,40,31,162,215,56,13,117
1762553728.8659077,2.83716,0.06687,0.6531,-0.78523,0.6971,0.70171,252,59,22,134,35,271,128,13,236,32,36,145,198,44,17,150
1762553737.1617181,2.77123,0.06834,0.65546,-0.72889,0.72185,0.66502,267,66,16,127,40,295,94,21,252,31,32,138,205,59,9,133
1762553745.452089,2.73637,0.06681,0.64961,-0.69014,0.71861,0.678,277,67,22,142,49,300,120,28,239,32,33,158,220,63,8,150
1762553753.746794,2.69815,0.06889,0.67821,-0.70549,0.68778,0.62667,275,63,16,137,43,286,102,24,222,41,28,151,216,72,12,150
1762553762.0415478,2.70143,0.06854,0.68297,-0.76,0.63514,0.62332,296,64,17,134,41,285,111,13,239,51,30,124,228,74,10,134
1762553770.3382695,2.74287,0.06819,0.668,-0.74336,0.6696,0.6619,271,66,17,146,47,289,105,11,250,39,36,129,211,59,12,138
1762553778.6461246,2.85,0.06467,0.64301,-0.79654,0.74043,0.70115,255,62,21,127,34,301,114,13,259,31,30,150,223,55,10,147
1762553786.9654999,2.74705,0.06861,0.65293,-0.7463,0.70306,0.64477,254,61,19,127,33,293,120,27,240,33,35,150,217,67,6,121
1762553795.2601156,2.71416,0.0695,0.61074,-0.73423,0.71818,0.65101,241,61,26,119,41,276,109,18,243,41,21,135,223,68,10,146
1762553803.5596812,2.68811,0.07027,0.65932,-0.70089,0.68468,0.64322,283,68,17,131,45,273,108,22,241,44,26,133,178,58,13,149
1762553811.8479772,2.73293,0.06855,0.63675,-0.76264,0.71116,0.62238,236,68,17,147,35,290,111,19,241,33,33,150,226,68,13,122
1762553820.1336417,2.77618,0.06778,0.74123,-0.68776,0.66516,0.68203,279,45,14,118,51,286,114,23,243,49,25,125,223,58,11,142
1762553828.429285,2.72969,0.06872,0.69102,-0.7156,0.71002,0.61305,265,53,21,140,44,253,121,18,258,29,39,143,225,62,21,121
1762553836.7182653,2.60581,0.07036,0.60842,-0.68619,0.68109,0.63011,261,68,25,121,43,272,131,32,226,31,39,143,226,71,15,153
1762553845.0122344,2.74042,0.06818,0.62041,-0.75566,0.67579,0.68856,262,75,18,135,41,277,111,13,272,44,33,126,220,49,15,127
1762553853.2982697,2.71011,0.06872,0.64919,-0.712,0.69856,0.65035,282,63,24,127,44,312,116,28,223,34,29,132,218,62,13,136
1762553861.6045024,2.70541,0.07063,0.59833,-0.75286,0.73206,0.62217,267,74,22,115,39,278,105,15,231,27,29,131,207,62,13,115
1762553869.9074166,2.79102,0.06698,0.6627,-0.77586,0.6777,0.67476,281,58,27,138,31,309,103,21,244,31,42,136,197,53,14,148
1762553878.2314746,2.7164,0.06737,0.69429,-0.67841,0.7045,0.6392,316,63,20,144,56,282,99,17,274,40,29,124,229,75,6,139
1762553886.5439675,2.62446,0.07263,0.66259,-0.67593,0.61174,0.67421,237,51,18,103,55,261,101,15,233,53,33,124,216,54,18,154
1762553894.8297925,2.78068,0.06679,0.67532,-0.75869,0.72889,0.61778,265,58,17,122,40,316,114,19,253,24,37,136,220,73,13,144
1762553903.1323254,2.69436,0.06818,0.61771,-0.75983,0.67462,0.6422,278,81,14,124,39,301,124,19,240,37,38,146,207,65,13,151
1762553911.4586132,2.7519,0.06743,0.64103,-0.72185,0.6888,0.70022,259,65,19,125,43,290,100,20,255,34,41,152,211,57,10,169
1762553919.7688618,2.68289,0.07086,0.63711,-0.69593,0.68056,0.66929,265,67,21,132,56,302,94,15,225,36,33,138,182,51,12,136
1762553928.1244328,2.60601,0.07198,0.61441,-0.671,0.69593,0.62468,262,69,22,119,53,254,132,23,233,36,35,163,184,64,9,132
1762553936.4296458,2.75418,0.06714,0.68033,-0.67702,0.72566,0.67117,305,66,12,105,64,301,104,14,260,38,24,130,216,60,13,155
1762553944.732988,2.62279,0.07106,0.64731,-0.70124,0.72494,0.5493,259,63,19,124,52,291,119,20,225,36,23,145,201,77,19,129
1762553953.0328019,2.63599,0.06959,0.57627,-0.72746,0.63203,0.70022,243,73,27,129,43,306,106,22,229,60,25,148,229,54,13,151
1762553961.3319142,2.6783,0.07098,0.62733,-0.74138,0.71492,0.59467,274,71,19,119,41,277,127,19,251,28,36,134,188,56,20,111
1762553969.6180747,2.73288,0.06889,0.60944,-0.75796,0.70288,0.66259,267,68,23,108,37,288,126,20,243,41,26,141,208,59,10,132
1762553977.902798,2.75775,0.06868,0.69937,-0.68085,0.71861,0.65891,274,54,18,133,53,279,116,22,235,29,36,162,197,60,6,124
1762553986.181957,2.77127,0.06774,0.62473,-0.73102,0.70909,0.70642,280,71,17,101,42,285,114,20,244,31,33,132,244,54,10,128
1762553994.4749901,2.75513,0.06755,0.65432,-0.69231,0.71304,0.69545,275,66,18,127,43,275,110,27,248,35,31,146,210,56,11,163
1762554002.7754765,2.70435,0.06937,0.58811,-0.73248,0.69333,0.69042,275,72,25,99,40,287,121,23,244,36,33,137,222,51,12,122
1762554011.0466447,2.61701,0.06947,0.61121,-0.70431,0.68685,0.61463,300,83,21,131,46,291,124,26,249,36,39,155,197,72,7,134
1762554019.3556633,2.6872,0.06889,0.65339,-0.73576,0.63907,0.65899,289,67,20,126,38,281,100,20,249,51,34,137,206,59,15,154
1762554027.6433606,2.74523,0.06847,0.67288,-0.77872,0.67213,0.6215,285,68,11,119,41,299,119,11,220,37,33,137,215,61,20,132
1762554035.9402683,2.75513,0.06791,0.59343,-0.76659,0.69298,0.70213,270,72,27,118,38,267,119,13,251,37,33,135,202,51,12,158
1762554044.2202477,2.58846,0.07018,0.57471,-0.71554,0.66737,0.63084,287,86,25,124,43,281,111,22,247,33,46,149,226,63,16,123
1762554052.5278115,2.80963,0.06565,0.66324,-0.72784,0.74642,0.67213,257,57,25,148,48,299,120,18,268,29,33,159,225,52,18,132
1762554060.8067663,2.84454,0.06589,0.6971,-0.75701,0.76264,0.6278,307,54,19,102,38,274,102,14,244,34,20,157,201,71,12,162
1762554069.1006196,2.72408,0.06811,0.66186,-0.72574,0.68053,0.65596,265,61,21,138,39,300,109,26,244,42,31,140,217,58,17,144
1762554077.3907647,2.80533,0.06811,0.65458,-0.73516,0.74222,0.67337,261,51,30,127,36,272,108,22,256,34,24,136,203,59,6,130
1762554085.6823661,2.68927,0.06911,0.61212,-0.73763,0.67841,0.6611,278,73,23,121,36,294,110,25,252,37,36,129,198,56,15,150
1762554093.9985967,2.72833,0.06924,0.63556,-0.7046,0.64803,0.74014,243,63,19,125,45,250,102,16,260,45,40,138,221,46,10,154
1762554102.31276,2.58221,0.07245,0.58898,-0.72321,0.71498,0.55504,255,73,24,120,44,274,112,18,211,31,28,144,191,72,23,141
1762554110.6085887,2.6794,0.06912,0.66732,-0.74888,0.67699,0.58621,300,62,23,126,36,269,121,20,231,40,33,148,202,73,17,143
1762554118.9046974,2.59656,0.07354,0.57946,-0.68322,0.71239,0.6215,223,62,24,100,45,255,101,22,252,32,33,135,214,67,14,133
1762554127.226895,2.75315,0.06894,0.65217,-0.73304,0.67981,0.68812,259,60,24,140,37,290,106,24,250,38,31,112,213,54,9,128
1762554135.5168366,2.79941,0.06779,0.69737,-0.80531,0.66307,0.63366,261,52,17,126,29,283,125,15,249,43,35,136,189,58,16,141
1762554143.7948806,2.67172,0.07068,0.7037,-0.71101,0.6971,0.5599,271,58,14,143,51,259,114,12,229,37,31,152,191,73,17,128
1762554152.108306,2.74175,0.06819,0.61066,-0.77083,0.72523,0.63504,268,74,21,125,43,307,118,12,235,29,32,148,211,65,10,125
1762554160.4174626,2.75887,0.06857,0.69937,-0.68539,0.64045,0.73366,291,53,19,116,49,265,110,21,234,41,39,131,214,48,7,144
1762554168.7048147,2.75052,0.06775,0.65517,-0.73932,0.75059,0.60544,265,61,24,143,44,293,114,17,225,33,20,147,209,70,17,145
1762554177.0590014,2.78849,0.06583,0.66734,-0.75569,0.69362,0.67184,286,62,20,125,40,316,108,19,267,36,36,131,222,65,9,155
1762554185.3516898,2.71856,0.06806,0.65957,-0.73742,0.68559,0.63597,277,62,18,113,41,293,104,19,251,36,36,135,228,64,21,154
1762554193.6343331,2.7871,0.06929,0.61949,-0.71429,0.76832,0.685,240,60,22,109,43,281,109,22,231,22,27,143,201,57,6,136
1762554201.9539037,2.71275,0.06878,0.63883,-0.73333,0.69655,0.64403,286,65,28,136,43,278,112,17,232,32,34,137,214,63,13,137
1762554210.2438598,2.83649,0.06645,0.7551,-0.72429,0.70175,0.65534,272,44,16,158,46,294,100,17,250,35,33,138,203,59,12,138
1762554218.5149887,2.75907,0.06832,0.65011,-0.73415,0.70575,0.66906,259,64,17,123,46,308,116,19,231,46,18,140,188,59,10,160
1762554226.8172941,2.78925,0.06726,0.656,-0.74163,0.70136,0.69027,288,63,23,126,37,271,93,17,241,33,33,135,224,58,12,158
1762554235.0976593,2.78937,0.06784,0.68803,-0.72247,0.73585,0.64302,282,56,17,113,42,279,112,21,238,31,25,130,218,61,17,141
1762554243.4027083,2.64493,0.07038,0.58099,-0.71812,0.6713,0.67452,255,77,20,111,47,276,108,16,222,39,32,139,218,62,14,173
1762554251.6936374,2.65791,0.06983,0.57464,-0.70975,0.70387,0.66964,256,75,29,129,41,275,102,23,225,41,24,149,227,59,15,147
1762554259.9903734,2.67944,0.06962,0.61587,-0.7032,0.71983,0.64055,260,73,19,127,49,267,106,16,264,35,30,135,220,59,19,136
1762554268.2714226,2.61862,0.07216,0.62637,-0.69421,0.66341,0.63462,262,67,18,108,51,303,107,23,236,37,32,105,203,65,11,137
1762554276.5660892,2.7913,0.06793,0.65895,-0.73709,0.76106,0.6342,251,65,16,143,40,267,103,16,266,28,26,132,205,57,20,139
1762554284.85323,2.78975,0.06836,0.66368,-0.73086,0.75169,0.64352,248,59,16,123,43,275,98,15,242,33,22,146,212,61,16,143
1762554293.1310875,2.75223,0.06768,0.63291,-0.77885,0.70213,0.63834,245,69,18,142,36,282,88,10,255,42,28,145,233,69,14,143
1762554301.436786,2.65434,0.06957,0.67432,-0.73893,0.62118,0.61991,270,56,22,131,44,254,119,12,276,54,39,122,218,67,17,140
1762554309.7205288,2.75468,0.06849,0.60722,-0.7552,0.71784,0.67442,259,69,18,97,43,298,82,10,258,30,38,156,222,55,15,138
1762554318.0301626,2.65944,0.07046,0.6531,-0.70667,0.6789,0.62077,249,64,17,137,51,278,106,15,237,40,30,129,215,72,12,144
1762554326.3299298,2.71667,0.06821,0.60515,-0.71488,0.74371,0.65293,251,69,23,123,41,291,118,27,235,32,24,146,236,67,13,145
1762554334.6153374,2.65539,0.07002,0.63128,-0.70678,0.68233,0.635,288,79,20,150,48,283,107,19,238,38,33,138,198,61,12,129
1762554342.9072263,2.6296,0.07177,0.63636,-0.72998,0.70507,0.55819,264,66,18,114,43,260,118,16,227,35,29,143,201,78,15,127
1762554351.177857,2.81431,0.06664,0.62677,-0.76722,0.76211,0.6582,281,69,23,120,33,280,92,16,264,32,22,136,212,55,19,147
1762554359.481391,2.73336,0.06895,0.66816,-0.74684,0.69888,0.61949,259,56,18,113,42,295,119,18,244,40,27,134,191,67,15,158
1762554367.8073144,2.65364,0.06951,0.59136,-0.71429,0.6861,0.6619,281,87,17,124,53,280,128,15,234,36,34,142,206,59,12,143
1762554376.0992298,2.68537,0.06916,0.64588,-0.76573,0.70068,0.57309,276,69,19,133,39,291,116,15,248,32,34,127,202,71,21,137
1762554384.3785088,2.7183,0.06965,0.70265,-0.69536,0.68,0.64029,304,52,21,114,49,268,116,20,221,27,41,136,214,60,15,128
1762554392.6708117,2.65962,0.06818,0.58491,-0.7479,0.71861,0.6082,289,79,31,131,42,319,97,18,246,35,30,151,220,64,22,133
1762554400.9642494,2.67893,0.06931,0.61345,-0.73361,0.65831,0.67356,255,72,20,129,52,293,130,13,233,37,38,131,214,55,16,150
1762554409.2549841,2.72117,0.06957,0.64329,-0.70423,0.71963,0.65403,271,60,29,139,46,266,97,17,243,30,30,125,214,60,13,135
1762554417.5748465,2.65461,0.07186,0.63011,-0.69575,0.70439,0.62437,253,66,20,126,43,281,98,25,233,29,35,136,200,55,19,120
1762554425.860567,2.68243,0.06934,0.64344,-0.7069,0.67401,0.65808,276,69,18,125,51,298,98,17,226,37,37,154,208,62,11,146
1762554434.1380374,2.7026,0.06823,0.68952,-0.71754,0.66805,0.62749,312,55,22,107,41,281,96,21,250,47,33,152,214,68,16,153
1762554442.4160628,2.64815,0.07039,0.62553,-0.72549,0.67681,0.62031,256,65,23,126,42,273,123,21,232,37,32,126,220,71,15,147
1762554450.7121224,2.66168,0.07169,0.69261,-0.70203,0.64598,0.62105,271,54,23,153,45,270,107,21,236,40,37,122,188,55,17,120
1762554458.9897635,2.56113,0.07346,0.57631,-0.66588,0.6614,0.65753,256,78,15,90,57,265,89,14,232,51,24,136,220,64,11,143
1762554467.2887564,2.80822,0.06745,0.70577,-0.72541,0.70616,0.67089,284,59,15,145,44,312,109,23,243,28,34,117,199,48,17,131
1762554475.5715437,2.69298,0.06884,0.67742,-0.72443,0.65432,0.63682,271,53,27,145,46,296,117,20,248,52,32,154,173,60,13,156
1762554483.861659,2.85,0.06533,0.64551,-0.75342,0.73303,0.72082,269,56,25,107,45,320,128,18,247,32,27,136,242,48,13,134
1762554492.1704223,2.78156,0.06729,0.65086,-0.73523,0.70698,0.68849,262,57,24,121,45,292,134,20,226,29,34,141,236,58,11,138
1762554500.4851415,2.76946,0.06641,0.64777,-0.7377,0.70248,0.6815,275,65,22,132,45,316,108,19,267,37,35,145,225,60,8,134
1762554508.7797713,2.59683,0.07353,0.63011,-0.68,0.66744,0.61929,261,68,18,118,48,244,113,20,235,33,39,126,194,61,14,125
1762554517.0812683,2.64623,0.07108,0.59252,-0.73113,0.71359,0.60899,252,76,22,131,45,264,103,12,217,33,26,136,207,75,12,151
1762554525.3673544,2.74428,0.06782,0.64286,-0.73799,0.72747,0.63596,244,69,16,147,47,283,115,13,258,23,39,135,236,55,26,128
1762554533.6745772,2.729,0.06965,0.65532,-0.74487,0.6758,0.65301,269,64,17,120,44,271,112,12,250,38,33,117,214,61,11,129
1762554541.9572499,2.73892,0.06904,0.63111,-0.69643,0.7533,0.65808,247,66,17,120,46,278,102,22,249,23,33,149,210,64,9,144
1762554550.2474194,2.75547,0.06798,0.58403,-0.76818,0.74279,0.66047,255,73,26,122,37,287,102,14,239,35,23,154,213,57,16,144
1762554558.542805,2.7606,0.06632,0.65354,-0.77778,0.67816,0.65112,291,66,22,129,35,288,120,16,231,38,32,134,247,77,9,160
1762554566.8400512,2.7784,0.06855,0.69507,-0.66882,0.7561,0.65842,261,54,14,117,46,272,116,31,271,28,27,125,190,56,13,145
1762554575.1268554,2.6175,0.0697,0.60677,-0.76907,0.64167,0.6,261,75,18,119,36,295,134,20,241,43,43,153,208,75,13,144
1762554583.4161103,2.75802,0.06873,0.59657,-0.74661,0.69021,0.72464,250,69,25,122,42,269,117,14,234,30,38,137,227,45,12,130
1762554591.70337,2.7104,0.06915,0.70204,-0.69803,0.68053,0.62981,288,57,16,129,47,272,116,22,236,39,34,148,195,62,15,144
1762554599.9887807,2.85,0.06571,0.68293,-0.76724,0.70698,0.69907,287,58,20,127,38,303,107,16,252,36,27,115,223,56,9,144
1762554608.2790456,2.74545,0.06729,0.62041,-0.73225,0.73895,0.65385,270,70,23,127,44,323,104,22,257,31,31,156,210,59,13,134
1762554616.5600774,2.63981,0.07145,0.60352,-0.68898,0.68889,0.65842,270,68,22,94,52,287,104,20,237,35,35,143,195,58,11,140
1762554624.8725557,2.71875,0.06983,0.65948,-0.73303,0.69032,0.63591,242,66,13,143,41,270,113,18,255,41,31,138,197,56,17,131
1762554633.1549525,2.76001,0.06865,0.67078,-0.74371,0.69194,0.65358,268,58,22,138,42,265,116,14,229,33,32,128,212,56,19,146
1762554641.456662,2.66973,0.07024,0.65831,-0.7505,0.64786,0.61305,253,60,15,111,49,311,124,13,229,44,34,136,203,69,14,143
1762554649.7486696,2.60371,0.07258,0.59236,-0.68807,0.69196,0.63131,258,71,25,117,54,264,104,14,249,36,33,130,184,60,13,139
1762554658.0443172,2.80734,0.06642,0.65293,-0.79149,0.68936,0.67356,243,61,19,138,38,301,120,11,258,32,41,139,224,56,15,140
1762554666.333465,2.80106,0.06678,0.68675,-0.75,0.75701,0.60731,284,54,24,136,38,280,119,19,219,28,24,157,205,71,15,147
1762554674.6051643,2.63117,0.0708,0.61864,-0.68467,0.72786,0.6,254,68,22,128,52,273,117,21,270,37,26,130,213,69,14,119
1762554682.8964863,2.79223,0.06675,0.63636,-0.71685,0.77384,0.66518,282,61,27,114,47,273,109,16,241,25,26,159,223,66,9,150
1762554691.1870384,2.7578,0.06684,0.66135,-0.74219,0.72897,0.62528,287,60,25,130,43,320,126,23,240,24,34,130,223,67,16,137
1762554699.4836729,2.73923,0.06998,0.66893,-0.70601,0.72748,0.6368,238,57,16,130,48,262,121,18,242,27,32,132,208,55,20,130
1762554707.7562208,2.68585,0.06844,0.60976,-0.71233,0.65574,0.70803,288,71,33,141,41,268,107,22,257,47,37,147,209,49,11,142
1762554716.0701015,2.70136,0.06958,0.65587,-0.70917,0.71818,0.61814,268,61,24,141,43,268,114,22,246,31,31,132,188,71,9,151
1762554724.3489408,2.70063,0.06871,0.63797,-0.71855,0.68398,0.66013,250,64,18,121,46,268,135,20,252,37,36,137,232,65,13,149
1762554732.6597025,2.71374,0.06963,0.60521,-0.74818,0.7395,0.62085,248,70,21,122,38,246,115,14,268,27,35,146,221,66,14,121
1762554740.9397998,2.79768,0.0671,0.62996,-0.78271,0.76364,0.62138,250,65,19,120,27,290,112,22,237,33,19,151,213,64,21,151
1762554749.2415087,2.79169,0.06758,0.65455,-0.76569,0.68172,0.68974,243,61,15,121,39,310,112,17,242,33,41,149,208,53,12,146
1762554757.521795,2.85,0.066,0.6866,-0.7494,0.74497,0.70531,280,49,27,129,36,267,96,16,240,37,20,150,219,52,9,134
1762554765.8062541,2.78557,0.06615,0.61089,-0.77586,0.70213,0.69668,286,76,24,128,34,282,130,18,259,41,29,141,228,52,12,130
1762554774.088038,2.7083,0.06933,0.61145,-0.74696,0.71558,0.63431,242,68,27,152,36,249,110,16,244,27,36,136,218,65,16,144
1762554782.3767,2.70111,0.07014,0.70276,-0.71179,0.65888,0.62768,280,55,15,121,41,275,117,25,222,45,28,133,200,62,16,141
1762554790.6635296,2.64804,0.07026,0.7037,-0.7316,0.63057,0.58216,253,49,19,138,42,281,119,20,243,54,33,141,200,77,12,137
1762554798.9579403,2.63772,0.07316,0.63294,-0.71628,0.64602,0.64249,247,67,11,100,44,257,112,17,243,39,41,129,201,59,10,116
1762554807.238344,2.79827,0.06735,0.65447,-0.74886,0.72747,0.66747,280,66,19,127,41,278,105,14,250,30,32,143,217,56,13,129
1762554815.531992,2.58686,0.07025,0.56917,-0.71236,0.63793,0.6674,262,81,28,135,49,279,102,15,241,43,41,139,221,62,14,160
1762554823.8154402,2.8246,0.0664,0.70276,-0.73134,0.70526,0.68523,268,56,14,133,42,302,104,21,291,37,33,114,187,51,14,161
1762554832.1075692,2.75163,0.06757,0.60878,-0.76471,0.69907,0.67907,262,66,32,141,47,299,121,9,231,32,33,136,199,57,12,162
1762554840.3992248,2.85,0.06434,0.76139,-0.76871,0.718,0.67198,285,48,7,121,36,274,116,15,251,33,32,145,220,61,11,147
1762554848.7004535,2.75676,0.06762,0.69528,-0.70901,0.68507,0.66741,265,52,19,130,44,260,110,19,256,42,35,156,236,66,9,140
1762554856.996658,2.68456,0.07148,0.65877,-0.66454,0.67281,0.68844,242,57,15,108,55,284,108,24,233,38,33,130,198,52,10,138
1762554865.282875,2.73593,0.06733,0.64384,-0.72428,0.73516,0.63265,321,66,25,99,46,292,127,21,234,35,23,146,219,61,20,141
1762554873.578372,2.75012,0.06777,0.61961,-0.72727,0.70022,0.70302,283,73,24,130,37,272,108,23,246,32,35,134,218,55,9,149
1762554881.8698883,2.75748,0.06916,0.60934,-0.77724,0.68571,0.68519,254,68,24,125,32,260,107,14,232,36,30,122,224,53,15,140
1762554890.1464705,2.85,0.06597,0.66667,-0.74026,0.72603,0.71946,267,53,24,118,37,293,109,23,240,34,26,138,239,51,11,141
1762554898.4418724,2.59453,0.07213,0.55365,-0.71496,0.68053,0.64539,230,79,25,132,39,258,103,21,233,41,32,151,214,67,8,134
1762554906.7483103,2.83307,0.06585,0.71193,-0.73187,0.73363,0.65563,281,59,11,135,43,287,107,18,242,34,25,142,234,63,15,141
1762554915.039012,2.79041,0.06602,0.67181,-0.77731,0.66667,0.67462,297,68,17,136,39,323,100,14,242,37,35,118,236,57,18,150
1762554923.3126585,2.678,0.07164,0.61488,-0.73529,0.68445,0.64337,230,68,20,139,39,251,103,15,236,34,34,127,206,59,15,135
1762554931.6094627,2.63012,0.07034,0.65644,-0.74487,0.65675,0.57205,287,61,23,118,37,270,113,19,241,34,41,121,214,81,17,146
1762554939.9017756,2.60185,0.07213,0.54237,-0.71754,0.70516,0.63678,245,85,23,119,47,261,116,15,227,28,32,120,215,63,16,141
1762554948.1906211,2.84157,0.06662,0.70683,-0.77391,0.70909,0.65174,293,59,14,132,31,278,130,21,259,30,34,117,207,57,13,125
1762554956.507478,2.85,0.06661,0.66667,-0.75688,0.75229,0.68193,264,63,16,131,39,271,112,14,258,30,24,124,212,58,8,137
1762554964.7876945,2.68102,0.06881,0.68544,-0.70791,0.65044,0.63723,305,66,15,129,52,294,127,20,249,41,38,124,201,64,12,142
1762554973.1132393,2.58287,0.07109,0.62473,-0.718,0.64786,0.59227,246,67,21,135,44,264,132,21,216,44,34,149,242,81,14,129
1762554981.3820338,2.77661,0.06882,0.62162,-0.76744,0.74371,0.64384,214,58,19,116,39,289,129,16,251,22,34,130,219,64,14,141
1762554989.6602638,2.71215,0.06858,0.65812,-0.75455,0.67556,0.62393,269,61,19,119,42,264,122,12,252,39,34,125,229,72,16,151
1762554997.9539974,2.76006,0.0672,0.61134,-0.75385,0.72444,0.67043,276,74,22,122,29,288,111,27,247,36,26,141,221,61,12,149
1762555006.2500222,2.79342,0.06813,0.66173,-0.75271,0.71744,0.66154,281,64,16,112,36,285,119,21,248,35,29,141,196,59,7,128
1762555014.557319,2.72765,0.06929,0.66879,-0.73034,0.70588,0.62264,255,62,16,138,45,283,102,15,244,37,28,133,213,70,10,131
1762555022.8401856,2.69714,0.06845,0.652,-0.70039,0.72059,0.62416,290,73,14,123,52,301,136,25,214,32,25,137,208,71,13,155
1762555031.1224837,2.69501,0.06953,0.64329,-0.72477,0.73913,0.58782,293,67,22,117,42,262,114,18,241,31,26,139,206,77,11,133
1762555039.4133074,2.74423,0.06849,0.66953,-0.73451,0.7,0.64019,260,60,17,129,32,291,101,28,247,31,38,144,199,66,11,152
1762555047.7076776,2.71053,0.06828,0.63258,-0.74702,0.68908,0.64186,288,66,31,143,32,268,98,21,262,45,29,140,209,63,14,144
1762555056.008039,2.69174,0.06921,0.62031,-0.72247,0.70085,0.64811,271,66,20,96,40,291,100,23,266,36,34,132,221,65,14,149
1762555064.2788956,2.61413,0.0703,0.60905,-0.70825,0.71047,0.58636,284,64,31,107,48,298,106,21,246,29,36,138,201,72,19,148
1762555072.5489805,2.54315,0.07397,0.59748,-0.69231,0.65438,0.59898,265,70,26,116,47,271,103,21,233,38,37,126,178,59,20,137
1762555080.8565361,2.76203,0.06895,0.70536,-0.72912,0.68372,0.64384,258,48,18,124,42,277,106,18,236,41,27,126,220,58,20,140
1762555089.1373615,2.76561,0.06767,0.70974,-0.76629,0.65773,0.63184,291,50,23,139,35,277,116,17,236,45,38,166,192,63,11,136
1762555097.4306731,2.70415,0.06828,0.61587,-0.74249,0.67338,0.67241,258,71,21,129,40,290,116,20,236,37,36,138,223,62,14,165
1762555105.722627,2.74771,0.06913,0.63964,-0.74888,0.70952,0.64967,233,56,24,131,29,259,131,27,226,27,34,133,228,73,6,144
1762555114.0057101,2.7363,0.06718,0.62193,-0.72824,0.68153,0.7046,302,78,22,127,43,282,125,21,264,38,37,132,204,54,7,148
1762555122.285059,2.68998,0.0695,0.62295,-0.75111,0.65563,0.66029,271,73,19,125,35,275,119,21,249,47,31,126,207,53,18,140
1762555130.5683997,2.65945,0.07207,0.63482,-0.715,0.67191,0.63772,261,67,19,124,37,243,100,20,237,36,37,135,194,64,9,136
1762555138.8572485,2.73057,0.06854,0.6568,-0.74066,0.70575,0.62736,294,67,20,126,40,293,103,19,245,29,35,126,208,65,14,137
1762555147.1560514,2.6306,0.07029,0.58824,-0.75909,0.63913,0.64414,259,68,30,119,42,270,117,11,239,41,42,138,222,61,18,143
1762555155.4367812,2.61715,0.07193,0.60356,-0.68553,0.72414,0.60391,239,68,21,121,55,289,113,20,242,29,31,133,199,63,18,129
1762555163.7080355,2.72861,0.06857,0.64758,-0.73733,0.6868,0.6569,253,60,20,121,37,274,103,20,240,41,29,137,233,68,14,163
1762555172.0003078,2.73738,0.07057,0.69507,-0.72961,0.66746,0.64524,260,50,18,118,45,276,127,18,240,46,24,111,189,57,12,131
1762555180.2975092,2.75166,0.06848,0.63602,-0.72,0.73134,0.6643,290,73,22,137,46,286,101,17,218,24,30,130,219,55,16,133
1762555188.5689728,2.79604,0.0663,0.66154,-0.73009,0.7415,0.66292,274,69,19,158,43,274,117,18,247,38,19,137,207,64,11,163
1762555196.8846524,2.74508,0.06923,0.66079,-0.70721,0.68372,0.69336,250,58,19,127,47,259,120,18,229,45,23,133,228,52,15,142
1762555205.1905262,2.66516,0.0701,0.63071,-0.72269,0.69545,0.61631,277,66,23,116,49,303,107,17,248,47,20,125,195,67,13,142
1762555213.5034945,2.8241,0.06624,0.67059,-0.71681,0.7506,0.6861,284,68,16,142,40,266,122,24,231,29,23,134,251,45,25,125
1762555221.7766612,2.80418,0.06528,0.65649,-0.75536,0.69575,0.69658,300,63,27,134,40,324,85,17,225,36,32,154,238,49,22,159
1762555230.0655918,2.72263,0.06801,0.65727,-0.7744,0.64286,0.64811,269,58,21,113,35,282,127,17,264,41,44,127,204,67,12,166
1762555238.3569562,2.7897,0.06793,0.6172,-0.78899,0.70655,0.67696,270,72,17,106,32,273,117,14,230,39,26,148,218,52,16,135
1762555246.626754,2.82258,0.06629,0.63745,-0.68724,0.76524,0.73265,288,66,25,123,56,297,113,20,256,33,19,135,206,39,13,131
1762555254.9479501,2.68827,0.06927,0.625,-0.76581,0.65618,0.64128,290,72,24,126,34,279,98,16,250,51,31,145,201,58,15,133
1762555263.2333856,2.69836,0.07042,0.57085,-0.73333,0.71905,0.67513,260,87,19,128,36,263,114,22,217,36,23,144,195,47,17,135
1762555271.5306442,2.7468,0.06913,0.66814,-0.71882,0.67206,0.68778,248,52,23,129,42,277,102,20,229,32,39,133,227,60,9,146
1762555279.8238204,2.59316,0.07287,0.58985,-0.72811,0.67929,0.59591,253,71,26,123,40,269,106,19,213,33,39,164,187,60,19,125
1762555288.0926313,2.73045,0.06961,0.64253,-0.73363,0.74946,0.60482,238,58,21,125,43,288,96,16,242,33,25,163,202,69,13,131
1762555296.38328,2.7127,0.0684,0.62947,-0.72949,0.66737,0.68636,258,68,20,129,42,283,107,19,248,46,33,148,221,54,15,150
1762555304.688651,2.77142,0.06935,0.69593,-0.72851,0.67542,0.67157,266,57,14,130,43,267,115,17,226,38,30,125,198,52,15,143
1762555312.9784722,2.79004,0.06672,0.65784,-0.73991,0.73019,0.6621,279,66,18,128,36,289,99,22,250,37,26,154,210,68,6,154
1762555321.2662377,2.72035,0.06892,0.62208,-0.74049,0.71226,0.64551,266,63,26,116,33,283,106,25,212,33,28,151,216,68,13,160
1762555329.5614333,2.72191,0.06917,0.64657,-0.69787,0.72431,0.65315,281,65,20,115,51,296,103,20,214,29,26,130,226,63,14,141
1762555337.8506353,2.71425,0.06836,0.58351,-0.74348,0.72671,0.66055,251,76,20,114,38,293,108,21,253,28,38,164,220,64,10,142
1762555346.171675,2.72178,0.069,0.65289,-0.74783,0.68288,0.63819,263,68,16,137,33,283,119,25,256,39,36,142,190,59,13,136
1762555354.4679723,2.85,0.06504,0.67423,-0.73717,0.74207,0.71007,268,54,25,138,44,307,116,20,256,36,25,156,219,53,6,129
1762555362.7622747,2.78713,0.0668,0.65587,-0.74505,0.70323,0.68298,288,67,18,121,38,289,108,20,249,36,33,147,216,56,12,145
1762555371.0477488,2.56188,0.0711,0.61866,-0.64732,0.71429,0.58161,267,66,28,132,49,263,106,30,262,39,32,164,218,69,22,126
1762555379.340927,2.64052,0.07118,0.62525,-0.73483,0.65485,0.62559,279,59,33,120,35,291,95,24,226,34,39,124,194,64,15,149
1762555387.6099854,2.67617,0.06814,0.64155,-0.69672,0.7379,0.6,291,70,18,112,51,302,112,23,271,33,32,160,215,74,13,133
1762555395.8817487,2.77145,0.06735,0.65957,-0.75688,0.74449,0.6105,268,62,18,122,36,280,103,17,270,33,25,126,226,74,15,142
1762555404.158577,2.75765,0.06879,0.67686,-0.75267,0.68794,0.64019,259,59,15,125,43,295,116,15,246,32,34,111,211,62,15,140
1762555412.4586382,2.73823,0.0677,0.65702,-0.74468,0.70136,0.63516,275,61,22,126,44,292,118,16,233,38,28,143,241,67,16,131
1762555420.7440398,2.83577,0.06516,0.65432,-0.76573,0.77447,0.64126,263,66,18,139,32,303,104,22,272,24,29,145,219,64,16,147
1762555429.0297225,2.73741,0.06827,0.68192,-0.74845,0.69762,0.60941,279,54,19,107,41,305,119,20,248,39,31,145,210,61,22,132
1762555437.3804252,2.77086,0.06887,0.66968,-0.75576,0.66071,0.68471,237,60,13,132,40,270,111,13,243,32,44,129,212,53,14,146
1762555445.6625795,2.672,0.07133,0.62264,-0.79263,0.67464,0.58209,253,74,16,134,31,279,110,14,224,43,25,126,188,72,12,130
1762555453.943449,2.66976,0.06979,0.63478,-0.74514,0.66454,0.62529,256,69,15,120,43,303,101,16,248,40,39,144,209,64,16,138
1762555462.241636,2.74236,0.06881,0.64435,-0.77686,0.69118,0.62998,268,67,18,125,34,307,123,20,227,30,33,118,220,68,11,128
1762555470.5483258,2.76292,0.06894,0.63834,-0.7296,0.70833,0.68664,247,64,19,129,43,265,106,15,238,24,39,131,216,59,9,150
1762555478.8357143,2.74822,0.06869,0.63889,-0.69882,0.74297,0.66753,288,72,19,125,42,262,99,22,273,37,27,161,192,54,10,129
1762555487.1336517,2.78172,0.0691,0.70561,-0.77679,0.669,0.63033,265,54,9,100,34,285,113,16,225,38,33,133,218,62,16,126
1762555495.41919,2.63483,0.07242,0.60648,-0.74324,0.6861,0.59901,239,61,24,108,37,290,97,20,238,39,31,138,181,67,14,142
1762555503.7241604,2.63995,0.07076,0.60349,-0.67452,0.71875,0.64319,246,69,22,122,55,281,110,21,242,38,25,143,223,64,12,127
1762555512.01423,2.72932,0.0693,0.61212,-0.7,0.78454,0.63265,269,57,39,130,45,263,128,24,231,24,22,150,193,54,18,127
1762555520.302573,2.66572,0.07063,0.61778,-0.7316,0.7109,0.60544,235,67,19,129,40,309,91,22,243,29,32,118,207,65,22,147
1762555528.5985615,2.67941,0.0692,0.66857,-0.72234,0.67347,0.61502,308,67,20,130,47,296,101,17,241,38,34,128,220,71,11,124
1762555536.8731825,2.76669,0.06736,0.66805,-0.73815,0.72746,0.63303,269,64,16,133,42,284,101,16,253,40,25,159,215,64,16,141
1762555545.1873233,2.57355,0.07128,0.62288,-0.69684,0.63057,0.62326,285,68,21,98,46,288,115,26,236,45,42,148,213,69,12,136
1762555553.4601216,2.70518,0.06808,0.59227,-0.77684,0.72597,0.61009,249,72,23,122,30,294,128,23,249,42,25,173,210,68,17,141
1762555561.7323678,2.68482,0.07181,0.6476,-0.7355,0.7046,0.59712,246,60,17,114,35,264,110,22,217,35,26,135,204,66,18,129
1762555570.0137382,2.67202,0.07031,0.66329,-0.67756,0.67191,0.65926,279,64,19,131,53,257,128,21,227,42,31,145,195,55,14,141
1762555578.300641,2.6782,0.07088,0.63636,-0.69978,0.66514,0.67692,263,72,16,133,44,271,114,24,238,32,41,125,194,48,15,133
1762555586.5968802,2.649,0.0708,0.59579,-0.73363,0.67442,0.64516,255,73,23,124,38,275,109,21,236,33,37,124,217,60,17,140
1762555594.8636906,2.69726,0.0689,0.58159,-0.7973,0.68201,0.63636,261,77,23,117,30,285,114,15,263,42,34,139,215,65,11,127
1762555603.1429203,2.75977,0.06724,0.63636,-0.70638,0.74884,0.66818,298,73,19,116,51,291,110,18,241,26,28,135,228,62,11,139
1762555611.4377716,2.7006,0.07038,0.63283,-0.69444,0.73696,0.63636,263,68,17,115,44,255,111,22,238,35,23,145,209,62,14,133
1762555619.7336361,2.67281,0.06955,0.61667,-0.68803,0.70065,0.66746,271,69,23,117,54,292,103,19,242,38,31,150,205,58,12,146
1762555628.0270422,2.7213,0.06896,0.65145,-0.69955,0.74939,0.62092,267,61,23,131,47,263,116,20,231,27,24,125,217,73,14,155
1762555636.3019848,2.69193,0.07141,0.58373,-0.73272,0.71041,0.66507,226,74,13,105,39,267,109,19,220,32,32,158,205,61,9,143
1762555644.5813682,2.76828,0.06807,0.66161,-0.75053,0.73478,0.62136,252,59,19,131,39,294,120,20,233,29,32,166,189,63,15,145
1762555652.8667934,2.66114,0.07043,0.59761,-0.76606,0.67647,0.621,276,82,19,125,34,275,110,17,222,34,32,120,211,63,20,144
1762555661.1568477,2.6519,0.0711,0.61074,-0.67579,0.71171,0.65366,267,66,21,93,60,285,113,17,227,33,31,153,190,50,21,149
1762555669.4471762,2.6736,0.07057,0.62445,-0.79431,0.63362,0.62121,249,66,20,123,35,282,128,12,236,46,39,143,199,51,24,122
1762555677.7546463,2.69767,0.06974,0.6,-0.73778,0.70883,0.65106,245,60,29,111,39,285,106,20,225,25,36,133,226,65,17,162
1762555686.0468748,2.6758,0.07216,0.63311,-0.72903,0.71366,0.6,254,56,26,111,46,293,109,17,237,40,25,152,173,63,9,115
1762555694.3369966,2.72709,0.06932,0.6632,-0.72028,0.65403,0.68958,277,58,23,123,45,273,96,15,237,43,30,112,228,51,19,153
1762555702.6434863,2.81728,0.06659,0.66173,-0.75893,0.74066,0.65596,280,62,18,113,35,284,110,19,264,32,27,132,206,62,13,155
1762555710.9290998,2.65457,0.06902,0.6,-0.73191,0.65217,0.67048,255,74,27,149,47,272,135,16,217,37,43,163,215,56,16,150
1762555719.202798,2.74265,0.06662,0.64981,-0.74359,0.72135,0.62791,275,68,22,149,39,289,119,21,241,31,31,142,242,74,14,143
1762555727.5008357,2.64,0.07012,0.60169,-0.70387,0.67227,0.66216,273,69,25,105,49,275,99,16,251,43,35,147,236,62,13,133
1762555735.7995596,2.63067,0.07196,0.61845,-0.75484,0.66364,0.59375,264,71,20,122,43,283,125,14,230,43,31,136,181,64,14,125
1762555744.0916655,2.63922,0.07038,0.62241,-0.75109,0.70323,0.5625,264,70,21,127,41,285,116,16,241,30,39,155,191,76,15,134
1762555752.3750784,2.61359,0.07155,0.62288,-0.70435,0.69828,0.58809,263,64,25,120,51,279,113,17,239,43,27,155,174,70,13,146
1762555760.680985,2.672,0.0694,0.60166,-0.7011,0.7087,0.66055,271,72,24,115,45,294,93,23,246,39,28,147,227,58,16,135
1762555768.9875324,2.78563,0.06827,0.6888,-0.69697,0.75309,0.64678,278,62,13,129,48,267,125,22,220,27,23,135,207,55,19,138
1762555777.2845,2.73317,0.06991,0.62661,-0.69165,0.70439,0.71053,272,71,16,107,54,276,119,18,243,31,33,126,202,43,12,123
1762555785.56903,2.71528,0.06787,0.58984,-0.74414,0.75234,0.62896,278,76,29,129,44,304,105,16,224,28,25,151,223,68,14,137
1762555793.8655722,2.65499,0.071,0.61135,-0.71616,0.69912,0.62836,238,70,19,131,44,278,115,21,254,35,33,130,186,62,14,147
1762555802.1513023,2.7227,0.06974,0.65631,-0.73522,0.73696,0.5942,279,67,16,121,41,272,95,15,257,31,27,126,183,61,23,147
1762555810.4412596,2.8024,0.06817,0.64179,-0.76092,0.73302,0.66667,249,64,20,136,35,277,106,17,222,42,15,148,204,64,5,141
1762555818.7519886,2.70745,0.06883,0.60581,-0.71901,0.70833,0.6743,264,76,19,123,53,298,118,15,253,39,31,157,218,55,9,111
1762555827.0476363,2.56894,0.07227,0.57328,-0.74732,0.64186,0.60648,243,78,21,122,43,281,127,16,222,37,40,131,224,67,18,123
1762555835.3430476,2.66171,0.07075,0.68182,-0.69575,0.6729,0.61124,283,68,9,124,47,278,101,21,227,40,30,131,201,69,14,143
1762555843.6671147,2.55732,0.07136,0.54004,-0.71366,0.70085,0.60277,264,76,36,111,42,285,104,23,263,41,29,135,224,65,21,123
1762555851.9638748,2.73885,0.06989,0.69869,-0.72104,0.68445,0.63466,269,60,9,120,42,250,114,17,224,34,34,139,210,60,18,139
1762555860.2796106,2.59958,0.07036,0.6,-0.66667,0.71365,0.61927,277,75,26,127,55,279,116,24,243,37,27,140,223,66,17,130
1762555868.5672636,2.70442,0.07032,0.62288,-0.74944,0.68352,0.64858,262,69,20,121,44,285,106,12,251,38,34,132,203,58,10,116
1762555876.8571148,2.69408,0.06991,0.69643,-0.68842,0.71875,0.59048,255,56,12,125,60,282,119,14,226,34,29,159,193,69,17,141
1762555885.1550612,2.69168,0.06833,0.62963,-0.74338,0.72234,0.59633,243,73,17,153,44,296,132,19,259,32,32,138,197,64,24,151
1762555893.444687,2.73781,0.07104,0.64655,-0.70833,0.68367,0.69925,262,59,23,120,50,262,107,13,205,38,24,125,222,46,14,117
1762555901.73756,2.64893,0.07145,0.60177,-0.6875,0.66063,0.69903,242,68,22,120,48,279,99,22,237,46,29,130,205,52,10,145
1762555910.0211039,2.65762,0.07049,0.65546,-0.68116,0.66818,0.65281,270,66,16,124,61,288,118,16,225,41,32,142,191,58,13,147
1762555918.297914,2.69144,0.06984,0.56733,-0.7546,0.67048,0.69903,239,73,25,116,37,309,120,23,242,28,44,123,216,45,17,134
1762555926.590356,2.76817,0.06875,0.66942,-0.71366,0.74648,0.63861,270,54,26,134,42,287,102,23,226,31,23,146,190,60,13,141
1762555934.8596485,2.61676,0.07126,0.57576,-0.68928,0.7382,0.61353,250,78,20,114,47,266,120,24,253,34,27,152,193,70,10,141
1762555943.1563506,2.68786,0.06829,0.67641,-0.74222,0.70323,0.566,309,62,21,121,41,274,118,17,248,39,30,148,207,84,13,143
1762555951.442025,2.7129,0.07061,0.67984,-0.6351,0.70098,0.69697,302,64,17,123,52,257,97,27,231,33,28,116,207,52,8,129
1762555959.7345424,2.67447,0.07081,0.64159,-0.72949,0.67686,0.62654,258,57,24,113,39,268,122,22,255,46,28,129,208,61,15,123
1762555968.048051,2.68061,0.06856,0.60081,-0.66462,0.75,0.66518,275,74,24,118,61,283,124,21,227,28,26,151,222,58,17,151
1762555976.3792028,2.65782,0.06995,0.63436,-0.70732,0.7004,0.61574,252,72,11,119,43,287,98,23,259,40,34,161,209,73,10,140
1762555984.6856086,2.8358,0.06708,0.70339,-0.77684,0.72707,0.6285,267,54,16,135,40,303,119,13,236,39,22,150,199,60,13,121
1762555992.9994404,2.73591,0.06854,0.625,-0.718,0.74728,0.64563,271,67,23,119,46,285,111,19,264,31,27,137,196,58,15,143
1762556001.2861533,2.73388,0.06939,0.625,-0.71889,0.6933,0.69668,267,60,24,97,44,278,95,17,241,34,37,151,219,57,7,139
1762556009.5839007,2.6218,0.07088,0.61765,-0.69803,0.66593,0.64019,266,67,24,119,58,277,111,11,253,46,30,126,196,60,17,155
1762556017.872336,2.84102,0.06552,0.64957,-0.73778,0.74123,0.71245,259,59,23,127,49,290,101,10,253,34,25,144,247,56,11,152
1762556026.1726434,2.70811,0.07072,0.66297,-0.72973,0.63203,0.68338,264,64,12,111,48,273,111,12,239,48,37,138,177,57,3,142
1762556034.470504,2.72735,0.06911,0.6386,-0.75399,0.69374,0.64103,280,67,21,119,36,277,108,18,250,37,29,115,196,62,15,156
1762556042.7511833,2.73552,0.06795,0.63115,-0.72889,0.71021,0.66527,270,67,23,128,40,284,105,21,229,31,30,131,245,62,18,153
1762556051.0336628,2.65566,0.07065,0.63274,-0.77302,0.64334,0.60656,255,62,21,114,36,294,120,17,211,49,30,153,212,67,17,131
1762556059.3146691,2.79894,0.06852,0.68989,-0.7342,0.7177,0.65714,259,55,14,117,49,280,118,12,212,32,27,147,221,61,11,127
1762556067.6086626,2.64724,0.06978,0.56415,-0.75325,0.64365,0.68618,261,81,26,123,41,305,100,16,233,41,39,136,220,50,17,140
1762556075.8798783,2.70685,0.06969,0.66807,-0.77106,0.67442,0.5933,268,61,18,129,41,283,127,12,223,42,28,137,202,72,13,131
1762556084.1627295,2.7323,0.06944,0.6105,-0.78587,0.72414,0.61179,242,64,25,126,36,297,120,14,233,32,28,142,200,69,10,128
1762556092.4445868,2.71266,0.06814,0.59274,-0.76421,0.72523,0.63048,265,85,16,130,39,274,145,17,246,33,28,137,217,64,16,136
1762556100.747919,2.60772,0.07257,0.5913,-0.68794,0.66818,0.66029,239,80,14,127,43,266,91,23,234,39,34,133,209,60,11,138
1762556109.0531173,2.73346,0.06989,0.56501,-0.76334,0.71429,0.69082,228,72,20,103,45,254,126,6,255,38,29,147,212,51,13,138
1762556117.3283443,2.63193,0.0715,0.65625,-0.69266,0.67473,0.60829,247,58,19,124,47,257,112,20,237,37,37,144,225,74,11,124
1762556125.6209567,2.78559,0.06825,0.66173,-0.73451,0.68203,0.70732,258,57,23,135,37,278,114,23,235,22,47,130,221,46,14,129
1762556133.9176502,2.73804,0.06846,0.65532,-0.66667,0.73933,0.67672,258,66,15,131,55,258,102,17,242,29,29,145,232,53,22,157
1762556142.2076724,2.7825,0.06876,0.6278,-0.71492,0.77143,0.66834,240,64,19,123,43,280,105,21,235,27,25,168,209,57,9,123
1762556150.502766,2.68516,0.07067,0.63559,-0.70022,0.70288,0.64646,273,65,21,113,43,261,119,24,235,36,31,149,182,59,11,144
1762556158.7854564,2.68379,0.06891,0.61055,-0.70387,0.6764,0.69296,252,70,26,145,49,264,110,16,225,32,40,148,239,60,12,158
1762556167.0840487,2.78051,0.06862,0.6473,-0.71552,0.73632,0.68137,279,62,23,118,46,271,127,20,230,24,29,119,221,56,9,122
1762556175.3846917,2.67624,0.06967,0.57895,-0.72926,0.69198,0.67606,235,76,20,125,42,282,114,20,270,39,34,131,222,57,12,135
1762556183.6739244,2.6185,0.07039,0.60905,-0.68376,0.66522,0.66047,255,67,28,136,52,298,96,22,229,48,29,154,214,58,15,143
1762556191.956778,2.78239,0.06881,0.65533,-0.73991,0.71494,0.67221,240,54,22,125,43,270,118,15,233,34,28,140,219,60,9,133
1762556200.2331643,2.73708,0.06827,0.63983,-0.73523,0.71167,0.65035,265,62,23,122,43,311,115,22,237,36,27,137,217,64,11,137
1762556208.514262,2.69329,0.06923,0.5891,-0.75158,0.74032,0.61229,267,73,25,112,39,296,120,20,252,25,32,130,203,60,22,138
1762556216.840826,2.7307,0.06965,0.64059,-0.67929,0.73023,0.68059,253,62,23,135,51,270,107,21,240,31,27,132,212,55,10,130
1762556225.1249757,2.66472,0.07176,0.65035,-0.69626,0.69369,0.62441,234,57,18,120,47,249,114,18,246,40,28,130,205,67,13,141
1762556233.4288123,2.72787,0.06971,0.65647,-0.72028,0.66154,0.68958,237,59,14,115,46,259,110,14,237,42,35,141,227,62,8,154
1762556241.7045274,2.68936,0.06915,0.66008,-0.76087,0.62273,0.64569,284,67,19,136,38,265,140,17,224,50,33,133,207,62,14,146
1762556250.0022259,2.73529,0.06982,0.62584,-0.72705,0.72398,0.65843,252,67,17,113,41,259,89,14,234,36,25,147,231,66,10,138
1762556258.2842677,2.66597,0.07011,0.65975,-0.71302,0.64474,0.64846,282,56,26,118,48,278,110,17,237,50,31,138,202,62,12,145
1762556266.5735857,2.67235,0.06954,0.59483,-0.78197,0.72477,0.57078,254,69,25,116,38,297,128,14,250,32,28,126,193,77,17,151
1762556274.8852358,2.69314,0.06904,0.64854,-0.7551,0.62587,0.66364,270,63,21,124,44,327,103,16,235,42,39,117,221,60,14,145
1762556283.1732175,2.75516,0.06863,0.69369,-0.725,0.67699,0.65947,265,54,14,111,48,301,113,18,230,36,37,149,218,57,14,128
1762556291.4609783,2.67636,0.06916,0.65401,-0.73166,0.71125,0.57944,277,66,16,115,49,282,131,15,255,37,31,148,222,76,14,116
1762556299.7451718,2.83859,0.06629,0.64516,-0.79176,0.68803,0.71364,254,55,22,103,30,293,120,18,254,43,30,141,240,53,10,137
1762556308.0231297,2.74913,0.06907,0.65179,-0.73991,0.71698,0.64045,244,61,17,126,34,278,110,24,256,28,32,108,229,59,21,136
1762556316.312185,2.68764,0.06834,0.64876,-0.72627,0.66454,0.64807,270,65,20,129,41,286,105,21,241,43,36,151,223,72,10,161
1762556324.6041589,2.5802,0.07346,0.60879,-0.76852,0.60194,0.60095,241,63,26,125,35,266,116,15,204,47,35,126,209,67,17,128
1762556332.8903081,2.83224,0.06707,0.65801,-0.76923,0.7415,0.66351,245,56,23,138,31,290,101,20,255,27,30,129,201,55,16,150
1762556341.1906972,2.73713,0.06891,0.64133,-0.7619,0.62802,0.70588,288,73,19,133,38,287,120,17,222,41,36,115,190,48,12,158
1762556349.4974403,2.85,0.0655,0.66061,-0.73836,0.70439,0.77723,287,62,22,124,37,263,129,22,226,27,37,143,205,39,6,154
1762556357.768543,2.73265,0.068,0.67623,-0.75,0.71304,0.59338,288,57,22,121,40,292,128,20,249,32,34,145,199,74,12,138
1762556366.05489,2.58186,0.07319,0.62551,-0.71739,0.64733,0.59162,275,68,23,120,41,275,120,24,236,39,37,119,174,64,14,130
1762556374.3430698,2.71796,0.06871,0.64314,-0.77677,0.68618,0.61187,286,66,25,133,35,277,113,14,221,32,35,139,219,72,13,134
1762556382.644207,2.74706,0.06837,0.64173,-0.76364,0.68468,0.657,276,68,23,141,36,289,99,16,235,39,31,139,200,56,15,143
1762556390.9239564,2.76687,0.0688,0.62996,-0.7618,0.74478,0.63033,242,59,25,128,41,295,97,12,251,30,25,125,206,67,11,138
1762556399.2291777,2.66199,0.07068,0.61111,-0.74487,0.69231,0.61369,278,73,25,128,37,276,107,19,214,39,27,149,203,69,10,127
1762556407.5145197,2.61213,0.07169,0.58407,-0.70742,0.64444,0.67619,236,72,22,122,43,278,113,24,227,44,36,143,234,52,16,118
1762556415.822393,2.80225,0.06745,0.66245,-0.76577,0.68134,0.6927,242,53,27,152,42,294,98,10,250,42,34,151,199,48,13,137
1762556424.1455333,2.78647,0.06659,0.70741,-0.69163,0.74037,0.64706,289,49,24,137,48,267,117,22,279,26,38,150,210,65,10,140
1762556432.4429336,2.67329,0.07,0.60526,-0.71183,0.68879,0.66742,257,70,20,109,48,274,124,19,236,33,35,133,216,63,11,155
1762556440.7315304,2.85,0.06545,0.65044,-0.74899,0.77724,0.68035,240,61,18,133,46,278,154,16,234,20,26,133,231,58,16,158
1762556449.0202801,2.63666,0.07016,0.64198,-0.72807,0.63871,0.62791,277,69,18,122,43,279,115,19,257,49,35,124,219,66,14,131
1762556457.3325746,2.59772,0.07269,0.63229,-0.72998,0.61435,0.6211,240,56,26,124,38,282,96,21,231,46,40,129,194,64,15,144
1762556465.6547482,2.62952,0.07083,0.66087,-0.66297,0.68514,0.62054,246,56,22,136,54,254,121,22,237,41,30,143,219,66,19,144
1762556473.9258623,2.6064,0.07193,0.66316,-0.67089,0.67929,0.59307,266,58,22,129,43,236,94,22,235,31,41,142,233,71,23,135
1762556482.2188985,2.7275,0.06876,0.65306,-0.70222,0.73543,0.63679,265,68,17,140,49,280,103,18,244,35,24,143,205,60,17,142
1762556490.5080154,2.77462,0.06913,0.65443,-0.73805,0.72662,0.65553,266,61,19,117,44,290,128,19,237,31,26,123,194,51,16,128
1762556498.809022,2.80014,0.06675,0.63559,-0.74098,0.75372,0.66986,265,66,20,121,51,297,113,10,274,26,32,139,218,54,15,131
1762556507.1021385,2.78687,0.06836,0.68514,-0.72961,0.76211,0.61,273,60,11,107,43,292,111,20,252,25,29,148,184,65,13,138
1762556515.3976908,2.74407,0.06859,0.64017,-0.75262,0.6764,0.67488,270,63,23,122,32,296,122,27,243,35,37,130,215,56,10,125
1762556523.7126966,2.79704,0.06736,0.70306,-0.71913,0.72047,0.65438,258,48,20,132,36,242,113,22,290,39,32,147,219,62,13,140
1762556532.0027397,2.63789,0.0715,0.56422,-0.79869,0.67401,0.60097,238,63,32,103,30,294,117,16,241,42,32,139,217,65,17,112
1762556540.2932878,2.65228,0.06986,0.60768,-0.74004,0.71134,0.59322,247,71,21,130,47,303,112,15,265,38,32,150,186,68,16,143
1762556548.5743935,2.81669,0.0668,0.65432,-0.78733,0.68171,0.69333,271,57,27,131,36,286,109,11,222,42,25,132,212,53,16,169
1762556556.8877826,2.78497,0.06814,0.62791,-0.7593,0.70156,0.6962,259,64,24,126,36,290,112,19,251,36,31,131,212,48,12,123
1762556565.1881855,2.66651,0.07123,0.63063,-0.70709,0.71558,0.61321,248,60,22,114,39,265,108,25,243,33,30,137,208,72,10,134
1762556573.4939406,2.70375,0.06915,0.6499,-0.67241,0.66004,0.72139,267,66,21,143,53,285,103,23,236,42,35,140,204,48,8,142
1762556581.7816012,2.69039,0.06846,0.6714,-0.70894,0.68142,0.62864,277,60,21,135,48,299,112,22,250,34,38,130,231,63,20,133
1762556590.0558164,2.71151,0.06736,0.652,-0.73561,0.71002,0.61388,285,67,20,128,41,306,101,21,254,44,24,147,219,73,16,153
1762556598.3391087,2.67549,0.07003,0.67089,-0.73423,0.65517,0.6152,272,63,15,124,43,276,109,16,239,46,34,145,201,69,12,139
1762556606.6417706,2.77645,0.06792,0.69874,-0.7027,0.73077,0.64423,266,51,21,140,44,258,120,22,260,36,27,145,211,60,14,131
1762556614.928393,2.65132,0.0694,0.54357,-0.7437,0.66594,0.69811,253,82,28,119,32,276,139,29,240,43,34,144,215,55,9,145
1762556623.2491052,2.76093,0.06728,0.68064,-0.76264,0.72768,0.58998,286,63,17,135,38,291,110,16,255,28,33,132,216,76,14,133
1762556631.540384,2.68154,0.07069,0.59441,-0.72009,0.7221,0.64494,230,70,17,112,44,263,118,18,262,41,20,116,231,67,12,135
1762556639.8351042,2.65372,0.07055,0.60251,-0.7087,0.68468,0.65783,263,76,19,120,52,282,111,15,223,41,29,151,209,54,17,135
1762556648.1208117,2.7617,0.0673,0.6861,-0.71125,0.64435,0.72,245,59,11,131,50,291,112,18,265,41,44,128,241,54,9,146
1762556656.432277,2.64461,0.06974,0.65217,-0.72819,0.67757,0.58667,259,62,22,140,45,317,109,22,236,31,38,123,214,81,12,143
1762556664.7461982,2.74465,0.06777,0.68293,-0.70093,0.69412,0.66667,291,61,17,123,50,249,115,14,267,39,39,165,206,60,11,149
1762556673.0364444,2.80139,0.06799,0.69767,-0.71882,0.72197,0.66292,250,46,19,115,43,279,100,19,247,34,28,137,241,64,11,129
1762556681.3044596,2.72264,0.06858,0.62343,-0.8,0.64957,0.64964,260,70,20,128,34,287,127,12,231,49,33,155,204,58,14,135
1762556689.5961368,2.64418,0.06949,0.61315,-0.69336,0.71429,0.62338,277,73,27,140,52,266,104,15,238,34,29,140,216,71,16,159
1762556697.8787172,2.74568,0.06762,0.66393,-0.69401,0.65503,0.7327,274,63,19,132,44,254,128,25,261,41,43,142,224,48,8,139
1762556706.1633716,2.65984,0.06988,0.63636,-0.75862,0.70023,0.56463,267,71,17,129,33,295,113,23,217,40,24,146,211,75,21,134
1762556714.4534585,2.68404,0.07208,0.68635,-0.65741,0.70093,0.63934,287,59,18,127,53,256,102,21,219,35,29,145,166,54,12,134
1762556722.7528977,2.79039,0.06594,0.5835,-0.81176,0.68467,0.71047,269,81,25,134,24,272,113,16,253,44,29,137,237,56,9,147
1762556731.051538,2.7234,0.06743,0.61677,-0.69935,0.73043,0.67686,262,74,22,143,48,279,111,21,259,32,30,139,241,60,14,143
1762556739.3281887,2.62416,0.07182,0.67213,-0.69058,0.70213,0.55932,278,59,21,130,53,275,102,16,228,33,30,132,205,77,14,117
1762556747.6252265,2.61179,0.07099,0.58763,-0.71245,0.6534,0.65831,276,85,15,109,46,287,112,21,223,44,30,130,217,62,13,147
1762556755.9259772,2.73994,0.06875,0.61523,-0.75652,0.70068,0.66751,268,76,20,135,44,289,115,12,237,46,20,138,208,55,11,123
1762556764.216699,2.75683,0.06955,0.65401,-0.7713,0.72294,0.60858,266,69,13,126,32,278,117,19,250,38,26,148,177,59,14,123
1762556772.5074174,2.74456,0.06928,0.66593,-0.72269,0.64371,0.71223,260,59,17,119,47,298,112,19,210,40,35,136,236,46,14,121
1762556780.7995431,2.72609,0.07076,0.63948,-0.77925,0.6798,0.62755,250,64,20,132,40,294,109,10,215,34,31,126,184,57,16,135
1762556789.0873578,2.73885,0.06783,0.66094,-0.7316,0.68267,0.66364,274,59,20,113,42,291,109,20,244,49,27,159,208,59,15,158
1762556797.375078,2.77242,0.0687,0.64378,-0.75926,0.7012,0.66818,268,58,25,115,35,283,97,17,233,40,22,120,228,63,10,139
1762556805.691789,2.67053,0.07081,0.62628,-0.65517,0.68664,0.70244,278,66,25,118,52,263,97,23,223,35,33,143,190,52,9,159
1762556813.984598,2.71902,0.06787,0.64023,-0.71619,0.70806,0.65455,288,72,21,136,45,273,114,19,244,43,24,148,221,62,14,143
1762556822.2725215,2.66171,0.07084,0.6338,-0.77729,0.67624,0.57437,291,68,23,115,38,305,102,13,215,36,26,106,208,85,8,136
1762556830.576,2.72241,0.06758,0.60499,-0.79752,0.71179,0.60811,268,69,26,118,37,309,126,12,239,39,27,153,228,70,17,129
1762556838.8809154,2.69661,0.07085,0.60842,-0.71739,0.6891,0.6817,271,62,31,111,41,286,109,24,234,36,31,130,183,47,13,134
1762556847.1855829,2.68928,0.07071,0.64706,-0.71749,0.67028,0.65445,279,61,23,113,47,292,91,16,246,40,36,139,186,57,9,130
1762556855.4599278,2.74937,0.06727,0.62864,-0.76033,0.71861,0.64179,253,59,24,111,41,298,128,17,250,35,30,147,221,71,13,164
1762556863.7386405,2.80325,0.06544,0.65546,-0.76543,0.73529,0.64706,270,64,18,124,41,312,117,16,282,39,24,131,221,65,16,157
1762556872.0237143,2.77185,0.07004,0.64434,-0.78037,0.69626,0.65087,223,54,23,133,31,270,111,16,235,38,27,128,199,59,11,132
1762556880.3112519,2.70508,0.06876,0.6122,-0.7342,0.71239,0.64629,250,67,22,120,44,267,131,17,247,24,41,140,229,71,10,148
1762556888.598557,2.62207,0.07099,0.63673,-0.69231,0.64626,0.64678,268,71,20,142,52,269,116,18,230,41,37,133,199,63,11,146
1762556896.8993776,2.66342,0.07002,0.6185,-0.68534,0.67386,0.68571,287,80,19,133,47,286,105,26,214,33,35,135,222,54,12,132
1762556905.1929164,2.75582,0.06845,0.6732,-0.72016,0.7235,0.63895,255,60,15,129,52,297,121,16,219,25,35,155,201,64,12,144
1762556913.4782093,2.58555,0.07164,0.61207,-0.71625,0.66737,0.58986,267,64,26,107,42,254,121,20,235,45,34,161,195,71,18,150
1762556921.7756262,2.73958,0.06858,0.7,-0.72414,0.68565,0.6298,267,55,14,124,41,291,109,23,233,44,25,137,202,70,12,159
1762556930.0576615,2.71694,0.06961,0.61667,-0.72234,0.74648,0.63145,271,68,24,117,43,283,114,21,218,25,29,154,211,61,14,121
1762556938.392617,2.65359,0.07051,0.63783,-0.72009,0.65625,0.63942,280,67,23,127,45,274,107,17,224,38,39,147,182,62,13,159
1762556946.7056046,2.72691,0.06774,0.648,-0.74423,0.67857,0.65611,282,62,26,130,45,289,127,16,242,39,33,134,207,56,20,159
1762556954.9838204,2.6929,0.07034,0.67118,-0.67453,0.70264,0.64455,292,64,21,140,52,262,93,17,218,36,26,137,207,66,9,140
1762556963.2665627,2.59931,0.07146,0.59574,-0.67171,0.6933,0.63855,259,70,25,116,61,268,119,15,248,42,29,144,226,62,13,114
1762556971.5485415,2.69637,0.07076,0.64876,-0.73094,0.66667,0.65,278,64,21,121,43,283,103,17,214,38,32,136,209,59,11,121
1762556979.85354,2.69471,0.06952,0.65116,-0.69121,0.66147,0.69087,286,66,24,140,44,257,99,21,238,37,39,135,218,54,12,143
1762556988.141512,2.84319,0.06615,0.69485,-0.764,0.68233,0.70202,263,52,22,148,37,337,104,22,238,35,36,138,196,52,7,141
1762556996.4494944,2.73498,0.06887,0.62472,-0.72525,0.72398,0.66102,266,63,22,102,50,309,118,18,235,36,25,146,223,57,13,120
1762557004.7433846,2.74476,0.06853,0.693,-0.72829,0.69014,0.63333,273,46,22,102,42,285,103,19,232,41,25,128,225,77,11,167
1762557013.0314224,2.60942,0.07167,0.58974,-0.72986,0.68161,0.6082,256,71,25,116,39,259,106,18,245,45,26,130,207,74,12,146
1762557021.336786,2.7528,0.0704,0.61949,-0.7619,0.71859,0.65281,243,67,15,106,36,287,120,19,228,32,24,114,206,58,13,132
1762557029.6427252,2.6591,0.07098,0.63115,-0.7,0.67619,0.65176,278,69,21,120,47,267,107,19,240,38,30,112,215,59,15,136
1762557037.936703,2.71336,0.06975,0.56951,-0.73805,0.72235,0.68345,241,77,19,109,43,299,119,20,244,32,27,122,211,55,11,140
1762557046.237744,2.75933,0.06844,0.63299,-0.74262,0.73301,0.65072,274,62,27,122,44,279,134,17,223,27,28,134,195,59,14,150
1762557054.5420012,2.66951,0.07097,0.65158,-0.66735,0.65566,0.69492,254,62,15,111,64,297,109,17,225,42,31,126,220,46,17,130
1762557062.855741,2.81942,0.06766,0.67452,-0.73023,0.72124,0.69343,258,60,16,133,41,258,114,17,244,32,31,145,210,52,11,138
1762557071.1819727,2.74218,0.06766,0.64522,-0.73389,0.77974,0.58333,296,68,23,126,43,309,108,21,259,31,19,145,192,68,17,131
1762557079.491113,2.65527,0.0708,0.60833,-0.74049,0.66742,0.63902,264,73,21,122,40,282,107,18,246,43,31,125,208,62,12,128
1762557087.796167,2.69671,0.06881,0.61807,-0.73077,0.6967,0.65116,274,68,25,120,48,282,123,15,252,45,24,134,221,60,15,134
1762557096.0799584,2.81315,0.06692,0.67857,-0.73488,0.70455,0.69515,298,63,18,125,38,266,107,19,226,34,31,149,211,52,14,156
1762557104.3743906,2.61381,0.07049,0.66329,-0.67984,0.63134,0.63934,281,71,12,129,57,294,131,24,229,44,36,125,219,69,8,131
1762557112.666541,2.57529,0.07325,0.58161,-0.69631,0.67832,0.61905,238,67,24,106,50,280,111,20,233,30,39,127,216,72,8,124
1762557120.9673195,2.7043,0.07001,0.63265,-0.72874,0.71625,0.62667,259,61,20,101,45,270,106,14,240,31,31,135,211,70,14,155
1762557129.2478645,2.63344,0.07005,0.59389,-0.7087,0.65432,0.67654,267,65,28,98,52,286,107,15,251,51,33,151,226,60,11,142
1762557137.5694225,2.66202,0.0704,0.65161,-0.70886,0.66029,0.64126,276,62,19,108,44,301,104,25,217,39,32,130,221,67,13,145
1762557145.8756504,2.7782,0.06824,0.64865,-0.76923,0.72912,0.63121,258,56,22,108,38,305,109,16,234,32,28,149,204,63,15,141
1762557154.1439996,2.79988,0.06719,0.61884,-0.75446,0.72141,0.70516,249,65,24,129,37,292,101,18,264,35,32,150,223,49,11,124
1762557162.4457772,2.6679,0.07166,0.62353,-0.72789,0.69058,0.6259,234,64,16,111,46,266,115,14,240,41,28,137,215,60,18,124
1762557170.7468727,2.66071,0.07001,0.55975,-0.71302,0.76889,0.61905,259,83,22,113,48,275,113,17,254,24,28,144,210,62,18,130
1762557179.0363047,2.63513,0.07108,0.6383,-0.68989,0.68496,0.62198,266,57,28,119,50,253,123,19,235,34,32,118,227,74,12,142
1762557187.3243752,2.84918,0.06429,0.64522,-0.75862,0.77328,0.67206,290,65,26,132,42,286,122,14,271,28,28,167,204,63,8,158
1762557195.6144147,2.7825,0.06676,0.66667,-0.71366,0.72897,0.6732,294,69,16,131,48,275,114,17,230,30,28,140,236,65,10,148
1762557203.9223232,2.66469,0.06946,0.61924,-0.73333,0.65079,0.66133,274,69,26,130,44,274,129,18,235,41,36,129,218,57,17,145
1762557212.2039487,2.69435,0.07076,0.65272,-0.70022,0.64871,0.6927,279,57,26,116,54,270,110,13,217,47,28,135,207,51,10,129
1762557220.5037694,2.70598,0.06894,0.60169,-0.7587,0.70386,0.64172,252,66,28,126,41,266,113,11,260,35,34,137,221,67,12,141
1762557228.8061416,2.65615,0.07105,0.65254,-0.68288,0.63387,0.68687,265,64,18,125,47,287,111,28,232,39,41,125,201,51,11,133
1762557237.1649158,2.69428,0.06952,0.64859,-0.75877,0.64815,0.63877,246,53,28,134,41,301,100,14,232,45,31,124,240,66,16,132
1762557245.4520853,2.74356,0.06783,0.66524,-0.7094,0.70753,0.6614,276,58,20,112,42,284,116,26,247,39,29,150,241,66,9,127
1762557253.734433,2.68655,0.06982,0.62919,-0.72811,0.65877,0.67048,270,73,21,143,47,256,119,12,222,42,30,128,227,58,14,138
1762557262.021476,2.6379,0.07025,0.65631,-0.69803,0.63676,0.64679,275,61,22,125,50,282,106,19,229,40,43,145,210,63,14,149
1762557270.3246174,2.73241,0.06838,0.67028,-0.71749,0.73391,0.61074,248,62,14,137,46,265,118,17,262,32,30,142,223,70,17,137
1762557278.593712,2.53353,0.07281,0.6162,-0.67177,0.61359,0.63196,261,74,16,118,51,288,94,24,238,55,36,142,200,60,16,137
1762557286.9052029,2.69034,0.07062,0.67769,-0.70629,0.68778,0.61858,288,49,29,118,40,261,105,23,246,30,39,127,184,68,10,147
1762557295.1933498,2.77451,0.0683,0.65678,-0.71101,0.70601,0.70071,269,51,30,122,43,273,100,20,255,34,32,128,208,50,13,150
1762557303.4732094,2.7385,0.07013,0.62031,-0.74771,0.69811,0.67237,267,63,23,100,41,275,106,14,237,35,29,123,210,55,12,132
1762557311.7627935,2.66274,0.06984,0.64683,-0.69438,0.69536,0.62617,291,69,20,124,51,277,100,17,213,35,34,171,218,66,14,130
1762557320.0484574,2.71996,0.06804,0.59167,-0.71795,0.74138,0.66897,257,71,27,125,46,284,118,20,253,34,26,151,219,58,14,144
1762557328.340294,2.75174,0.06795,0.67158,-0.68936,0.7226,0.6682,275,65,13,122,55,285,112,18,250,26,36,135,226,57,15,136
1762557336.6307108,2.67216,0.06935,0.616,-0.67773,0.6805,0.69794,274,76,20,130,57,257,97,11,250,37,40,155,205,55,11,166
1762557344.9529254,2.70222,0.06999,0.62979,-0.71365,0.70975,0.64904,250,75,12,133,39,277,106,25,232,37,27,145,205,61,12,138
1762557353.2352705,2.77265,0.06837,0.62801,-0.76092,0.68889,0.69484,249,66,19,123,40,279,104,12,244,40,30,136,227,50,15,134
1762557361.5376282,2.58216,0.07154,0.62978,-0.70423,0.67672,0.57143,265,74,18,140,36,254,109,27,250,38,37,139,203,71,22,138
1762557369.8315427,2.68605,0.06994,0.58929,-0.72786,0.7351,0.6338,233,77,15,123,42,284,116,21,257,32,28,136,212,62,16,136
1762557378.1312246,2.78073,0.0679,0.65053,-0.75556,0.70252,0.67213,266,66,17,126,41,309,86,14,238,32,33,134,219,55,15,138
1762557386.437116,2.68012,0.06904,0.6531,-0.72093,0.66972,0.63636,259,64,17,127,42,303,104,24,229,39,33,135,232,70,16,155
1762557394.7409074,2.7349,0.07001,0.66154,-0.75909,0.62836,0.68591,264,61,16,114,41,275,112,12,203,47,29,130,215,55,13,150
1762557403.039832,2.60741,0.07169,0.61783,-0.71106,0.6962,0.58231,259,64,26,122,37,281,98,27,265,50,22,137,204,73,12,118
1762557411.3446813,2.85,0.06751,0.61947,-0.82301,0.75,0.67188,271,59,27,95,26,299,113,14,242,26,26,122,196,54,9,125
1762557419.6548781,2.81722,0.06638,0.63077,-0.73427,0.75336,0.69882,305,71,25,119,43,281,91,14,243,26,29,148,219,56,8,142
1762557427.9313438,2.79684,0.06818,0.68602,-0.72135,0.70655,0.68293,274,57,16,118,47,273,110,15,244,36,29,134,209,47,18,136
1762557436.2184813,2.58319,0.07359,0.62118,-0.66981,0.64988,0.64232,283,76,17,115,45,269,85,25,222,44,29,122,194,61,10,132
1762557444.527944,2.70394,0.06749,0.62762,-0.70635,0.68553,0.68444,252,72,17,137,53,333,97,21,263,39,36,139,239,56,15,140
1762557452.8018885,2.61519,0.07052,0.60663,-0.74194,0.64989,0.61674,270,72,23,118,44,284,94,12,227,49,31,150,225,70,17,142
1762557461.0897398,2.82714,0.06791,0.65741,-0.70233,0.75113,0.71628,246,52,22,112,49,259,107,15,261,28,27,126,223,49,12,146
1762557469.3765507,2.82485,0.06836,0.70203,-0.73034,0.72662,0.66586,258,50,16,119,42,278,107,18,229,33,24,131,201,54,15,143
1762557477.6957045,2.6795,0.0707,0.64632,-0.69803,0.69336,0.64179,267,67,17,124,45,276,112,24,219,38,29,151,197,61,11,133
1762557485.9851615,2.60486,0.07054,0.57962,-0.72951,0.70323,0.59251,259,72,27,113,49,294,128,17,251,32,37,145,204,69,18,136
1762557494.279128,2.68512,0.0689,0.63404,-0.74043,0.70417,0.60648,271,63,23,113,44,305,104,17,250,40,31,159,200,70,15,147
1762557502.569806,2.70664,0.06958,0.64334,-0.73094,0.68919,0.64317,260,64,15,104,44,271,115,16,235,29,40,140,218,67,14,155
1762557510.8829973,2.61683,0.07167,0.5894,-0.71369,0.70149,0.61224,230,71,22,130,45,307,106,24,250,37,33,149,191,61,15,125
1762557519.2035794,2.70642,0.07067,0.65101,-0.71922,0.67849,0.6577,262,56,22,107,39,292,106,26,221,35,33,134,203,61,9,136
1762557527.4943852,2.70456,0.07023,0.68591,-0.71306,0.65057,0.65501,248,58,10,117,47,292,108,20,242,40,36,117,218,62,12,137
1762557535.7819195,2.76856,0.06853,0.63393,-0.72354,0.69196,0.71913,252,60,22,114,46,289,110,18,227,36,33,152,226,53,5,129
1762557544.077259,2.64843,0.07253,0.63678,-0.70686,0.68736,0.61743,253,61,18,103,42,250,111,20,228,35,33,139,209,63,16,125
1762557552.3545375,2.75574,0.06851,0.6728,-0.69536,0.73853,0.64904,283,57,23,126,48,283,101,21,240,28,29,139,210,63,10,133
1762557560.6272972,2.64731,0.07081,0.61925,-0.71616,0.69195,0.61995,278,78,13,109,42,266,127,23,228,38,29,140,206,66,14,135
1762557568.9222138,2.68767,0.07105,0.70402,-0.70022,0.67849,0.60494,283,56,14,120,46,269,111,21,230,32,36,125,189,58,22,136
1762557577.2023954,2.73164,0.06854,0.65795,-0.67494,0.693,0.70575,279,67,18,133,46,249,122,26,250,34,34,125,205,53,11,166
1762557585.5140493,2.70615,0.06944,0.63983,-0.67517,0.67123,0.71991,258,59,26,129,53,247,114,17,229,42,30,137,241,52,12,152
1762557593.8053355,2.85,0.06556,0.70539,-0.78781,0.7305,0.65237,282,54,17,129,29,287,109,18,232,27,30,134,198,57,20,168
1762557602.0963306,2.72548,0.06854,0.63158,-0.72163,0.65368,0.71859,282,68,23,121,44,287,115,21,246,41,39,136,213,46,10,129
1762557610.3781316,2.61831,0.07148,0.64172,-0.67544,0.66812,0.63303,259,64,15,103,49,280,102,25,249,37,39,133,220,67,13,136
1762557618.663686,2.7925,0.06663,0.64023,-0.71875,0.69655,0.73696,314,70,23,110,41,266,119,22,228,39,27,141,233,45,13,150
1762557626.9685688,2.73117,0.06908,0.6309,-0.7037,0.70982,0.68675,275,63,23,105,51,284,107,17,247,36,29,136,216,46,19,134
1762557635.2628179,2.83572,0.06681,0.67635,-0.73913,0.72646,0.69378,254,61,17,150,47,280,100,10,229,36,25,156,208,48,16,146
1762557643.5380695,2.7481,0.06744,0.68,-0.68849,0.72444,0.65517,301,59,21,119,48,276,98,21,231,39,23,157,232,61,19,152
1762557651.8187997,2.78003,0.06897,0.64059,-0.74208,0.69838,0.69898,250,62,23,138,46,269,116,11,241,35,30,125,189,51,8,144
1762557660.119196,2.72987,0.06968,0.61684,-0.76035,0.69643,0.65625,249,65,26,135,36,306,98,19,240,45,23,140,184,53,13,134
1762557668.3950193,2.80382,0.06705,0.69296,-0.72399,0.72525,0.66162,280,58,14,117,43,299,107,22,279,39,29,148,199,47,20,130
1762557676.6922858,2.60154,0.07135,0.63441,-0.68354,0.62077,0.66282,260,63,22,120,54,273,126,21,227,46,38,132,224,58,15,136
1762557684.9757228,2.79653,0.06746,0.68354,-0.74014,0.66879,0.70406,266,52,23,133,44,263,112,12,242,39,39,151,199,53,9,158
1762557693.2725914,2.72952,0.06846,0.63485,-0.72093,0.69953,0.67421,274,72,16,120,42,283,124,24,221,39,25,141,216,61,11,154
1762557701.55003,2.50423,0.07337,0.61925,-0.61373,0.58257,0.68868,269,73,18,118,62,261,115,28,216,55,36,129,225,56,10,133
1762557709.829906,2.60668,0.07146,0.65401,-0.68928,0.69095,0.57245,272,60,22,120,47,273,113,24,236,44,26,147,201,70,20,130
1762557718.1431684,2.74315,0.06901,0.67273,-0.77232,0.68203,0.61607,263,56,16,105,33,284,113,18,219,36,33,146,224,74,12,138
1762557726.4319093,2.7226,0.06909,0.643,-0.72748,0.6689,0.68322,286,64,24,119,47,263,111,12,245,38,36,128,227,55,12,129
1762557734.745725,2.70798,0.06964,0.60663,-0.71121,0.73301,0.65714,267,72,23,121,48,270,127,19,246,22,33,111,221,61,11,127
1762557743.0385733,2.77049,0.0672,0.65762,-0.75359,0.63956,0.71971,274,62,20,123,42,318,109,18,246,40,42,127,222,41,18,140
1762557751.3448684,2.72286,0.06762,0.64396,-0.72689,0.66733,0.68468,260,64,17,114,49,285,126,16,259,42,42,162,232,55,15,142
1762557759.6489167,2.68592,0.06993,0.65079,-0.69869,0.6882,0.64824,274,61,27,142,49,275,114,20,231,42,28,148,189,54,16,139
1762557767.956762,2.67191,0.07097,0.66514,-0.71915,0.64286,0.64477,250,57,16,113,47,287,117,19,233,45,35,135,211,61,12,127
1762557776.271059,2.77782,0.0677,0.65895,-0.74728,0.68468,0.68692,250,64,17,144,40,278,123,18,236,41,29,138,219,53,14,142
1762557784.565151,2.69966,0.06997,0.66522,-0.69412,0.6961,0.64423,257,60,17,126,42,262,98,23,278,41,33,135,208,65,9,134
1762557792.8601522,2.71021,0.07119,0.61187,-0.73707,0.72158,0.63969,242,61,24,111,40,280,123,21,226,27,33,145,201,51,18,113
1762557801.14704,2.83689,0.06693,0.69845,-0.77088,0.70168,0.66588,264,50,18,119,29,264,107,19,249,39,32,156,228,58,13,126
1762557809.455813,2.75745,0.06756,0.6381,-0.74208,0.73304,0.64423,273,77,18,157,41,272,113,16,271,40,21,125,206,62,12,136
1762557817.7551312,2.77227,0.06835,0.66038,-0.72691,0.69811,0.68687,270,63,18,126,53,318,112,15,228,33,31,132,217,48,14,117
1762557826.043054,2.85,0.06617,0.71369,-0.73243,0.71183,0.71722,292,54,15,121,43,273,109,16,243,33,34,155,212,44,11,122
1762557834.3104427,2.76094,0.06972,0.69762,-0.66588,0.73077,0.66667,259,50,20,134,47,251,103,24,243,33,30,162,181,54,10,139
1762557842.6004057,2.84006,0.06747,0.65702,-0.75431,0.76959,0.65915,251,54,23,121,38,290,117,19,242,33,17,142,183,58,10,148
1762557850.8827248,2.67219,0.07001,0.60699,-0.79399,0.69978,0.57143,252,68,22,116,31,291,127,17,237,46,22,148,198,76,14,132
1762557859.1571245,2.63788,0.07091,0.60392,-0.71101,0.71631,0.60664,274,77,24,135,48,251,122,15,224,36,24,139,188,62,21,151
1762557867.4429903,2.74576,0.06884,0.65289,-0.70323,0.69082,0.69882,259,65,19,141,53,288,108,16,216,38,26,134,220,42,22,141
1762557875.74183,2.70382,0.06889,0.61522,-0.72398,0.71111,0.65351,277,70,21,105,43,272,109,18,260,32,33,125,212,67,12,165
1762557884.0303617,2.85,0.06618,0.65377,-0.72829,0.73187,0.75198,291,62,23,115,44,273,115,17,249,27,34,145,184,42,5,148
1762557892.322198,2.73996,0.06655,0.64969,-0.69937,0.66462,0.72627,253,66,20,152,52,290,117,20,243,40,42,164,249,54,8,142
1762557900.58666,2.66294,0.06971,0.65328,-0.71183,0.67117,0.62667,277,59,23,114,45,279,119,22,235,35,38,136,227,72,12,139
1762557908.8789115,2.77279,0.06841,0.66333,-0.71556,0.6837,0.71021,294,66,18,121,40,274,112,24,211,46,19,135,231,46,15,129
1762557917.194291,2.57728,0.07183,0.59395,-0.71812,0.67946,0.58575,255,65,29,114,41,280,104,22,236,38,33,136,218,80,13,138
1762557925.4678257,2.75836,0.06937,0.63218,-0.73394,0.70755,0.68468,253,57,23,102,43,276,102,15,220,38,24,142,243,54,16,131
1762557933.787857,2.66095,0.07103,0.6198,-0.67773,0.69266,0.67076,274,67,29,135,50,254,100,18,233,31,36,136,193,50,17,147
1762557942.1038718,2.79923,0.06686,0.64854,-0.74153,0.73068,0.67849,263,61,23,131,48,289,122,13,246,26,35,146,212,53,15,143
1762557950.3991244,2.5841,0.07177,0.58551,-0.70787,0.68627,0.60444,281,79,24,113,48,279,101,17,236,41,23,108,227,75,14,134
1762557958.6735122,2.71085,0.07041,0.65126,-0.70252,0.69697,0.6601,264,57,26,129,43,264,108,22,226,29,36,138,211,58,11,126
1762557966.965297,2.73382,0.06861,0.66046,-0.66154,0.72273,0.6891,292,63,19,109,64,274,104,13,253,36,25,126,224,54,13,140
1762557975.2556608,2.81071,0.06764,0.70683,-0.72834,0.72444,0.65111,299,54,19,126,33,271,98,25,232,31,31,156,216,62,9,120
1762557983.5411131,2.69348,0.06994,0.59499,-0.81416,0.71429,0.57005,251,69,28,131,25,293,117,17,234,30,30,126,208,68,21,117
1762557991.8242455,2.78865,0.06681,0.5443,-0.76972,0.74292,0.73171,248,79,29,118,32,303,112,22,244,29,30,156,200,46,9,155
1762558000.1149008,2.78684,0.06817,0.66964,-0.71619,0.74884,0.65217,256,52,22,118,48,277,110,16,221,25,29,155,227,58,18,134
1762558008.4516244,2.60192,0.07111,0.62173,-0.66667,0.69565,0.61787,260,74,20,143,47,275,90,26,264,39,38,165,193,60,17,133
1762558016.7733543,2.64953,0.07115,0.668,-0.71882,0.66167,0.60104,285,67,16,132,44,276,103,18,251,32,47,137,184,67,10,125
1762558025.0693426,2.77216,0.06668,0.65328,-0.70874,0.72996,0.68019,272,62,20,119,59,309,131,16,262,31,33,148,208,52,15,144
1762558033.3515613,2.69622,0.06905,0.60352,-0.725,0.72549,0.6422,262,68,22,102,45,307,107,21,236,35,28,160,222,66,12,136
1762558041.6418629,2.73707,0.06809,0.62526,-0.74636,0.71429,0.65116,263,70,19,123,45,297,123,16,240,31,33,144,224,56,19,131
1762558049.9393425,2.69274,0.07021,0.64912,-0.79601,0.66814,0.57946,267,70,10,109,35,277,128,11,240,40,35,137,191,71,15,132
1762558058.2305899,2.81715,0.06722,0.67227,-0.76923,0.73756,0.6381,263,61,17,135,38,271,120,13,240,36,22,144,193,61,15,151
1762558066.5177288,2.7393,0.06923,0.64706,-0.75527,0.64238,0.69458,260,54,24,104,46,290,126,12,222,43,38,150,214,51,11,130
1762558074.8102636,2.57984,0.07174,0.60254,-0.69655,0.66297,0.61778,274,77,17,105,42,264,105,24,238,41,35,137,216,67,19,148
1762558083.0935938,2.67455,0.07077,0.63257,-0.71638,0.71489,0.61071,266,65,23,125,42,236,115,16,272,35,32,131,191,63,17,140
1762558091.388104,2.7696,0.06909,0.67699,-0.71983,0.74371,0.62907,249,54,19,130,48,286,113,17,240,30,26,141,197,59,15,128
1762558099.6941206,2.80526,0.06745,0.72368,-0.70323,0.70417,0.67419,270,49,14,123,46,284,112,23,260,38,33,149,201,54,11,133
1762558107.980754,2.78522,0.06859,0.67024,-0.75214,0.70339,0.65946,272,54,23,118,44,306,104,14,253,41,29,149,188,52,11,119
1762558116.3002527,2.68399,0.06995,0.56803,-0.77982,0.64138,0.69476,257,76,24,106,33,272,116,15,231,45,33,126,228,56,11,144
1762558124.58949,2.70413,0.06901,0.60331,-0.80294,0.71308,0.58481,259,75,21,129,33,307,123,14,249,40,28,157,220,62,20,93
1762558132.907411,2.74822,0.06882,0.66667,-0.73187,0.70492,0.64477,278,59,24,137,45,282,112,16,225,42,21,139,205,61,12,133
1762558141.2026248,2.69084,0.07082,0.60504,-0.69907,0.70796,0.67876,260,71,23,122,51,267,100,14,247,36,30,139,197,51,11,127
1762558149.4954138,2.75872,0.06862,0.64192,-0.72523,0.73747,0.6541,264,61,21,112,46,273,110,15,226,34,21,138,221,65,13,152
1762558157.778126,2.74986,0.06916,0.69197,-0.6766,0.64508,0.73621,265,53,18,125,60,280,114,16,207,38,36,136,206,49,6,156
1762558166.0498583,2.75356,0.06924,0.7246,-0.72985,0.70787,0.59124,262,45,16,120,50,281,116,12,232,40,25,148,202,58,26,125
1762558174.3305302,2.64816,0.07199,0.62092,-0.71002,0.68276,0.63446,255,63,24,117,48,301,100,20,242,39,30,124,195,56,14,118
1762558182.5969756,2.80894,0.06794,0.66071,-0.74554,0.7321,0.67059,259,63,13,113,39,270,121,18,220,29,29,155,210,60,10,145
1762558190.8870986,2.77123,0.06827,0.69658,-0.74403,0.7316,0.59901,285,46,25,112,37,290,112,22,256,34,28,144,190,65,16,133
1762558199.1840727,2.65444,0.07129,0.60241,-0.72249,0.65455,0.675,277,71,28,122,40,255,105,18,220,37,39,144,216,50,15,119
1762558207.4536605,2.84449,0.06771,0.65236,-0.75319,0.7931,0.64583,251,62,19,134,35,307,105,23,232,20,22,132,211,51,17,105
1762558215.755761,2.70697,0.07025,0.66038,-0.74336,0.68374,0.61949,246,57,15,106,43,273,121,15,235,40,31,143,198,67,15,151
1762558224.056044,2.81377,0.06671,0.71089,-0.70513,0.74822,0.64953,305,57,16,127,50,295,104,19,237,24,29,131,231,54,21,122
1762558232.3572655,2.68218,0.07007,0.625,-0.71975,0.70852,0.62892,265,68,19,112,47,290,115,19,245,39,26,136,213,65,12,125
1762558240.6414607,2.72863,0.07032,0.66383,-0.74382,0.6871,0.63388,262,57,22,129,37,280,108,20,266,48,26,133,176,51,16,123
1762558248.9192176,2.78879,0.06802,0.66953,-0.73516,0.73077,0.65333,254,57,20,135,42,267,113,16,227,34,22,133,208,66,12,164
1762558257.2483432,2.78052,0.06718,0.68713,-0.7045,0.65057,0.73832,280,65,14,146,49,271,127,20,241,40,36,118,219,48,8,153
1762558265.5211425,2.8044,0.06862,0.68352,-0.74074,0.71831,0.66184,273,54,18,110,36,250,126,20,247,35,25,119,205,58,12,139
1762558273.8053966,2.68175,0.06969,0.64729,-0.69476,0.66593,0.67376,282,70,18,129,44,267,105,23,246,35,41,133,211,57,12,143
1762558282.0879571,2.70082,0.06912,0.60934,-0.71754,0.72609,0.64786,257,71,21,122,42,282,95,20,228,35,28,169,219,60,18,146
1762558290.382908,2.72877,0.07018,0.63948,-0.74831,0.73206,0.60891,256,65,19,126,40,271,118,16,234,27,29,128,196,57,22,129
1762558298.6619132,2.73413,0.0699,0.66667,-0.71663,0.685,0.66584,270,58,21,125,50,312,106,19,206,38,25,131,207,58,9,127
1762558306.9392142,2.72145,0.06894,0.62903,-0.70843,0.72881,0.65517,273,67,25,131,48,275,100,16,244,32,32,164,195,55,15,141
1762558315.2258222,2.69648,0.06836,0.64777,-0.73617,0.6824,0.63014,281,70,17,126,42,304,104,20,263,44,30,129,232,66,15,125
1762558323.5123343,2.76017,0.06776,0.6487,-0.71991,0.75652,0.63504,277,65,23,136,44,278,115,20,260,33,23,144,204,64,11,132
1762558331.7949471,2.74739,0.06827,0.66307,-0.72903,0.69979,0.6555,278,55,23,107,44,292,110,19,267,34,37,135,207,59,13,139
1762558340.1022182,2.6563,0.07006,0.64407,-0.74843,0.69336,0.57044,263,58,26,125,42,296,121,18,246,44,23,124,211,70,23,129
1762558348.4029639,2.69994,0.06918,0.6632,-0.70526,0.69882,0.63265,265,70,11,135,47,289,116,23,225,37,27,136,222,69,12,138
1762558356.6957536,2.67156,0.07195,0.59915,-0.76224,0.65757,0.65261,251,73,21,124,36,272,106,15,218,33,36,116,213,52,18,120
1762558364.9674711,2.73748,0.06897,0.67019,-0.77556,0.70175,0.58998,280,57,21,115,28,264,92,17,248,36,32,140,206,74,16,143
1762558373.2537339,2.82674,0.06578,0.6513,-0.74049,0.72399,0.71096,276,72,15,136,43,277,112,15,271,37,28,135,224,47,15,143
1762558381.5238519,2.71322,0.07027,0.62037,-0.69298,0.73171,0.66816,255,65,17,95,50,269,117,20,232,31,24,123,223,54,20,149
1762558389.8255107,2.75908,0.06702,0.66161,-0.73099,0.69406,0.67241,262,63,15,121,51,344,100,18,243,34,33,128,226,59,17,162
1762558398.12992,2.73176,0.06905,0.71245,-0.73856,0.63063,0.65012,264,52,15,135,35,280,119,25,226,38,44,136,219,64,10,130
1762558406.4338133,2.56683,0.07329,0.59583,-0.72687,0.60298,0.64115,268,71,26,115,44,286,106,18,215,38,42,108,200,60,15,143
1762558414.7340384,2.78072,0.0688,0.64114,-0.74757,0.71429,0.67773,251,68,14,124,37,265,95,15,243,41,23,141,217,56,12,137
1762558423.0264957,2.74402,0.06901,0.67089,-0.78182,0.65197,0.63934,260,59,19,136,34,283,109,14,232,50,25,124,219,58,19,131
1762558431.291598,2.77715,0.06797,0.62839,-0.73222,0.69515,0.72139,260,64,25,130,45,301,113,19,248,42,24,119,205,44,12,141
1762558439.5650687,2.85,0.06522,0.66667,-0.74347,0.75439,0.69231,284,70,14,136,33,265,102,21,264,35,21,136,232,64,6,153
1762558447.8519757,2.75373,0.06929,0.66465,-0.68879,0.75529,0.645,278,60,23,134,48,262,107,20,247,25,27,126,203,58,13,126
1762558456.1355228,2.76351,0.06708,0.68191,-0.69063,0.71494,0.67603,300,58,22,123,53,286,102,18,229,32,30,144,225,58,17,163
1762558464.436548,2.65136,0.07048,0.63715,-0.69231,0.7013,0.62061,249,63,21,130,52,271,114,18,241,42,27,152,195,66,15,151
1762558472.7365475,2.72981,0.06944,0.67615,-0.73418,0.69953,0.61995,271,53,21,112,46,304,107,17,212,32,32,150,209,62,18,132
1762558481.0179992,2.58374,0.07266,0.57831,-0.66734,0.67467,0.66341,277,78,27,116,59,290,121,23,207,42,19,107,213,56,13,128
1762558489.3105192,2.60403,0.07402,0.65843,-0.63927,0.61929,0.68704,266,53,23,103,54,255,104,25,203,36,39,116,210,53,11,135
1762558497.6103537,2.81227,0.0674,0.64317,-0.76445,0.6962,0.70844,252,65,16,121,41,289,123,14,259,42,30,143,228,50,7,106
1762558505.9271626,2.82254,0.06817,0.72951,-0.765,0.72009,0.60794,288,55,11,134,35,253,100,12,245,31,31,136,197,60,19,127
1762558514.2167592,2.77262,0.06863,0.63232,-0.74359,0.69374,0.70297,270,70,21,134,40,269,105,15,224,32,34,141,217,46,14,127
1762558522.5105143,2.74269,0.06824,0.70464,-0.71106,0.67462,0.65237,269,52,18,135,40,288,91,24,250,45,30,136,210,65,12,156
1762558530.8106835,2.70052,0.07021,0.67511,-0.70136,0.69336,0.6307,274,60,17,123,49,257,119,17,219,36,31,151,204,66,11,136
1762558539.0985463,2.77149,0.06767,0.66807,-0.75893,0.68421,0.66029,280,62,17,117,36,290,104,18,261,42,33,139,211,59,12,136
1762558547.3839118,2.7645,0.06828,0.65929,-0.73363,0.73102,0.64055,262,59,18,113,38,276,108,21,244,33,29,155,207,64,14,149
1762558555.654471,2.64523,0.07098,0.69684,-0.66742,0.66239,0.61858,291,56,16,112,55,273,98,19,219,34,45,170,195,69,9,136
1762558563.9543908,2.69472,0.0693,0.70815,-0.72766,0.64403,0.61488,287,53,15,111,43,270,136,21,213,43,33,138,242,73,15,127
1762558572.2729628,2.77443,0.0676,0.66957,-0.71556,0.76035,0.62896,270,55,21,114,50,272,114,14,272,30,25,132,222,66,16,138
1762558580.5692956,2.69896,0.06966,0.63765,-0.71183,0.69811,0.65138,235,61,16,113,47,292,106,20,268,37,35,137,207,60,16,153
1762558588.8397,2.79085,0.06855,0.6492,-0.74834,0.74762,0.64569,267,60,17,95,42,272,124,15,237,29,24,130,203,61,15,150
1762558597.1259928,2.81788,0.06607,0.67686,-0.72458,0.72414,0.69231,277,59,15,107,47,309,98,18,210,39,21,165,238,56,18,169
1762558605.4046028,2.69446,0.06935,0.65546,-0.69851,0.66443,0.67606,261,69,13,133,53,288,112,18,226,48,27,146,198,58,11,159
1762558613.7069895,2.81184,0.06745,0.71678,-0.75166,0.70213,0.64128,265,40,25,129,43,269,126,13,270,43,27,130,193,56,17,141
1762558622.0068796,2.73942,0.06814,0.63419,-0.74728,0.67929,0.67866,279,74,18,132,37,292,109,21,235,42,30,142,208,56,11,142
1762558630.2927113,2.66865,0.06963,0.61667,-0.75501,0.67227,0.6247,266,72,20,122,33,272,122,22,247,41,37,151,209,63,16,133
1762558638.5774453,2.72859,0.06914,0.58425,-0.77358,0.72807,0.64269,248,75,20,114,43,276,100,5,254,34,28,140,216,65,12,138
1762558646.8586526,2.79842,0.0686,0.66595,-0.73832,0.72665,0.66749,269,62,16,120,38,266,106,18,251,39,21,128,199,57,10,137
1762558655.1526823,2.69283,0.07007,0.67936,-0.66379,0.69053,0.65915,277,57,23,142,57,266,120,21,225,38,29,141,195,61,7,136
1762558663.4734159,2.64838,0.07045,0.60641,-0.67982,0.71613,0.64602,245,67,19,106,59,269,114,14,242,34,32,157,221,58,22,151
1762558671.7637813,2.74531,0.06889,0.61863,-0.71236,0.69626,0.71806,234,59,27,131,47,268,113,17,235,37,28,128,236,53,11,154
1762558680.0921426,2.70814,0.07111,0.64681,-0.73763,0.71167,0.61202,270,60,23,117,46,285,119,15,250,32,31,124,185,60,11,110
1762558688.3846507,2.63448,0.07209,0.55752,-0.7512,0.69762,0.62814,233,78,22,119,40,259,107,12,261,36,34,132,205,62,12,119
1762558696.6521106,2.70393,0.06809,0.62624,-0.73121,0.66949,0.67699,280,73,21,129,38,268,112,21,252,47,31,142,238,60,13,141
1762558704.9584475,2.78188,0.06792,0.68304,-0.7618,0.66885,0.6682,269,54,17,108,39,274,118,14,238,39,37,145,211,60,12,151
1762558713.236257,2.75852,0.0674,0.666,-0.72197,0.74783,0.62273,298,66,17,116,47,277,107,15,268,32,26,134,216,74,9,141
1762558721.5301397,2.68225,0.07022,0.66013,-0.72936,0.68789,0.60488,272,56,22,109,40,269,108,19,246,49,27,165,182,66,15,147
1762558729.8317003,2.61933,0.07026,0.63052,-0.7156,0.6867,0.58652,278,73,19,128,49,260,114,13,257,39,34,136,225,73,19,128
1762558738.1446807,2.64099,0.07106,0.68304,-0.75501,0.58458,0.61836,264,50,21,113,37,287,107,18,242,58,39,128,193,61,18,142
1762558746.445157,2.73907,0.06944,0.64783,-0.69124,0.70288,0.69712,262,58,23,117,50,258,109,17,243,32,35,141,224,47,16,129
1762558754.729575,2.72417,0.06849,0.62994,-0.75579,0.69778,0.64066,275,67,22,117,38,300,117,20,232,46,22,150,214,66,10,133
1762558763.0240326,2.7821,0.06775,0.72803,-0.71744,0.6652,0.67143,276,58,7,137,45,283,106,19,238,33,43,140,211,61,8,140
1762558771.3297846,2.65817,0.07056,0.6785,-0.74828,0.66741,0.56398,303,54,23,99,43,279,103,12,232,39,36,144,191,80,12,139
1762558779.621727,2.69976,0.06941,0.6125,-0.71179,0.693,0.68246,269,67,26,118,43,297,95,23,250,34,34,125,219,55,12,136
1762558787.903102,2.71071,0.06932,0.64629,-0.70576,0.70588,0.65278,258,60,21,119,47,275,125,22,244,34,31,133,221,59,16,136
1762558796.221117,2.74478,0.06782,0.65778,-0.74603,0.71306,0.62791,261,62,15,112,39,273,112,17,249,41,26,151,237,71,17,148
1762558804.5091362,2.62918,0.07219,0.65909,-0.7193,0.6,0.65079,256,54,21,109,51,268,124,13,212,39,43,116,214,61,16,150
1762558812.7982032,2.69555,0.06995,0.69397,-0.68326,0.67982,0.6385,279,59,12,114,43,270,102,27,240,39,34,143,216,62,15,133
1762558821.0962815,2.76227,0.06748,0.67068,-0.70933,0.71034,0.67191,293,62,20,123,50,278,116,17,237,29,34,135,228,61,12,144
1762558829.3656929,2.61539,0.07089,0.63147,-0.70577,0.63636,0.64179,254,69,20,140,54,297,132,20,228,46,36,141,193,57,15,137
1762558837.6474755,2.74893,0.0693,0.6371,-0.77727,0.69058,0.64398,282,68,22,124,35,280,111,14,256,30,39,121,187,58,10,127
1762558845.9419038,2.77927,0.06854,0.68602,-0.79688,0.69539,0.60099,271,53,20,121,31,249,96,8,260,46,30,163,197,65,16,128
1762558854.241489,2.71983,0.06848,0.60404,-0.72135,0.67742,0.71703,277,77,21,120,35,270,113,27,230,41,34,160,228,48,11,130
1762558862.5164335,2.66941,0.07085,0.61396,-0.70743,0.65753,0.69048,270,68,26,123,42,264,92,19,241,47,28,122,216,58,7,139
1762558870.8024647,2.61842,0.07056,0.61847,-0.67273,0.71991,0.60731,276,77,18,127,54,257,111,18,237,38,26,156,210,72,14,142
1762558879.0810857,2.64275,0.07218,0.6385,-0.74194,0.64655,0.61576,235,55,22,114,45,256,122,11,246,51,31,136,209,64,14,119
1762558887.3755996,2.76649,0.06762,0.68397,-0.76443,0.67982,0.63825,270,53,17,103,29,266,116,22,246,45,28,137,239,67,20,155
1762558895.6600194,2.71176,0.06969,0.64361,-0.71765,0.69231,0.6582,272,60,25,120,44,252,113,16,245,31,37,129,228,59,15,131
1762558903.9434958,2.8204,0.06689,0.65199,-0.76035,0.71362,0.69444,290,64,19,104,44,292,112,11,231,35,26,134,215,62,4,151
1762558912.238969,2.77975,0.06766,0.69133,-0.74946,0.70601,0.63294,276,62,11,124,48,294,111,10,231,36,30,152,211,67,11,136
1762558920.5518696,2.79482,0.06895,0.6368,-0.73799,0.70642,0.7136,245,60,15,93,43,287,111,17,245,35,29,127,214,48,12,145
1762558928.8233836,2.73358,0.06928,0.62031,-0.76159,0.69683,0.65485,245,73,13,122,37,281,118,17,228,35,32,147,220,62,11,130
1762558937.0989647,2.85,0.06481,0.67544,-0.73228,0.71306,0.73853,270,55,19,112,50,323,117,18,265,39,28,135,221,50,7,158
1762558945.3855069,2.59711,0.07374,0.65899,-0.66589,0.68326,0.58897,238,56,18,122,51,257,102,21,229,41,29,143,171,63,19,146
1762558953.6760628,2.85,0.06548,0.68898,-0.76293,0.6934,0.76884,277,61,11,114,39,285,124,16,232,38,27,127,214,40,6,138
1762558961.9661043,2.78887,0.06802,0.65217,-0.76623,0.72881,0.64165,244,56,20,117,39,292,116,15,267,40,24,141,214,61,13,125
1762558970.2428176,2.77754,0.06755,0.71784,-0.74946,0.63941,0.67082,260,55,13,154,45,299,106,13,240,51,35,151,221,54,12,114
1762558978.5435603,2.72516,0.06902,0.67782,-0.7149,0.68941,0.64302,277,53,24,124,47,295,102,19,227,38,28,132,217,63,15,142
1762558986.834883,2.65413,0.07127,0.62553,-0.7437,0.6849,0.6,247,66,22,135,39,305,110,22,264,40,32,121,183,59,17,121
1762558995.1081722,2.74419,0.06677,0.6146,-0.775,0.70021,0.65438,262,70,25,136,38,312,114,16,284,34,39,130,221,59,16,138
1762559003.387789,2.8185,0.06696,0.63825,-0.70142,0.7562,0.72263,261,56,31,133,39,271,88,24,252,34,25,173,209,48,9,145
1762559011.6946201,2.81956,0.06737,0.65714,-0.7849,0.74074,0.63678,255,60,18,122,33,287,103,14,233,25,31,143,215,63,16,141
1762559019.9824293,2.68193,0.07056,0.69196,-0.67206,0.70183,0.61607,278,52,17,101,54,263,99,17,246,35,30,125,224,71,15,138
1762559028.2731385,2.69949,0.06987,0.63877,-0.68304,0.71028,0.66741,252,64,18,120,51,276,101,20,215,36,26,151,229,59,16,147
1762559036.5932405,2.67404,0.07195,0.63333,-0.72998,0.6642,0.64653,240,57,20,103,44,288,90,15,223,40,28,114,208,71,8,160
1762559044.8709514,2.74294,0.06925,0.64602,-0.75286,0.67816,0.6659,244,61,19,128,39,275,108,15,229,38,32,136,227,54,19,137
1762559053.1877708,2.74226,0.07007,0.6298,-0.74779,0.71493,0.64975,246,68,14,115,38,288,107,19,239,38,25,140,195,53,16,130
1762559061.4608073,2.73918,0.06812,0.7012,-0.7094,0.69265,0.63593,300,60,15,127,51,291,109,17,245,39,30,135,192,62,15,154
1762559069.7530088,2.73501,0.06939,0.6386,-0.75225,0.6913,0.65285,269,66,22,130,36,272,117,19,253,40,31,136,182,54,13,137
1762559078.0358496,2.7647,0.068,0.64961,-0.74732,0.72881,0.63895,271,68,21,148,45,297,111,14,232,31,25,125,216,61,15,129
1762559086.3258061,2.62867,0.07266,0.61426,-0.71226,0.65947,0.64268,267,71,21,118,34,247,116,27,225,30,41,121,198,56,16,133
1762559094.6219592,2.67889,0.07202,0.65044,-0.73566,0.65517,0.63761,249,59,20,124,34,254,94,19,225,35,35,111,225,69,10,132
1762559102.927361,2.67046,0.07129,0.64969,-0.68224,0.69604,0.64249,283,58,28,122,48,262,98,20,221,39,30,164,187,49,20,130
1762559111.2212887,2.67017,0.06995,0.59494,-0.70248,0.73333,0.63942,258,76,20,120,54,294,118,18,237,29,29,140,202,58,17,139
1762559119.5018544,2.69885,0.06955,0.60515,-0.70105,0.70283,0.68981,270,70,22,104,53,307,97,18,236,28,35,125,234,57,10,131
1762559127.800535,2.75928,0.0685,0.6513,-0.75391,0.68193,0.67213,268,66,21,144,38,280,112,17,212,33,33,137,216,55,15,141
1762559136.1098928,2.7554,0.06821,0.66876,-0.69264,0.71674,0.67726,270,63,16,128,46,275,116,25,264,44,22,136,220,55,11,123
1762559144.4121766,2.71492,0.06861,0.63214,-0.73019,0.6882,0.6644,276,66,21,110,44,287,117,19,255,34,36,124,230,62,12,137
1762559152.7006347,2.6336,0.07056,0.56432,-0.74486,0.69336,0.63107,233,86,19,144,46,309,115,16,227,34,33,143,208,58,18,128
1762559160.9816952,2.71391,0.07112,0.64172,-0.72881,0.69882,0.64455,246,54,25,116,40,248,109,16,227,32,32,134,216,59,16,131
1762559169.274549,2.76278,0.06859,0.66953,-0.75589,0.69737,0.64,261,64,13,128,38,299,111,19,236,42,27,151,188,66,6,140
1762559177.5853446,2.74312,0.06781,0.62353,-0.68067,0.74253,0.69639,287,66,30,127,52,295,105,24,232,33,23,147,219,52,11,133
1762559185.8707962,2.73215,0.06975,0.66446,-0.76443,0.65728,0.64598,256,54,22,121,35,291,91,16,235,45,28,118,219,59,18,139
1762559194.1747515,2.72553,0.06797,0.66667,-0.72746,0.68378,0.64762,274,65,15,126,44,297,115,21,275,50,27,135,215,60,14,131
1762559202.4610717,2.77959,0.06867,0.64302,-0.78448,0.65939,0.6927,234,66,12,125,35,291,123,15,238,45,33,142,189,47,14,147
1762559210.7482562,2.61496,0.07145,0.56596,-0.70022,0.67273,0.67606,240,71,31,128,50,262,118,17,241,38,34,127,218,57,12,139
1762559219.0677643,2.70004,0.06924,0.593,-0.7618,0.71306,0.63218,268,77,16,96,42,284,108,11,277,33,34,123,231,69,11,124
1762559227.362563,2.64655,0.07032,0.60408,-0.70513,0.70686,0.63048,262,70,27,131,50,284,115,19,221,40,22,140,205,58,22,148
1762559235.6537092,2.7409,0.06828,0.66525,-0.72973,0.66667,0.67925,267,63,16,126,41,269,115,19,257,44,36,143,215,55,13,141
1762559243.935193,2.67856,0.07079,0.71717,-0.71183,0.64764,0.60192,290,55,15,135,42,284,114,25,215,32,39,117,200,71,12,134
1762559252.2319643,2.65924,0.07042,0.6405,-0.71685,0.63758,0.6643,280,62,25,117,41,272,110,22,225,36,45,141,211,61,10,141
1762559260.5263352,2.69538,0.07096,0.67473,-0.71002,0.67713,0.63351,277,57,17,104,42,284,117,26,233,43,29,141,178,52,18,134
1762559268.8170078,2.61296,0.07222,0.62445,-0.7221,0.68122,0.58519,252,58,28,120,46,266,112,15,257,43,30,128,195,71,13,126
1762559277.1619823,2.64636,0.07118,0.68482,-0.70194,0.61743,0.64216,291,62,19,142,49,282,112,20,228,47,32,106,196,63,10,139
1762559285.442785,2.60195,0.07269,0.58768,-0.70323,0.65502,0.65602,235,61,26,100,46,280,116,23,238,37,42,141,222,53,17,115
1762559293.733196,2.62936,0.07191,0.67442,-0.6728,0.64762,0.63452,282,59,18,114,58,299,110,22,221,42,32,125,193,64,8,129
1762559302.0251722,2.71677,0.06789,0.66053,-0.75705,0.6652,0.63399,283,64,19,123,43,301,104,13,230,42,34,148,227,70,14,148
1762559310.3086855,2.67953,0.07146,0.65577,-0.71681,0.69194,0.615,260,59,20,120,50,297,91,14,239,35,30,118,206,68,9,117
1762559318.6005645,2.77357,0.06692,0.7173,-0.7065,0.70563,0.64414,294,49,18,113,45,297,110,25,247,37,31,147,200,55,24,165
1762559326.8962705,2.78754,0.06804,0.67396,-0.77626,0.6691,0.66822,285,68,14,136,39,292,97,10,209,38,30,134,224,61,10,133
1762559335.1915255,2.53567,0.07416,0.57494,-0.67506,0.66038,0.62529,237,77,18,115,51,258,108,20,215,34,38,137,207,63,17,140
1762559343.4839149,2.84189,0.06668,0.70089,-0.71183,0.74049,0.68868,260,54,13,121,41,282,116,26,257,27,31,132,236,50,16,122
1762559351.7662575,2.76615,0.06948,0.68445,-0.6824,0.73427,0.66502,251,52,16,112,50,286,106,24,228,36,21,144,201,52,16,137
1762559360.0698442,2.69202,0.07146,0.60183,-0.70071,0.68374,0.70574,242,80,7,108,44,262,96,19,259,42,29,119,206,48,11,136
1762559368.371385,2.73559,0.06836,0.63274,-0.73191,0.72414,0.64679,239,64,19,130,44,287,120,19,242,46,18,158,221,64,13,138
1762559376.6448076,2.76496,0.06832,0.63273,-0.79556,0.63092,0.70575,268,76,16,141,34,288,116,12,216,43,31,111,214,48,16,157
1762559384.9530752,2.80965,0.06737,0.70464,-0.70601,0.72158,0.67742,287,57,13,117,41,269,114,25,243,31,29,128,217,56,14,147
1762559393.2523754,2.73096,0.0685,0.66191,-0.69615,0.67579,0.69712,279,60,23,129,45,280,94,22,259,37,40,139,202,51,12,151
1762559401.5431213,2.70579,0.07109,0.66355,-0.73853,0.68889,0.61481,254,55,17,102,47,268,111,10,226,39,31,154,186,57,21,141
1762559409.8590791,2.77885,0.06793,0.6646,-0.69585,0.68507,0.73333,290,60,21,112,45,266,102,21,271,44,33,141,214,42,10,124
1762559418.1603625,2.80359,0.0674,0.67677,-0.72444,0.70755,0.69484,283,60,20,132,40,282,106,22,245,30,32,117,221,52,13,140
1762559426.4467776,2.72197,0.06877,0.63563,-0.72065,0.71175,0.65394,279,73,17,125,51,314,111,18,241,37,28,145,204,56,12,121
1762559434.7430224,2.74074,0.068,0.62762,-0.71429,0.71047,0.68837,266,64,25,123,44,293,115,24,231,35,30,153,217,54,13,146
1762559443.0603225,2.63762,0.0707,0.67672,-0.68685,0.65618,0.61787,274,55,20,115,46,298,106,29,263,42,40,132,201,62,15,125
1762559451.3577094,2.67036,0.06996,0.6681,-0.7,0.67177,0.63048,283,62,15,104,49,276,115,20,254,50,25,128,205,71,9,148
1762559459.6907086,2.74986,0.06886,0.60327,-0.70852,0.73756,0.70051,268,77,20,124,49,257,124,16,243,34,24,141,197,42,17,138
1762559467.9622529,2.70985,0.06828,0.62162,-0.71616,0.70614,0.66593,277,70,21,113,47,268,125,18,246,40,27,143,234,61,15,145
1762559476.2502513,2.63564,0.07085,0.58661,-0.69401,0.74822,0.6068,282,65,40,121,52,282,100,17,242,24,29,126,191,72,9,140
1762559484.5507758,2.6907,0.07027,0.59322,-0.71765,0.6682,0.71163,256,76,20,120,38,238,127,22,241,38,34,121,223,51,11,145
1762559492.8556485,2.66217,0.07174,0.64679,-0.74771,0.68352,0.58416,246,55,22,113,35,268,113,20,253,36,36,130,193,67,17,127
1762559501.142451,2.69089,0.07007,0.66333,-0.72368,0.63721,0.66667,278,55,29,137,50,286,107,13,229,46,32,123,216,56,12,124
1762559509.4077976,2.70543,0.0686,0.58996,-0.75717,0.69697,0.66133,263,70,28,117,40,295,103,15,243,43,27,149,227,57,17,136
1762559517.731857,2.67644,0.07062,0.63983,-0.70614,0.71028,0.62019,275,67,18,112,43,275,114,24,240,39,23,126,202,69,10,135
1762559526.0212812,2.71855,0.06878,0.70721,-0.68996,0.69723,0.62416,263,50,15,116,51,284,103,20,272,38,33,126,231,72,12,132
1762559534.3192031,2.64244,0.07204,0.6,-0.69932,0.68421,0.65891,261,70,25,119,45,270,103,21,239,45,24,129,187,49,17,134
1762559542.602635,2.75645,0.07007,0.65057,-0.713,0.70892,0.68395,238,56,20,121,46,292,90,18,234,32,30,130,192,52,12,149
1762559550.8913252,2.85,0.06541,0.69421,-0.74745,0.67206,0.7512,281,63,11,129,42,306,123,20,230,40,31,132,209,41,11,157
1762559559.1974912,2.79975,0.06668,0.63008,-0.76151,0.74545,0.66271,252,69,22,149,33,303,118,24,241,31,25,143,232,55,16,118
1762559567.498781,2.77573,0.06757,0.62979,-0.71861,0.71304,0.71429,255,66,21,128,41,275,122,24,262,35,31,132,206,49,11,154
1762559575.788664,2.71253,0.06762,0.65234,-0.71608,0.67591,0.6682,287,70,19,136,46,290,121,22,234,48,28,159,213,55,17,149
1762559584.0676217,2.80786,0.06795,0.65368,-0.76344,0.69767,0.69307,271,50,30,111,38,291,119,17,239,35,30,126,193,55,7,149
1762559592.3418555,2.72545,0.06875,0.65502,-0.70105,0.7286,0.64078,267,55,24,112,47,293,111,24,258,36,29,156,210,56,18,128
1762559600.6256964,2.64741,0.07016,0.62602,-0.74771,0.59641,0.67727,268,70,22,132,38,268,113,17,223,50,40,133,237,53,18,132
1762559608.9099722,2.6386,0.07054,0.60334,-0.69231,0.65237,0.69058,272,66,29,112,44,275,99,24,238,46,31,128,230,56,13,147
1762559617.2212164,2.64139,0.07186,0.62092,-0.70975,0.65315,0.65757,264,66,21,108,46,279,98,18,233,53,24,134,210,57,12,124
1762559625.4924066,2.77079,0.06722,0.68228,-0.72673,0.71106,0.65072,276,60,18,137,49,309,127,20,251,27,37,128,209,64,9,136
1762559633.7971773,2.76805,0.06686,0.6618,-0.73913,0.69748,0.66964,278,61,20,120,39,280,120,21,253,40,32,151,218,63,11,156
1762559642.0783699,2.62739,0.07072,0.62725,-0.66297,0.69231,0.64486,259,67,26,147,54,274,101,22,230,39,29,144,200,63,13,152
1762559650.3703313,2.74855,0.06983,0.71971,-0.7149,0.71492,0.59901,253,46,13,109,46,299,98,20,238,35,29,147,179,68,13,144
1762559658.6575797,2.67681,0.07131,0.62759,-0.70464,0.68468,0.6599,234,62,19,120,54,289,115,16,242,42,28,132,186,53,14,141
1762559666.93059,2.70447,0.07024,0.60987,-0.75439,0.64414,0.69608,248,68,19,111,48,303,97,8,227,39,40,138,208,52,10,138
1762559675.2195961,2.70245,0.07031,0.6278,-0.73874,0.67249,0.66341,261,61,22,102,37,268,118,21,253,41,34,130,203,62,7,138
1762559683.4989562,2.69123,0.07042,0.66173,-0.71298,0.68493,0.63158,283,64,16,110,37,269,107,26,232,47,22,137,200,68,9,141
1762559691.77556,2.69367,0.07048,0.63941,-0.73874,0.66816,0.64736,267,71,15,124,42,275,111,16,248,42,32,124,191,53,17,136
1762559700.061854,2.74103,0.06904,0.64935,-0.70183,0.72867,0.66118,274,63,18,107,42,251,120,23,255,36,26,140,210,61,11,143
1762559708.3525615,2.68282,0.07024,0.62933,-0.68908,0.71429,0.65013,279,66,25,121,55,290,112,19,239,36,28,145,191,50,17,125
1762559716.6518593,2.72507,0.06702,0.66393,-0.70782,0.70021,0.6531,288,63,19,118,49,302,113,22,269,41,29,128,233,66,15,153
1762559724.9631314,2.66287,0.07273,0.66372,-0.68571,0.64944,0.664,277,67,9,99,49,262,92,17,239,42,36,128,187,56,7,125
1762559733.2482064,2.7802,0.06864,0.65066,-0.75877,0.67257,0.69821,276,62,18,102,41,291,110,14,246,47,27,132,192,45,14,140
1762559741.5449305,2.73947,0.06917,0.69231,-0.72834,0.6681,0.65072,282,55,17,114,39,263,106,19,257,41,36,130,189,54,19,156
1762559749.8369946,2.79233,0.06756,0.67043,-0.77778,0.70563,0.6385,248,57,16,122,42,298,118,10,243,35,33,151,208,66,11,141
1762559758.1080675,2.71703,0.06742,0.6487,-0.74297,0.71991,0.60544,299,72,16,114,48,306,128,16,249,31,33,144,227,66,21,127
1762559766.4099443,2.69338,0.0696,0.64803,-0.71855,0.7,0.62679,280,62,23,118,48,279,124,18,249,35,31,125,202,64,14,138
1762559774.707647,2.79452,0.06769,0.65474,-0.76871,0.68736,0.68372,276,68,14,117,38,284,106,13,239,39,29,128,222,59,9,140
1762559782.9942608,2.81474,0.06822,0.75463,-0.74393,0.67981,0.63636,255,44,9,124,43,289,106,15,216,37,32,146,203,68,8,139
1762559791.2967834,2.79135,0.06849,0.69374,-0.77131,0.69499,0.63131,250,48,18,115,39,298,128,16,241,37,33,148,199,60,13,124
1762559799.6042514,2.72413,0.07101,0.69912,-0.689,0.68085,0.65517,273,55,13,111,52,245,108,13,260,41,34,135,187,55,10,125
1762559807.9080882,2.62039,0.07228,0.5708,-0.70815,0.69555,0.64589,234,68,29,121,47,292,106,21,246,37,28,116,187,56,15,143
1762559816.2106924,2.75041,0.06925,0.66186,-0.71685,0.68591,0.68579,269,68,14,134,47,282,100,16,226,41,27,139,214,51,12,124
1762559824.501464,2.74455,0.069,0.66079,-0.70667,0.69392,0.68317,268,58,19,109,47,272,112,19,269,41,32,135,203,52,12,137
1762559832.805551,2.72559,0.07027,0.59633,-0.70824,0.70815,0.71287,228,68,20,120,49,253,110,13,241,33,35,157,213,43,15,133
1762559841.1047897,2.82667,0.0678,0.67544,-0.77324,0.70892,0.66906,269,59,15,113,34,275,116,16,241,30,32,123,215,52,17,133
1762559849.3978486,2.6227,0.07196,0.62413,-0.69484,0.6871,0.61663,236,67,14,114,47,250,111,18,265,41,33,134,204,57,26,146
1762559857.7075212,2.68725,0.07088,0.60731,-0.70183,0.73191,0.64619,228,65,21,124,50,284,87,15,259,30,33,148,199,56,16,136
1762559865.9967117,2.80353,0.06588,0.64211,-0.75281,0.70539,0.70323,255,58,27,135,41,280,110,14,245,39,32,166,242,53,16,154
1762559874.3124242,2.70541,0.06893,0.61431,-0.77922,0.68778,0.6241,279,76,21,127,37,296,115,14,225,38,31,148,202,60,18,135
1762559882.6098473,2.76259,0.06846,0.64179,-0.74279,0.678,0.7,290,66,18,95,32,292,101,26,234,31,40,136,218,50,13,139
1762559890.9232686,2.55114,0.07176,0.60164,-0.718,0.63516,0.59633,272,76,21,118,51,286,110,14,227,43,40,145,203,72,16,145
1762559899.2330933,2.85,0.06551,0.67432,-0.75153,0.77574,0.65403,289,44,34,112,48,300,130,13,222,25,24,166,220,56,17,129
1762559907.5207775,2.77436,0.06791,0.66882,-0.73171,0.72622,0.64762,262,57,20,126,45,295,131,21,231,35,24,141,201,67,7,145
1762559915.8216007,2.74166,0.06756,0.64591,-0.68071,0.71429,0.70075,292,65,26,131,56,260,119,16,279,35,37,153,210,49,11,131
1762559924.1107192,2.75676,0.06849,0.63355,-0.76674,0.7047,0.65176,261,56,27,109,32,287,122,22,231,35,31,150,214,58,16,137
1762559932.4186206,2.68527,0.06945,0.62525,-0.68304,0.69643,0.68056,282,69,23,117,54,269,108,17,243,42,26,137,217,57,12,146
1762559940.7142246,2.78732,0.06754,0.64634,-0.75056,0.70264,0.68778,264,76,11,141,40,278,115,16,229,32,30,126,207,60,9,166
1762559949.021276,2.73113,0.07044,0.59809,-0.73053,0.73585,0.66667,233,66,18,101,50,294,117,14,234,31,25,134,191,56,12,149
1762559957.308729,2.70809,0.07008,0.66599,-0.69268,0.71047,0.63895,286,60,22,123,45,244,103,18,245,36,29,139,195,65,11,150
1762559965.586593,2.70215,0.07071,0.64331,-0.76975,0.69725,0.59184,278,66,18,109,37,269,123,14,226,36,30,144,189,68,12,123
1762559973.8729587,2.73682,0.07,0.6186,-0.72708,0.76264,0.6285,248,65,17,100,41,287,118,23,249,27,27,152,202,60,13,118
1762559982.1380436,2.85,0.06641,0.70536,-0.72926,0.73362,0.69682,268,54,12,114,41,282,114,21,247,39,22,150,195,51,11,152
1762559990.4320602,2.7149,0.06834,0.64629,-0.64629,0.73673,0.68559,257,62,19,120,56,276,101,25,264,34,28,145,219,54,18,167
1762559998.7131705,2.78924,0.06789,0.67857,-0.78619,0.70522,0.61927,266,53,19,110,36,287,114,12,239,36,29,137,225,70,13,128
1762560006.996842,2.79834,0.06787,0.67421,-0.75599,0.66814,0.7,242,60,12,128,33,283,120,23,248,44,31,129,232,50,13,125
1762560015.299225,2.75409,0.06809,0.64352,-0.73561,0.71795,0.65702,229,57,20,126,41,297,110,21,253,29,37,149,221,68,9,151
1762560023.5833232,2.73422,0.0703,0.69955,-0.70163,0.70186,0.63117,275,56,11,104,44,279,86,20,258,40,32,153,189,49,22,125
1762560031.8805854,2.66704,0.07011,0.625,-0.72646,0.70549,0.61009,286,66,21,91,42,264,121,19,264,38,29,124,216,62,23,135
1762560040.148288,2.7312,0.06824,0.64192,-0.73561,0.73239,0.62128,240,64,18,136,51,287,120,11,231,32,25,138,232,77,12,149
1762560048.4303832,2.63123,0.06985,0.63711,-0.72854,0.66087,0.60471,276,73,15,121,54,327,106,14,245,44,34,137,205,70,14,136
1762560056.7344325,2.63211,0.07051,0.57616,-0.72709,0.63913,0.68974,253,81,15,104,46,306,118,21,249,43,40,128,215,51,14,139
1762560065.0130823,2.72782,0.06964,0.64017,-0.78166,0.6385,0.66749,268,62,24,124,37,295,113,13,212,43,34,137,200,59,8,136
1762560073.3561242,2.58917,0.0726,0.62138,-0.67556,0.66814,0.6241,248,68,17,116,52,260,117,21,242,38,37,135,201,56,22,136
1762560081.6721275,2.6121,0.07099,0.61491,-0.7027,0.65939,0.6351,256,69,24,134,52,285,93,14,226,49,29,154,221,69,10,133
1762560089.957663,2.70577,0.06904,0.62917,-0.71605,0.65468,0.70588,267,65,24,124,40,300,117,29,220,42,30,125,232,51,14,145
1762560098.2641797,2.67726,0.07192,0.6307,-0.69545,0.69626,0.65485,231,54,23,109,52,278,95,15,225,36,29,138,225,57,16,125
1762560106.5413444,2.81558,0.0677,0.7254,-0.76498,0.606,0.71921,257,47,13,120,29,285,98,22,243,49,43,132,211,44,13,138
1762560114.8369224,2.83503,0.06668,0.71545,-0.75,0.71163,0.65796,303,55,15,119,37,281,118,20,223,36,26,145,199,55,17,150
1762560123.114835,2.72396,0.0699,0.67615,-0.72687,0.68039,0.64055,270,56,18,113,45,275,117,17,223,43,23,124,212,62,16,144
1762560131.403948,2.75314,0.06867,0.63596,-0.73932,0.69615,0.68171,252,65,18,121,41,282,125,20,237,30,37,137,202,53,14,152
1762560139.673861,2.71154,0.07119,0.64944,-0.70439,0.6855,0.67221,237,56,22,130,52,269,100,12,225,34,30,118,201,56,13,151
1762560147.9589355,2.55846,0.0731,0.64224,-0.69953,0.62372,0.59296,266,67,16,115,46,268,94,18,248,51,41,149,192,68,13,125
1762560156.2437506,2.65415,0.06954,0.67401,-0.74745,0.62389,0.60879,274,60,14,106,36,316,113,26,243,48,37,124,228,67,22,138
1762560164.53392,2.68565,0.07101,0.64859,-0.7013,0.73991,0.59585,265,64,17,115,47,280,113,22,246,31,27,142,188,58,20,120
1762560172.822683,2.77402,0.06728,0.65548,-0.73763,0.73932,0.64159,251,53,24,119,41,293,111,20,252,34,27,155,225,67,14,146
1762560181.1161487,2.65796,0.06984,0.59509,-0.68,0.73009,0.65278,278,67,32,112,53,261,117,19,245,31,30,146,223,67,8,134
1762560189.4033368,2.60913,0.07178,0.62656,-0.66749,0.70089,0.61419,279,68,22,113,49,229,107,18,241,32,35,140,220,74,13,144
1762560197.6979883,2.74807,0.07022,0.72152,-0.73039,0.64758,0.64858,288,46,20,120,45,246,107,10,231,42,38,143,193,58,10,126
1762560205.9886196,2.74677,0.0672,0.60833,-0.75983,0.70549,0.67312,255,72,22,131,34,297,106,21,260,35,32,128,230,61,15,159
1762560214.2770405,2.78866,0.06948,0.68203,-0.69697,0.70163,0.70803,245,55,14,120,42,266,98,23,229,41,23,136,216,50,10,135
1762560222.5700774,2.65854,0.07031,0.62232,-0.68571,0.64551,0.70499,254,66,22,124,52,263,91,14,226,49,32,150,237,57,11,156
1762560230.8637748,2.60724,0.07186,0.6537,-0.73154,0.6152,0.6068,312,69,20,113,45,266,121,15,215,42,39,125,205,62,19,126
1762560239.1411839,2.81694,0.06733,0.7173,-0.68889,0.75221,0.65854,275,41,26,132,49,283,97,21,259,31,25,137,225,61,9,115
1762560247.4273617,2.71117,0.06955,0.64683,-0.69604,0.69585,0.67246,291,72,17,124,44,272,113,25,230,39,27,138,190,50,16,147
1762560255.7299008,2.71512,0.06838,0.63675,-0.7234,0.68397,0.671,262,60,25,121,55,282,123,10,243,40,30,130,230,59,17,156
1762560264.0105202,2.80131,0.06758,0.70042,-0.76636,0.65741,0.67713,284,60,11,119,33,269,109,17,233,34,40,125,222,60,12,152
1762560272.2921467,2.70119,0.06813,0.64155,-0.73951,0.67024,0.64989,267,71,17,136,42,270,124,17,265,39,38,125,236,67,13,141
1762560280.587331,2.85,0.06423,0.66866,-0.76905,0.78082,0.68849,290,63,20,128,32,269,114,18,241,27,21,149,223,53,16,151
1762560288.885679,2.71999,0.06901,0.68468,-0.6867,0.65766,0.69095,248,58,12,126,45,281,112,28,227,46,30,141,235,52,18,148
1762560297.2230816,2.72105,0.07032,0.6534,-0.75349,0.68559,0.62857,232,51,23,121,41,285,92,12,252,35,37,134,190,63,15,152
1762560305.5106437,2.76757,0.0664,0.61252,-0.70355,0.78182,0.66968,267,77,22,145,48,285,123,23,255,28,20,137,224,59,14,145
1762560313.777311,2.71313,0.0694,0.69485,-0.6849,0.68493,0.64846,283,61,13,128,44,296,89,28,244,38,31,125,197,67,7,150
1762560322.066529,2.67129,0.06884,0.60311,-0.75652,0.61009,0.70156,270,72,30,142,31,293,111,25,232,44,41,119,228,56,11,154
1762560330.3758383,2.70973,0.06966,0.6392,-0.70175,0.73364,0.63514,270,56,25,98,45,271,117,23,232,33,24,139,228,67,14,135
1762560338.6648586,2.78968,0.06926,0.70925,-0.73494,0.69585,0.64964,257,44,22,131,39,261,99,16,225,38,28,143,198,62,10,141
1762560346.9427097,2.85,0.0651,0.71429,-0.72689,0.69264,0.72398,265,50,17,137,42,294,117,23,240,45,26,151,232,49,12,149
1762560355.2117665,2.69902,0.06917,0.64706,-0.68212,0.6952,0.67464,257,66,18,135,50,255,126,22,248,42,31,158,217,60,8,133
1762560363.5104873,2.84886,0.06709,0.66596,-0.74082,0.69524,0.74684,286,60,19,108,40,296,107,20,221,39,25,135,215,44,6,130
1762560371.8220482,2.80304,0.06691,0.64502,-0.75904,0.70492,0.69406,262,67,15,118,38,305,133,22,228,28,35,136,236,54,13,135
1762560380.1175017,2.61022,0.07073,0.62628,-0.65532,0.67312,0.6555,273,70,21,123,57,269,120,24,243,44,32,146,205,61,11,141
1762560388.4337997,2.69494,0.0697,0.60248,-0.71239,0.73756,0.64251,265,73,23,122,44,283,104,21,268,35,23,116,207,60,14,133
1762560396.7230532,2.72863,0.07021,0.62338,-0.71363,0.68298,0.70864,253,67,20,122,39,266,105,23,244,34,34,117,211,50,9,135
1762560405.0070777,2.78063,0.06772,0.675,-0.73874,0.68071,0.68618,267,52,26,135,49,260,126,9,246,37,35,133,215,61,6,145
1762560413.2977417,2.80875,0.06794,0.71868,-0.68696,0.68293,0.72018,262,49,15,129,48,278,110,24,232,40,25,113,227,50,11,148
1762560421.5881486,2.72989,0.06978,0.63431,-0.65072,0.71366,0.73121,238,62,19,124,45,246,99,28,247,37,28,142,242,48,11,138
1762560429.8718653,2.67583,0.07089,0.62047,-0.7365,0.69118,0.62768,262,67,22,118,40,279,123,21,216,35,28,129,221,60,18,120
1762560438.1608124,2.65712,0.07131,0.66355,-0.67965,0.64807,0.66585,240,60,12,116,56,281,107,18,241,42,40,143,196,59,9,143
1762560446.4556952,2.64942,0.07142,0.61066,-0.71028,0.69794,0.63054,253,68,27,140,46,250,116,16,231,30,36,140,199,61,14,132
1762560454.7425447,2.66597,0.0702,0.62358,-0.70961,0.6732,0.65957,262,58,25,96,50,285,133,21,239,38,37,145,205,52,20,146
1762560463.027062,2.58194,0.07224,0.61926,-0.69063,0.68989,0.58216,263,71,16,107,53,268,120,18,259,36,33,117,193,72,17,144
1762560471.332682,2.63886,0.07218,0.61667,-0.72851,0.64151,0.65217,250,71,21,138,33,272,110,27,220,48,28,128,192,56,12,131
1762560479.621403,2.73268,0.0687,0.64059,-0.75839,0.671,0.66271,266,63,22,122,37,276,117,17,234,44,32,152,205,58,13,145
1762560487.908029,2.72627,0.06962,0.68212,-0.7156,0.66596,0.66259,275,51,21,106,40,266,108,22,249,44,35,145,196,60,9,144
1762560496.2019894,2.71672,0.06815,0.6501,-0.67129,0.72867,0.66667,284,72,16,131,68,303,119,15,247,34,28,148,199,56,11,136
1762560504.4906929,2.8438,0.06641,0.71255,-0.73154,0.73304,0.66667,297,55,16,126,42,260,127,18,238,30,31,158,203,57,11,137
1762560512.7805195,2.75454,0.06771,0.67901,-0.67019,0.75,0.65534,284,58,20,124,59,302,93,19,254,34,25,159,204,59,12,137
1762560521.0740356,2.62649,0.07154,0.63834,-0.69555,0.6833,0.6093,247,63,20,129,45,286,76,20,251,36,37,137,213,70,14,133
1762560529.3479962,2.62317,0.07038,0.6345,-0.68539,0.63229,0.671,299,70,19,99,47,286,89,23,239,39,43,125,237,60,16,149
1762560537.6607456,2.65466,0.07036,0.66518,-0.70325,0.68053,0.6057,267,60,15,106,53,291,128,20,234,37,36,150,219,69,14,119
1762560545.966046,2.66697,0.0691,0.68182,-0.69536,0.66079,0.629,272,58,19,135,50,273,111,19,243,44,33,134,244,65,22,138
1762560554.2643433,2.62702,0.07193,0.67546,-0.69195,0.62422,0.63539,284,59,21,129,53,270,98,14,253,52,38,136,178,59,9,127
1762560562.5507305,2.7849,0.06651,0.62348,-0.77143,0.73561,0.65438,276,74,19,125,39,291,112,13,276,42,20,131,215,64,11,144
1762560570.8521779,2.66862,0.07066,0.62389,-0.71789,0.69499,0.63184,267,58,27,100,49,293,115,18,259,45,25,130,214,66,8,114
1762560579.1455274,2.66489,0.07023,0.65563,-0.70701,0.66376,0.6385,249,61,17,126,49,293,109,20,227,40,37,154,210,58,19,139
1762560587.4288433,2.72529,0.06846,0.65805,-0.73995,0.68928,0.63801,286,63,23,131,36,281,87,19,250,38,33,136,233,68,12,129
1762560595.7072558,2.85,0.06476,0.66602,-0.78402,0.7296,0.72431,312,55,31,117,33,289,124,17,228,29,29,143,215,51,4,129
1762560603.9965613,2.77943,0.06842,0.70168,-0.76417,0.72028,0.5933,277,56,15,128,39,288,101,13,237,30,30,132,189,64,21,144
1762560612.2726166,2.75964,0.0679,0.67206,-0.70021,0.75229,0.63507,272,62,19,141,46,289,108,24,258,34,20,124,212,61,16,133
1762560620.5872097,2.74906,0.06754,0.62257,-0.76703,0.69762,0.66184,308,77,20,109,42,291,111,11,255,45,25,138,213,58,12,131
1762560628.8780231,2.71428,0.06955,0.62979,-0.6875,0.71681,0.68018,259,67,20,124,42,253,98,23,245,33,31,143,219,61,10,154
1762560637.1716623,2.8073,0.06702,0.69014,-0.75225,0.67946,0.68545,296,62,15,124,42,278,111,13,246,45,26,126,223,55,12,136
1762560645.4502625,2.60729,0.0726,0.61822,-0.68565,0.7177,0.58571,261,68,20,112,40,274,96,29,240,28,31,119,193,72,15,140
1762560653.7394485,2.70118,0.06947,0.64211,-0.7582,0.69903,0.60185,258,64,21,132,35,317,112,24,223,35,27,127,215,70,16,131
1762560662.027131,2.81485,0.06627,0.69536,-0.77399,0.71908,0.62642,287,50,19,97,36,304,112,17,256,37,30,154,212,67,15,145
1762560670.318295,2.82307,0.06755,0.64706,-0.72874,0.7512,0.69608,271,73,14,135,42,279,97,17,247,27,25,119,204,50,12,142
1762560678.6222804,2.73767,0.0694,0.68399,-0.69042,0.75051,0.61275,271,55,21,134,48,255,89,15,264,38,23,164,188,62,17,141
1762560686.924013,2.75587,0.07039,0.71236,-0.66368,0.72637,0.65347,266,46,18,115,55,280,91,20,223,32,23,124,191,57,13,143
1762560695.1985664,2.72054,0.06929,0.69298,-0.72768,0.66522,0.63466,270,49,21,116,43,271,116,18,242,41,36,141,224,60,18,125
1762560703.4888606,2.66115,0.07116,0.59748,-0.69533,0.72018,0.64815,254,75,21,127,44,257,88,18,218,38,23,157,230,57,19,126
1762560711.7905068,2.7434,0.06931,0.67515,-0.77209,0.65116,0.645,306,62,21,122,36,257,124,13,224,45,30,131,203,55,16,126
1762560720.10294,2.70978,0.06838,0.62996,-0.78261,0.63675,0.66047,249,68,16,121,39,331,120,16,249,49,36,134,219,61,12,138
1762560728.3949606,2.714,0.06809,0.68333,-0.71304,0.65967,0.65795,276,63,13,128,45,275,119,21,229,33,40,127,277,69,16,135
1762560736.6912203,2.6811,0.07071,0.6534,-0.67483,0.66239,0.69048,251,51,23,102,48,261,115,25,244,50,29,145,204,53,12,151
1762560744.9955206,2.76986,0.06915,0.69462,-0.67696,0.73568,0.66259,266,54,17,128,50,247,106,18,237,31,29,157,187,63,6,153
1762560753.2791588,2.80738,0.06658,0.64314,-0.69955,0.75172,0.71296,278,63,28,141,45,269,110,22,253,27,27,128,244,49,13,126
1762560761.565389,2.64539,0.07128,0.64912,-0.66667,0.68254,0.64706,245,61,19,131,56,267,93,16,241,40,30,130,220,67,11,144
1762560769.8524747,2.65206,0.07084,0.61778,-0.71366,0.65236,0.66827,240,71,15,124,42,283,106,23,244,42,39,141,228,59,10,119
1762560778.1389523,2.75092,0.06949,0.72685,-0.72062,0.63678,0.66667,241,49,10,132,46,293,95,17,229,43,36,127,216,58,13,139
1762560786.4264607,2.69913,0.06961,0.6722,-0.71179,0.66297,0.65217,269,59,20,134,47,279,113,19,235,39,37,140,208,57,15,134
1762560794.7249362,2.8379,0.06546,0.63711,-0.75476,0.71938,0.72665,258,66,22,139,42,305,110,16,248,35,28,138,230,49,11,149
1762560803.0067654,2.65326,0.07096,0.55094,-0.73397,0.66591,0.70244,258,83,25,115,39,267,98,17,227,46,28,142,223,50,11,126
1762560811.2991571,2.76012,0.06838,0.64935,-0.70387,0.70878,0.69811,260,63,18,121,48,272,102,17,243,37,31,156,195,53,11,165
1762560819.5914335,2.66196,0.07046,0.64372,-0.69042,0.70312,0.62469,299,65,23,107,44,235,109,19,282,38,38,154,188,59,17,141
1762560827.885694,2.61762,0.07173,0.60169,-0.68664,0.69932,0.62998,268,66,28,110,45,276,90,23,232,43,23,141,206,65,14,142
1762560836.1809244,2.76232,0.06838,0.66597,-0.68035,0.7173,0.6987,290,59,21,109,49,278,111,25,251,44,23,156,209,52,6,118
1762560844.4898777,2.79939,0.06696,0.63193,-0.75501,0.71977,0.69268,256,66,17,112,40,277,117,15,286,41,32,162,207,53,10,140
1762560852.787041,2.73204,0.0687,0.65546,-0.73391,0.66228,0.68039,264,54,28,130,44,284,120,18,212,42,35,167,212,54,12,135
1762560861.0767183,2.64099,0.07125,0.62933,-0.74026,0.67742,0.59398,261,64,27,139,42,280,122,18,227,38,32,137,194,69,12,124
1762560869.382079,2.77506,0.06785,0.60271,-0.77333,0.71053,0.68849,242,67,21,113,28,303,96,23,232,31,35,158,207,61,8,167
1762560877.6606846,2.72181,0.06788,0.64244,-0.66809,0.71861,0.69267,297,65,26,121,49,280,112,29,242,30,35,155,215,51,14,143
1762560885.9749813,2.58941,0.07217,0.60776,-0.71889,0.63719,0.62557,262,67,24,111,44,267,106,17,241,46,34,120,209,67,15,147
1762560894.249052,2.65074,0.0712,0.6214,-0.69723,0.69484,0.63728,264,70,22,130,51,281,117,20,217,36,29,144,204,59,13,121
1762560902.5301352,2.67992,0.06992,0.67689,-0.70068,0.64574,0.65661,279,65,14,131,41,271,104,25,239,42,37,128,205,54,20,152
1762560910.8088758,2.69507,0.07073,0.64967,-0.71304,0.65783,0.67453,250,62,17,122,43,290,104,23,228,42,29,116,233,56,13,122
1762560919.1002474,2.5912,0.07314,0.63844,-0.67896,0.67686,0.59694,240,62,17,118,57,278,109,17,234,34,40,150,186,64,15,127
1762560927.3766308,2.81824,0.06636,0.66939,-0.74414,0.69869,0.70602,275,60,21,134,38,290,119,22,234,36,33,155,223,54,7,131
1762560935.6900654,2.74304,0.06739,0.63789,-0.7265,0.67793,0.70071,266,69,17,123,39,290,114,25,274,42,39,148,225,51,12,133
1762560943.9752555,2.68332,0.06887,0.62917,-0.63445,0.73333,0.68636,257,74,15,134,53,300,89,34,239,29,31,151,231,59,10,140
1762560952.2932339,2.61757,0.07159,0.62419,-0.68989,0.60538,0.69811,237,69,18,139,53,265,111,16,241,42,46,117,199,56,8,161
1762560960.5985787,2.68557,0.06928,0.65198,-0.68996,0.66109,0.68254,244,54,25,131,45,263,124,26,265,42,39,132,218,57,13,153
1762560968.8734064,2.71033,0.06804,0.59082,-0.73303,0.72584,0.66063,294,82,25,122,38,281,102,21,243,35,26,141,236,63,12,131
1762560977.1567464,2.79993,0.06654,0.67213,-0.7314,0.71694,0.67946,290,57,23,118,48,293,126,17,236,36,25,134,231,62,9,141
1762560985.4296472,2.73458,0.06789,0.69957,-0.72516,0.65393,0.65591,266,55,15,130,47,288,120,18,235,54,23,133,225,70,10,160
1762560993.7410064,2.76945,0.06797,0.64682,-0.73154,0.75166,0.63942,282,75,11,119,43,269,118,17,272,35,21,123,208,61,14,133
1762561002.0245428,2.83621,0.06693,0.64069,-0.7931,0.7296,0.67281,260,64,19,119,32,273,117,13,242,26,32,129,237,56,15,126
1762561010.2930763,2.68788,0.07013,0.62828,-0.73427,0.66449,0.66085,286,71,21,117,35,272,100,22,246,37,40,136,208,54,14,125
1762561018.5997853,2.64132,0.07155,0.69631,-0.67024,0.60811,0.66667,280,50,20,111,54,294,96,23,226,56,31,131,196,54,12,134
1762561026.9131627,2.72909,0.06903,0.672,-0.75172,0.69231,0.61305,286,68,14,132,41,271,110,13,236,29,37,127,209,73,10,137
1762561035.2133305,2.6903,0.07093,0.64659,-0.65854,0.6891,0.69608,277,71,17,133,45,246,94,25,229,37,30,135,209,53,9,137
1762561043.5097668,2.74824,0.06914,0.66393,-0.75,0.69128,0.64303,280,67,15,126,36,258,113,17,238,40,29,140,200,60,13,136
1762561051.8032968,2.65177,0.07162,0.6298,-0.68212,0.67483,0.66502,248,66,16,113,48,254,127,24,251,37,36,125,228,54,14,110
1762561060.1049805,2.85,0.06632,0.68565,-0.74026,0.69231,0.74943,233,51,18,137,45,287,115,15,223,41,25,140,232,45,10,152
1762561068.3946815,2.6569,0.07116,0.58687,-0.69231,0.69378,0.68394,271,76,31,140,46,268,106,22,226,38,26,128,210,50,11,115
1762561076.7058702,2.824,0.06684,0.7479,-0.73306,0.69626,0.64678,280,45,15,136,43,293,129,22,242,36,29,121,215,60,14,130
1762561084.9904993,2.70386,0.07043,0.66879,-0.71558,0.68445,0.63504,274,61,17,119,39,283,97,24,227,38,30,136,200,58,17,136
1762561093.281358,2.74574,0.06834,0.66135,-0.73707,0.67907,0.66825,287,63,22,130,45,283,120,16,229,39,30,132,206,51,19,146
1762561101.5801177,2.7145,0.06907,0.69365,-0.68619,0.63797,0.69668,278,55,15,109,49,281,122,26,239,45,37,132,212,49,15,146
1762561109.8820827,2.69186,0.06884,0.68421,-0.71868,0.71163,0.57734,276,60,18,140,46,272,119,18,237,38,24,131,224,79,18,138
1762561118.1680295,2.63858,0.07212,0.59705,-0.76887,0.62801,0.64465,219,61,21,106,29,273,102,20,235,51,34,137,210,62,16,151
1762561126.4963408,2.69202,0.0712,0.60759,-0.73039,0.67742,0.67662,275,64,29,106,39,259,94,16,240,40,30,124,189,54,11,148
1762561134.7851276,2.8199,0.06577,0.72269,-0.69102,0.69456,0.71163,269,45,21,141,54,292,113,20,241,37,36,164,228,51,11,140
1762561143.0932841,2.71077,0.0707,0.69392,-0.72912,0.65937,0.62836,265,61,12,139,41,269,114,19,209,39,31,132,196,63,13,137
1762561151.3826559,2.61902,0.07163,0.62195,-0.6861,0.60284,0.70813,281,70,23,118,56,277,99,14,206,51,33,133,219,48,13,138
1762561159.6872356,2.81304,0.06706,0.64361,-0.73626,0.70787,0.7253,282,67,18,110,40,294,101,20,235,34,31,145,201,47,10,157
1762561167.9874737,2.78978,0.06808,0.66311,-0.75877,0.68941,0.67849,270,61,18,120,34,292,109,21,231,36,30,128,215,56,12,140
1762561176.298388,2.6638,0.07079,0.62138,-0.72414,0.66592,0.65236,229,70,15,135,40,248,102,16,242,41,34,132,223,68,13,162
1762561184.595886,2.67055,0.07161,0.60909,-0.74718,0.68571,0.62857,248,65,21,106,42,276,111,14,219,34,32,135,210,70,8,132
1762561192.8822398,2.74072,0.07077,0.62326,-0.71167,0.73913,0.66667,231,63,18,118,45,266,108,18,223,35,19,137,201,46,22,139
1762561201.1658263,2.66646,0.07062,0.61039,-0.66827,0.71236,0.67544,260,70,20,112,54,251,96,15,247,44,20,134,224,60,14,158
1762561209.4680552,2.79733,0.06825,0.72135,-0.71158,0.66885,0.69555,266,40,22,117,42,262,100,19,238,44,32,145,229,50,15,133
1762561217.765279,2.66822,0.0699,0.60227,-0.71963,0.69194,0.65438,290,79,26,133,34,257,111,26,230,33,32,127,227,61,14,132
1762561226.0442474,2.7713,0.0687,0.69583,-0.7377,0.64545,0.69231,260,55,18,147,41,263,108,15,228,49,29,134,219,51,13,133
1762561234.3424683,2.69943,0.06915,0.68333,-0.7012,0.71489,0.6,291,59,17,113,48,265,88,14,270,28,39,133,199,72,19,165
1762561242.6586034,2.77676,0.06761,0.66393,-0.73478,0.68722,0.69082,280,64,18,126,50,303,96,11,238,42,29,145,205,50,14,145
1762561250.9626207,2.72659,0.06937,0.66116,-0.73243,0.67699,0.65602,281,63,19,121,35,271,111,24,225,36,37,154,196,57,13,141
1762561259.2493644,2.81801,0.06805,0.69161,-0.73632,0.74194,0.64815,249,50,18,124,36,257,92,17,250,32,28,155,213,62,14,143
1762561267.5501184,2.69772,0.0694,0.63257,-0.7119,0.72,0.63325,246,68,20,145,50,296,114,19,240,35,28,147,195,66,9,139
1762561275.8351314,2.67907,0.07038,0.64228,-0.66102,0.71889,0.65688,271,61,27,133,47,250,93,23,240,26,35,133,218,66,10,149
1762561284.1292248,2.73543,0.06746,0.64826,-0.732,0.70183,0.65333,287,66,20,116,49,304,129,18,252,33,32,119,231,64,14,141
1762561292.4272163,2.61549,0.07053,0.63273,-0.74895,0.6338,0.6,283,70,22,126,44,307,111,16,218,43,35,130,220,72,16,132
1762561300.7071943,2.68948,0.07059,0.67191,-0.69528,0.7122,0.61009,263,57,16,109,50,276,119,21,230,31,28,121,198,74,11,153
1762561309.0006747,2.74696,0.06807,0.68872,-0.72998,0.66161,0.66667,290,63,17,144,46,276,102,13,246,42,36,137,212,54,16,138
1762561317.3426173,2.67632,0.0706,0.6157,-0.72082,0.69128,0.64851,263,64,29,128,39,263,113,22,250,39,30,128,209,59,12,124
1762561325.6670783,2.81204,0.06776,0.68559,-0.78649,0.72365,0.61631,272,54,18,114,37,294,116,12,248,25,34,120,202,65,15,135
1762561333.9703975,2.64633,0.07003,0.63564,-0.68791,0.70485,0.61792,281,68,24,132,55,291,93,16,247,39,28,140,209,72,9,134
1762561342.2884328,2.74018,0.0687,0.64092,-0.75234,0.70626,0.64066,260,67,19,133,37,275,100,16,243,42,26,152,206,60,16,141
1762561350.5779626,2.70246,0.06798,0.6063,-0.73913,0.64516,0.71186,284,78,22,124,49,282,118,11,209,47,30,148,244,47,21,160
1762561358.8630638,2.70046,0.06966,0.64286,-0.76712,0.69432,0.59615,273,63,22,118,32,275,112,19,247,34,36,141,190,69,15,142
1762561367.1557138,2.82306,0.06605,0.69167,-0.76498,0.69136,0.67506,268,58,16,138,37,281,102,14,255,41,34,156,222,57,14,144
1762561375.4445899,2.81633,0.06704,0.69231,-0.76674,0.68765,0.66964,271,55,15,114,40,287,122,14,233,39,28,129,230,62,12,144
1762561383.7394605,2.80927,0.06685,0.70565,-0.70507,0.75536,0.64319,288,48,25,135,40,284,86,24,243,39,18,166,223,59,17,127
1762561392.0340154,2.68607,0.07052,0.64147,-0.74588,0.62882,0.6699,259,58,25,121,37,285,86,17,234,47,38,139,200,58,10,144
1762561400.317172,2.74403,0.06812,0.67078,-0.72034,0.68468,0.66822,290,63,17,116,48,289,117,18,256,31,39,118,214,57,14,143
1762561408.603481,2.56977,0.07269,0.62578,-0.6652,0.69545,0.58333,263,66,24,128,46,278,100,30,246,35,32,127,197,72,13,126
1762561416.9038713,2.67974,0.07093,0.62712,-0.71429,0.67483,0.66351,261,69,19,123,38,260,88,20,237,46,27,139,205,47,24,146
1762561425.1801257,2.73441,0.06985,0.68992,-0.70492,0.68493,0.65464,294,55,25,142,50,260,104,13,232,36,33,137,187,51,16,134
1762561433.4829562,2.84484,0.06604,0.7314,-0.69737,0.7131,0.70297,286,54,11,133,45,282,105,24,246,34,35,166,238,49,11,106
1762561441.7794325,2.84737,0.06696,0.68467,-0.75688,0.70741,0.69841,248,60,13,142,42,277,106,11,273,32,41,153,204,43,14,117
1762561450.0786295,2.66644,0.07195,0.62041,-0.72642,0.66587,0.65375,248,74,19,149,45,257,109,13,232,38,32,117,197,54,13,123
1762561458.3673894,2.71549,0.06856,0.60521,-0.76444,0.67028,0.67556,255,68,23,115,38,285,112,15,223,43,33,162,246,60,13,131
1762561466.6778355,2.58317,0.07279,0.61359,-0.65751,0.69087,0.62121,259,70,21,121,54,287,105,27,227,32,34,134,178,60,15,143
1762561474.968845,2.85,0.06574,0.72764,-0.76242,0.70917,0.67662,288,54,13,137,35,296,112,20,255,34,31,127,209,50,15,128
1762561483.2498436,2.75627,0.0687,0.65702,-0.78879,0.67713,0.63333,238,59,18,134,33,285,130,16,251,42,30,123,222,59,18,121
1762561491.5484939,2.79028,0.0683,0.66376,-0.75179,0.71678,0.65796,265,50,27,116,35,255,112,17,252,40,25,142,222,64,8,127
1762561499.8280604,2.57979,0.0733,0.62869,-0.71429,0.6,0.63682,260,66,22,126,42,260,106,19,214,45,42,134,197,58,15,132
1762561508.1079981,2.65671,0.07141,0.62174,-0.6422,0.73576,0.657,276,66,21,97,53,247,111,25,249,33,25,132,210,59,12,133
1762561516.4111233,2.76522,0.0683,0.61472,-0.72146,0.69762,0.73141,265,67,22,108,44,262,115,17,256,39,31,137,217,43,13,144
1762561524.709999,2.71991,0.0683,0.62705,-0.6962,0.73778,0.65888,264,66,25,133,52,294,108,20,243,31,28,148,200,62,11,155
1762561533.0003889,2.79068,0.06677,0.58475,-0.82961,0.69725,0.67907,248,75,23,126,27,323,128,15,240,39,27,130,211,55,14,150
1762561541.3126285,2.68323,0.06787,0.63559,-0.73029,0.68872,0.62864,259,70,16,127,53,294,123,12,269,42,38,165,226,61,22,138
1762561549.6021802,2.67136,0.06963,0.62605,-0.69803,0.66879,0.67849,291,65,24,96,55,286,102,14,240,47,31,153,211,46,22,144
1762561557.9360209,2.59786,0.07022,0.67331,-0.67432,0.61304,0.63719,272,59,23,148,58,291,110,20,234,52,37,137,222,67,13,139
1762561566.2128828,2.85,0.06645,0.71121,-0.78017,0.70071,0.69154,268,56,11,129,34,306,107,17,227,28,35,131,207,53,9,133
1762561574.522285,2.70919,0.07062,0.66446,-0.72124,0.67401,0.64948,271,53,23,106,42,283,106,21,237,45,29,143,196,57,11,124
1762561582.8176026,2.66915,0.07069,0.63715,-0.67946,0.68831,0.66423,263,62,22,116,50,244,128,21,254,44,28,136,210,59,10,132
1762561591.0929456,2.78011,0.0685,0.718,-0.75169,0.66364,0.64678,269,48,17,127,38,261,127,17,231,38,36,135,205,62,12,140
1762561599.3833764,2.6236,0.0713,0.58371,-0.73543,0.64835,0.65611,233,73,19,117,40,282,105,19,251,44,36,124,212,59,17,154
1762561607.7006857,2.73699,0.06831,0.71134,-0.73504,0.6849,0.6057,267,54,16,148,47,292,114,15,242,38,34,143,203,63,20,135
1762561615.9839244,2.58137,0.07189,0.60085,-0.69068,0.68421,0.60563,252,76,18,125,42,297,102,31,222,43,26,146,201,60,24,141
1762561624.2821646,2.72157,0.06944,0.66814,-0.71554,0.68172,0.65617,250,60,15,127,46,283,109,19,268,41,33,123,211,54,17,131
1762561632.5602934,2.76955,0.06946,0.65639,-0.70711,0.72048,0.68557,241,55,23,135,48,305,103,22,228,29,29,129,199,49,12,128
1762561640.8561316,2.7588,0.06889,0.62553,-0.75787,0.70183,0.67356,270,61,27,112,38,269,94,12,237,37,28,134,229,61,10,135
1762561649.1331775,2.6373,0.07077,0.5859,-0.67483,0.67164,0.70492,241,74,20,119,46,282,94,27,267,42,35,125,218,56,7,146
1762561657.4227285,2.74875,0.06831,0.68322,-0.73585,0.66667,0.66302,236,49,18,120,43,305,109,20,237,45,31,143,224,65,12,156
1762561665.7297032,2.76906,0.06991,0.66079,-0.6974,0.69585,0.71501,260,60,17,117,49,261,98,15,251,39,27,117,204,43,13,133
1762561674.0370276,2.6474,0.07212,0.60889,-0.70833,0.66667,0.66351,260,68,20,102,50,272,97,13,228,32,38,122,202,58,13,149
1762561682.3461845,2.63219,0.07129,0.56904,-0.69615,0.68129,0.68571,267,83,20,108,43,274,100,24,229,40,29,135,216,49,17,138
1762561690.633125,2.69799,0.06955,0.64454,-0.66737,0.69124,0.69484,256,70,13,128,62,281,115,17,241,47,20,126,230,53,12,131
1762561698.9264994,2.71892,0.06997,0.62025,-0.70264,0.69863,0.6974,266,71,19,118,44,258,97,18,246,36,30,126,213,55,9,146
1762561707.22184,2.62535,0.07086,0.63525,-0.70276,0.67123,0.61611,270,68,21,129,38,283,118,32,251,34,38,115,208,66,15,133
1762561715.5188816,2.80799,0.06742,0.69892,-0.74304,0.70337,0.66265,267,55,15,128,38,292,115,22,243,38,28,136,185,51,19,160
1762561723.8149781,2.69093,0.07032,0.66094,-0.6875,0.71694,0.62555,279,65,14,108,40,264,87,25,238,39,22,132,206,74,11,163
1762561732.1296275,2.79129,0.06838,0.7,-0.70046,0.69444,0.69639,294,54,18,114,48,270,99,17,225,32,34,141,225,51,12,127
1762561740.439841,2.78053,0.06831,0.71861,-0.69163,0.65057,0.71971,272,46,19,125,46,277,107,24,236,40,36,123,219,43,16,143
1762561748.7245162,2.81635,0.06716,0.63299,-0.73602,0.74757,0.69977,277,70,19,119,44,288,100,15,239,25,27,121,217,53,12,151
1762561757.0118535,2.76989,0.06825,0.73717,-0.65831,0.70476,0.66964,293,42,22,130,55,259,105,20,219,30,32,139,231,62,12,143
1762561765.2945983,2.61227,0.07175,0.60691,-0.68692,0.63844,0.68,250,70,21,122,47,270,91,20,227,46,33,131,213,58,14,165
1762561773.5886912,2.75734,0.0697,0.65833,-0.71498,0.69955,0.68448,276,62,20,122,43,257,98,16,245,35,32,134,202,55,7,129
1762561781.8936791,2.6765,0.06879,0.61616,-0.76106,0.62581,0.67347,276,68,27,124,39,279,119,15,232,48,39,146,235,62,10,134
1762561790.205902,2.79521,0.06673,0.66805,-0.75406,0.70417,0.66893,281,63,17,121,37,276,102,16,267,42,29,142,227,66,7,141
1762561798.5214334,2.72462,0.07016,0.66816,-0.74194,0.63596,0.67857,254,55,19,118,47,288,117,13,237,35,46,127,196,57,6,133
1762561806.845019,2.74764,0.06909,0.64435,-0.72447,0.68053,0.6983,263,66,19,130,35,260,103,23,252,33,40,132,208,48,14,141
1762561815.1407158,2.65754,0.07133,0.65548,-0.67105,0.65888,0.67213,264,57,20,106,57,265,116,18,219,39,34,136,210,61,9,147
1762561823.4124503,2.74684,0.06917,0.6809,-0.6815,0.65739,0.72706,263,53,18,111,46,255,104,22,252,45,35,135,223,44,14,144
1762561831.7092028,2.80587,0.06708,0.62422,-0.77155,0.71889,0.69121,258,73,17,131,39,290,121,14,235,34,27,138,218,55,10,138
1762561839.995244,2.6704,0.07023,0.6478,-0.67532,0.71765,0.62963,280,65,19,113,46,270,117,29,246,36,24,119,206,63,17,146
1762561848.3181994,2.78229,0.0678,0.64159,-0.73593,0.6777,0.72706,244,54,27,127,47,299,102,14,252,39,34,128,221,41,17,146
1762561856.653545,2.73575,0.06836,0.61728,-0.7577,0.68471,0.67606,277,68,25,116,46,297,131,13,228,30,37,130,209,59,10,148
1762561864.931926,2.76318,0.07002,0.68372,-0.70044,0.71154,0.66748,234,53,15,128,47,280,106,21,248,32,28,108,205,55,13,136
1762561873.2063465,2.69346,0.06954,0.61277,-0.76159,0.68444,0.63466,255,72,19,124,42,294,105,12,248,48,23,131,222,61,17,127
1762561881.4819674,2.76241,0.07016,0.63111,-0.78032,0.70098,0.65,240,64,19,127,31,296,93,17,213,31,30,134,195,58,12,135
1762561889.7789469,2.69824,0.06804,0.62818,-0.68444,0.71674,0.66887,290,68,27,126,56,257,122,15,266,37,29,134,224,64,11,154
1762561898.0712752,2.74013,0.06797,0.62637,-0.73483,0.68182,0.6971,252,64,21,118,39,276,110,20,253,44,33,154,218,57,11,163
1762561906.3648515,2.72222,0.07017,0.64583,-0.75234,0.70549,0.61856,268,64,21,127,40,264,111,13,228,34,33,160,202,60,14,112
1762561914.6650379,2.79224,0.06889,0.65,-0.74545,0.7065,0.69029,249,63,14,114,37,272,112,19,265,38,32,142,190,42,17,132
1762561922.9842727,2.72812,0.06793,0.64509,-0.72158,0.69263,0.66882,274,62,23,120,40,261,110,20,261,43,30,141,234,65,12,154
1762561931.2772145,2.73307,0.06926,0.67273,-0.73128,0.70259,0.62648,249,50,22,119,45,282,111,16,261,41,28,134,208,70,9,136
1762561939.5688338,2.78199,0.06723,0.66667,-0.71304,0.71678,0.6855,303,63,22,122,45,268,126,21,241,41,24,153,195,55,9,148
1762561947.8760188,2.75116,0.06839,0.69231,-0.71915,0.61412,0.72558,286,52,22,121,47,302,102,19,214,47,35,129,232,48,11,139
1762561956.163118,2.68861,0.06894,0.68071,-0.72222,0.64655,0.63913,252,46,26,127,44,293,110,21,217,47,35,165,226,69,14,151
1762561964.4560294,2.721,0.06807,0.6853,-0.68357,0.70861,0.64352,288,59,17,119,56,288,127,22,228,35,31,159,223,61,16,132
1762561972.761448,2.78937,0.06708,0.66598,-0.73951,0.70042,0.68345,290,61,20,114,42,298,96,17,248,38,33,155,224,55,11,127
1762561981.0568657,2.60981,0.07211,0.69565,-0.65586,0.64167,0.61663,255,51,19,135,47,242,90,22,260,41,45,134,214,66,17,136
1762561989.3530488,2.70692,0.0692,0.65833,-0.67194,0.68322,0.69343,261,63,19,137,62,310,113,21,236,42,25,120,200,45,18,148
1762561997.645858,2.65433,0.07025,0.62055,-0.7512,0.64192,0.64066,284,70,26,126,42,269,97,10,242,49,33,134,221,59,17,126
1762562005.9502363,2.73129,0.06844,0.66935,-0.74393,0.6785,0.63951,298,64,18,116,40,273,122,18,260,42,35,142,200,61,12,132
1762562014.2635603,2.81551,0.0675,0.64463,-0.73554,0.75059,0.68475,278,70,16,120,43,309,111,21,241,30,23,131,202,50,11,124
1762562022.5480125,2.69022,0.07053,0.69038,-0.66522,0.67483,0.65979,275,57,17,129,61,287,96,16,234,37,36,142,189,53,13,133
1762562030.8479412,2.7397,0.06942,0.64035,-0.73206,0.68308,0.68421,260,64,18,114,40,251,111,16,258,38,36,135,201,60,6,151
1762562039.1481347,2.74588,0.06903,0.60168,-0.75893,0.69977,0.6855,271,71,24,111,39,289,105,15,258,34,31,110,212,54,10,131
1762562047.4122348,2.70411,0.07012,0.61667,-0.71963,0.69536,0.67246,257,71,21,131,40,266,102,20,251,39,30,133,197,57,9,140
1762562055.6900947,2.77163,0.06832,0.63877,-0.70136,0.74779,0.68372,234,68,14,138,49,274,102,17,241,27,30,154,211,50,18,151
1762562063.9727132,2.78033,0.06715,0.6198,-0.72566,0.75391,0.68095,279,71,25,130,38,283,107,24,258,36,19,134,209,54,13,144
1762562072.2737544,2.73586,0.06927,0.64206,-0.70601,0.66897,0.71882,260,59,21,107,39,278,105,27,239,44,28,124,237,54,8,142
1762562080.57219,2.74265,0.06926,0.64786,-0.78298,0.64348,0.66834,251,59,19,114,37,302,117,14,257,51,31,121,194,55,11,138
1762562088.8640013,2.60552,0.07347,0.63761,-0.68053,0.678,0.60938,234,58,21,123,54,263,121,19,237,37,34,133,189,59,16,120
1762562097.1817791,2.76225,0.06819,0.65727,-0.74554,0.72662,0.63283,244,63,16,138,43,265,126,14,243,30,27,117,242,71,14,136
1762562105.4877846,2.71003,0.07003,0.71242,-0.70536,0.669,0.62326,262,50,16,131,44,262,120,22,229,35,36,129,220,70,11,129
1762562113.7743154,2.73915,0.0691,0.69485,-0.70796,0.65877,0.67757,285,56,18,126,46,269,117,20,225,37,35,125,212,55,14,147
1762562122.0933502,2.75909,0.06978,0.68644,-0.71564,0.66125,0.69576,285,55,19,113,42,269,93,18,226,50,23,132,204,46,15,136
1762562130.3752587,2.71623,0.06773,0.65306,-0.64417,0.70975,0.70925,286,64,21,119,63,299,103,24,254,36,28,123,247,57,9,141
1762562138.6809208,2.65692,0.07178,0.64425,-0.68,0.6611,0.67157,258,56,26,121,54,267,111,18,225,40,31,123,201,57,10,140
1762562146.9771347,2.77647,0.06862,0.70505,-0.74292,0.62648,0.70202,286,50,23,136,42,291,109,17,227,43,36,117,195,47,12,142
1762562155.2715294,2.7461,0.06911,0.65474,-0.78366,0.62162,0.68608,253,62,20,140,35,294,110,14,222,52,32,138,203,54,8,130
1762562163.574759,2.7297,0.0703,0.61731,-0.72414,0.70709,0.68116,245,62,22,110,42,256,119,18,220,47,17,153,205,48,18,143
1762562171.8608387,2.64151,0.07008,0.6319,-0.70042,0.65385,0.65534,273,62,28,126,52,273,130,19,238,44,37,149,199,58,13,142
1762562180.1575158,2.71443,0.07088,0.64896,-0.72315,0.66443,0.67788,242,57,19,115,43,268,93,15,232,39,36,140,224,54,13,125
1762562188.4688828,2.81206,0.06959,0.68898,-0.71905,0.73301,0.67102,284,54,18,107,45,249,112,14,233,28,27,124,199,54,9,121
1762562196.7662694,2.71212,0.06978,0.65275,-0.73626,0.69752,0.62559,257,55,24,119,38,280,115,22,247,40,27,129,217,67,12,126
1762562205.0579307,2.71679,0.0715,0.66524,-0.74118,0.68075,0.62963,267,56,22,121,36,258,112,19,227,34,34,131,174,50,20,134
1762562213.3452008,2.85,0.06729,0.66222,-0.73364,0.78089,0.70332,273,54,22,101,40,261,110,17,228,25,22,154,204,47,11,129
1762562221.6342764,2.67077,0.07171,0.67257,-0.7032,0.64944,0.64557,255,58,16,123,44,262,111,21,240,42,36,127,208,56,14,117
1762562229.9200845,2.68523,0.0693,0.64706,-0.68487,0.66739,0.68591,268,58,23,110,48,284,117,27,232,46,31,154,218,54,14,147
1762562238.2035658,2.70683,0.0686,0.64731,-0.72897,0.67304,0.65751,248,68,14,135,43,271,99,15,250,47,30,144,231,67,14,161
1762562246.4822268,2.62321,0.07279,0.67028,-0.67391,0.65926,0.61975,257,58,18,128,55,274,111,20,218,43,26,118,206,62,15,122
1762562254.7855074,2.75569,0.06959,0.6882,-0.71495,0.66133,0.69121,269,52,18,110,42,257,110,19,224,45,29,139,221,56,9,135
1762562263.0726838,2.6574,0.07042,0.67821,-0.7065,0.65094,0.62175,284,53,26,128,48,286,121,22,213,37,37,137,212,66,14,131
1762562271.3525362,2.68407,0.06946,0.62241,-0.7094,0.69406,0.6582,273,68,23,118,44,290,110,24,232,30,37,139,221,62,12,138
1762562279.6163456,2.70394,0.06885,0.68588,-0.67755,0.70323,0.63728,294,62,17,130,49,287,124,30,256,34,35,140,201,58,14,124
1762562287.8864005,2.70322,0.07018,0.60444,-0.75058,0.68791,0.66029,250,67,22,111,38,281,98,16,263,34,37,121,227,57,14,120
1762562296.1762834,2.72706,0.06985,0.66087,-0.70402,0.68071,0.68146,254,57,21,128,52,298,105,18,243,38,34,136,193,53,8,129
1762562304.497118,2.68103,0.07009,0.65344,-0.71064,0.62857,0.68837,264,62,21,132,42,299,103,26,218,44,34,124,235,61,6,128
1762562312.8085642,2.72411,0.06866,0.68035,-0.7235,0.68192,0.63834,275,60,14,114,46,269,105,14,242,42,31,144,224,67,16,152
1762562321.09457,2.7513,0.06931,0.63559,-0.70404,0.693,0.71867,291,67,19,95,45,279,101,21,211,36,32,164,195,46,9,141
1762562329.386704,2.72064,0.06949,0.65762,-0.71824,0.70022,0.64455,265,56,26,132,42,268,104,19,254,32,35,126,200,62,13,147
1762562337.7133563,2.58236,0.07352,0.62218,-0.70833,0.678,0.57385,281,70,22,114,43,249,79,13,238,42,29,132,206,70,18,119
1762562345.9920752,2.67802,0.07104,0.65427,-0.72182,0.66055,0.64138,265,60,19,113,39,249,110,19,235,51,23,127,220,68,10,137
1762562354.2684257,2.71418,0.0715,0.63755,-0.75682,0.69668,0.62312,253,65,18,122,38,245,109,11,232,32,32,126,197,58,17,126
1762562362.5536695,2.55424,0.07137,0.60421,-0.68559,0.62605,0.63839,254,71,23,127,46,269,117,26,238,46,43,149,218,64,17,149
1762562370.8482196,2.67375,0.07062,0.62704,-0.72141,0.67136,0.65393,247,61,19,102,50,281,133,17,222,40,30,134,218,58,19,150
1762562379.13731,2.7562,0.06829,0.64632,-0.68602,0.75799,0.66587,258,70,14,133,49,283,109,24,235,33,20,150,225,61,9,124
1762562387.4366672,2.77485,0.06902,0.64681,-0.73953,0.71058,0.67792,259,67,16,128,38,278,96,18,247,39,28,149,195,53,9,128
1762562395.7195852,2.62213,0.07156,0.62385,-0.68692,0.65957,0.65179,231,66,16,123,53,275,86,14,257,40,40,133,239,65,13,131
1762562404.0115263,2.7693,0.06792,0.625,-0.69925,0.74153,0.70353,291,70,26,125,42,237,102,18,262,32,29,149,216,53,10,146
1762562412.3142054,2.71442,0.06995,0.68534,-0.69194,0.65864,0.67849,279,52,21,112,42,256,101,23,249,39,39,130,220,56,12,135
1762562420.6048646,2.63667,0.07186,0.62741,-0.69378,0.67376,0.64172,252,69,18,128,37,270,84,27,228,33,36,126,223,66,13,139
1762562428.8812268,2.73859,0.0707,0.64733,-0.71622,0.70755,0.66749,240,61,15,115,46,278,103,17,244,37,25,118,196,47,20,140
1762562437.1873755,2.65173,0.07028,0.65532,-0.6646,0.71938,0.61244,254,61,20,135,59,308,94,22,241,44,19,145,199,68,13,138
1762562445.4762478,2.71011,0.06892,0.59834,-0.76471,0.69828,0.64878,249,72,25,137,38,305,100,16,265,38,32,129,196,60,12,142
1762562453.8038564,2.7734,0.06689,0.6747,-0.66469,0.71619,0.71782,293,61,20,124,58,318,104,27,250,43,21,137,200,40,17,147
1762562462.1177235,2.75999,0.0695,0.68421,-0.75862,0.70968,0.60748,264,52,20,120,33,254,103,16,241,34,29,130,212,68,16,132
1762562470.396801,2.77616,0.06784,0.68776,-0.78523,0.68565,0.61751,258,53,21,142,31,296,103,17,246,38,31,124,215,67,16,136
1762562478.696312,2.70761,0.06933,0.66667,-0.72477,0.69778,0.61839,260,64,16,140,44,261,115,16,236,43,25,146,210,71,12,142
1762562486.9950004,2.67329,0.07042,0.60169,-0.76392,0.66516,0.64251,274,81,13,104,40,303,93,13,229,37,37,139,199,64,10,141
1762562495.2802362,2.8181,0.06757,0.63121,-0.72867,0.73832,0.71991,213,60,18,132,42,285,110,20,247,36,20,125,245,48,16,148
1762562503.5848348,2.74572,0.0703,0.68444,-0.71429,0.69058,0.65641,270,58,13,109,42,264,108,20,244,40,29,133,196,53,14,127
1762562511.9136744,2.78224,0.06739,0.70124,-0.67521,0.73756,0.66822,281,57,15,129,51,284,108,25,220,31,27,164,210,59,12,147
1762562520.215221,2.71731,0.07007,0.68862,-0.68421,0.69576,0.64871,298,56,22,125,53,265,103,16,207,29,32,133,229,67,8,123
1762562528.5248153,2.70343,0.06964,0.64103,-0.66125,0.68,0.72115,254,60,24,130,58,258,100,15,235,48,28,164,232,45,13,126
1762562536.801915,2.74094,0.0687,0.6531,-0.65044,0.70813,0.72926,297,65,16,89,50,272,101,29,229,33,28,128,254,50,12,142
1762562545.0805707,2.66895,0.07163,0.61772,-0.72653,0.68471,0.64,239,70,12,108,52,295,128,15,210,35,32,148,186,62,10,142
1762562553.3790336,2.68112,0.06919,0.62555,-0.73913,0.66667,0.64977,265,66,19,104,36,292,108,24,255,51,31,155,225,65,11,133
1762562561.6651294,2.67979,0.06899,0.66871,-0.64474,0.67273,0.69362,280,63,18,128,59,258,117,22,228,46,26,140,240,59,13,158
1762562569.9726105,2.67252,0.0717,0.62389,-0.73366,0.65605,0.65891,246,62,23,121,33,241,117,22,240,47,34,150,188,51,15,133
1762562578.2618203,2.68865,0.06971,0.62288,-0.72845,0.62175,0.71558,279,67,22,104,37,288,113,26,228,40,40,115,249,47,16,131
1762562586.5752437,2.77776,0.06834,0.66324,-0.71681,0.66204,0.73566,274,54,28,131,47,272,116,17,231,39,34,128,214,39,14,134
1762562594.8670843,2.74802,0.06975,0.68815,-0.69935,0.68559,0.67493,271,59,16,135,46,286,104,23,250,37,35,136,183,48,11,121
1762562603.1540318,2.74237,0.06934,0.64255,-0.72018,0.73836,0.64128,266,73,11,120,42,271,104,19,240,44,15,152,197,62,11,137
1762562611.439643,2.66816,0.07016,0.62801,-0.70288,0.67873,0.65854,242,64,21,130,46,269,115,21,239,37,34,132,228,64,13,146
1762562619.745518,2.6484,0.06865,0.62449,-0.69002,0.66341,0.67048,282,67,25,116,46,271,127,27,272,49,37,153,228,53,19,137
1762562628.0104456,2.80361,0.06867,0.69076,-0.71938,0.74334,0.65013,287,66,11,134,47,278,108,16,232,29,24,128,210,56,11,106
1762562636.305402,2.71188,0.06902,0.64045,-0.74134,0.74403,0.58606,249,54,26,116,38,267,110,18,269,33,26,133,214,72,23,150
1762562644.5912628,2.62652,0.07202,0.6625,-0.73127,0.61927,0.61348,260,48,33,139,32,234,101,20,223,35,48,130,220,70,16,139
1762562652.883295,2.64346,0.07126,0.61587,-0.71167,0.70316,0.61276,259,73,19,128,42,260,114,21,205,36,25,145,207,70,15,147
1762562661.1752977,2.74561,0.06882,0.65751,-0.68898,0.69888,0.70025,263,63,18,129,53,286,105,19,244,41,26,134,216,49,12,130
1762562669.4627357,2.78636,0.06731,0.66454,-0.75058,0.73529,0.63594,267,62,17,125,34,263,116,20,265,33,30,148,228,57,22,127
1762562677.7469497,2.76692,0.06912,0.65044,-0.74497,0.66287,0.70864,249,48,31,124,42,262,128,15,241,31,43,124,212,52,7,134
1762562686.0601451,2.70559,0.06871,0.67936,-0.64967,0.6971,0.67946,287,59,21,132,60,244,128,19,247,36,32,134,243,58,13,129
1762562694.3531117,2.72379,0.06951,0.65272,-0.65702,0.70046,0.71359,273,51,32,122,57,274,98,20,242,29,36,127,218,54,5,135
1762562702.663299,2.82163,0.06763,0.6967,-0.73719,0.70404,0.6837,262,58,11,124,44,289,101,15,232,32,34,148,195,52,13,151
1762562710.969346,2.7385,0.0686,0.63916,-0.71608,0.69652,0.68675,288,75,19,139,53,295,116,15,209,36,25,132,214,52,13,136
1762562719.2606747,2.7921,0.06763,0.63353,-0.78808,0.68471,0.68579,292,71,23,127,37,280,125,11,234,36,31,124,187,47,16,151
1762562727.5440326,2.66963,0.0712,0.60544,-0.68737,0.71429,0.66253,234,68,19,120,51,289,105,22,243,36,27,135,213,55,13,122
1762562735.8480449,2.62741,0.07037,0.64516,-0.67797,0.63761,0.66667,264,67,21,144,50,264,132,26,215,37,42,142,240,59,14,125
1762562744.1285715,2.74144,0.07074,0.71631,-0.713,0.68,0.63212,261,49,11,102,41,261,121,23,248,37,35,130,197,57,14,118
1762562752.4145234,2.74434,0.06877,0.67932,-0.7155,0.69365,0.65586,272,58,18,126,47,291,113,20,251,42,28,136,202,56,13,130
1762562760.7373195,2.77624,0.06792,0.68313,-0.70843,0.69199,0.6927,287,64,13,122,50,268,107,14,265,34,41,147,207,52,9,129
1762562769.0422685,2.67588,0.07092,0.66887,-0.73276,0.63193,0.64232,253,55,20,125,47,283,119,15,231,40,43,137,202,58,13,124
1762562777.3256435,2.69667,0.0709,0.58369,-0.75772,0.69976,0.6555,256,78,19,113,33,263,107,18,228,35,27,123,206,56,16,140
1762562785.6253552,2.70373,0.07059,0.60259,-0.71058,0.68395,0.7066,251,72,20,120,48,280,116,19,219,42,22,122,188,46,14,161
1762562793.9123244,2.71125,0.06925,0.66222,-0.69907,0.66046,0.6895,250,56,20,124,44,249,118,21,254,44,38,147,232,52,16,138
1762562802.1836834,2.66289,0.0727,0.63551,-0.71749,0.70098,0.60891,238,61,17,112,38,280,103,25,236,34,27,111,202,62,17,123
1762562810.47552,2.67851,0.06955,0.65688,-0.70601,0.70741,0.6082,253,55,21,114,51,269,114,15,273,35,38,153,201,69,17,152
1762562818.7695634,2.77304,0.06903,0.67143,-0.73585,0.65929,0.70647,253,55,14,98,49,289,125,14,246,40,37,129,219,48,11,124
1762562827.0844085,2.72812,0.06949,0.71064,-0.7149,0.66667,0.63591,284,56,12,118,43,294,103,23,248,42,33,127,201,61,12,127
1762562835.362034,2.64194,0.0719,0.66154,-0.67907,0.68471,0.61663,267,60,17,111,47,255,106,22,228,39,28,130,212,64,19,138
1762562843.6563804,2.82098,0.06762,0.66102,-0.78032,0.69336,0.68627,273,62,18,119,36,270,119,12,221,44,23,149,203,54,10,141
1762562851.9469538,2.63592,0.07049,0.64255,-0.66737,0.67785,0.64815,276,68,16,110,56,271,125,23,234,43,29,141,218,62,14,138
1762562860.244865,2.59197,0.07234,0.63485,-0.69626,0.68421,0.57664,260,68,20,134,48,263,100,17,256,40,32,128,200,74,13,124
1762562868.5451124,2.78973,0.06735,0.61842,-0.74049,0.69565,0.73516,256,64,23,113,43,275,114,15,248,37,33,142,223,48,10,157
1762562876.8654673,2.65198,0.07156,0.64092,-0.70149,0.67273,0.63684,272,62,24,121,51,289,110,19,232,38,34,136,163,61,8,148
1762562885.1508293,2.73303,0.06972,0.7037,-0.66522,0.73094,0.63317,268,49,19,123,53,284,99,24,251,34,26,135,197,56,17,128
1762562893.4359238,2.85,0.06603,0.65823,-0.71245,0.74775,0.74747,272,52,29,121,51,279,120,16,252,24,32,136,201,42,8,145
1762562901.7634964,2.70926,0.06943,0.57333,-0.75501,0.70149,0.67943,246,74,22,108,40,287,107,15,249,45,25,150,206,58,9,145
1762562910.053834,2.70049,0.07088,0.64331,-0.73832,0.68018,0.63868,261,68,16,126,36,264,108,20,243,39,32,130,182,54,17,140
1762562918.3492665,2.71957,0.06844,0.66667,-0.72052,0.68636,0.64602,273,60,21,132,47,262,132,17,231,38,31,140,225,70,10,147
1762562926.6471093,2.62017,0.07242,0.6392,-0.69198,0.64165,0.64734,269,61,20,99,55,292,109,18,239,32,42,100,200,61,12,141
1762562934.9272501,2.73706,0.06869,0.63674,-0.72874,0.69462,0.67696,259,60,27,133,50,269,107,9,251,39,32,143,235,52,16,118
1762562943.2077599,2.60608,0.07373,0.58554,-0.71366,0.68966,0.61722,233,66,20,96,48,277,112,17,218,33,30,125,215,67,13,123
1762562951.5068483,2.77475,0.06691,0.69392,-0.72519,0.7047,0.65094,275,50,23,129,44,310,142,28,236,37,29,145,193,56,18,157
1762562959.7806756,2.72639,0.06938,0.61276,-0.75472,0.70925,0.64967,229,68,17,125,37,272,100,15,244,44,22,144,231,64,15,141
1762562968.0640056,2.74494,0.06793,0.65049,-0.70241,0.76852,0.62353,311,68,22,114,46,273,116,22,252,27,23,130,210,67,13,135
1762562976.3688023,2.73967,0.07006,0.65145,-0.69615,0.71707,0.675,267,69,15,131,43,258,116,24,215,26,32,137,215,54,11,120
1762562984.6785803,2.79184,0.06817,0.69462,-0.69811,0.71366,0.68545,277,55,16,117,45,256,104,19,240,38,27,149,214,52,15,145
1762562992.9581132,2.83406,0.06557,0.75914,-0.68803,0.72177,0.66512,285,39,17,124,52,279,116,21,264,37,32,163,206,63,9,152
1762563001.24851,2.67259,0.06971,0.63825,-0.74723,0.65164,0.63547,277,62,25,117,37,278,116,20,262,46,39,141,206,63,11,126
1762563009.5401077,2.73564,0.06985,0.65854,-0.69845,0.66176,0.71689,266,56,21,108,46,284,99,22,211,32,37,128,240,52,10,136
1762563017.835251,2.85,0.06632,0.66866,-0.75669,0.70824,0.72072,274,59,24,144,35,259,102,15,228,27,35,135,231,52,10,151
1762563026.126829,2.80724,0.06824,0.65714,-0.71429,0.75053,0.68528,280,62,22,126,41,237,105,16,267,31,28,147,195,49,13,137
1762563034.4095135,2.57049,0.07158,0.57464,-0.68,0.66879,0.64706,267,81,23,118,52,256,101,16,249,42,36,144,224,66,12,140
1762563042.6959085,2.67413,0.07112,0.63077,-0.70387,0.6822,0.65729,243,67,17,128,47,263,111,18,249,35,40,148,183,51,16,141
1762563050.9914362,2.74173,0.07031,0.67076,-0.68591,0.713,0.67206,228,54,13,112,45,271,94,23,248,44,20,134,235,54,17,127
1762563059.2966623,2.7156,0.07186,0.67728,-0.71566,0.69,0.63265,258,60,16,137,44,258,98,15,217,30,32,121,198,60,12,122
1762563067.6078255,2.68312,0.07006,0.66022,-0.72707,0.69955,0.59629,266,69,10,120,47,275,111,14,245,24,43,134,201,67,20,143
1762563075.909689,2.81711,0.06715,0.68465,-0.74732,0.70709,0.67805,271,52,24,135,44,300,108,15,250,31,33,123,206,56,10,138
1762563084.220117,2.73034,0.06919,0.62877,-0.69979,0.6875,0.71429,228,59,21,123,49,276,126,22,238,40,35,167,201,45,13,147
1762563092.509539,2.77297,0.06853,0.70194,-0.78089,0.62896,0.66118,270,53,16,124,32,277,105,15,224,44,38,136,217,59,13,136
1762563100.821954,2.73701,0.06926,0.64919,-0.70732,0.73747,0.64303,289,69,18,120,42,264,121,24,219,38,17,145,221,53,20,115
1762563109.1004682,2.73337,0.06898,0.68467,-0.68444,0.68444,0.67981,269,59,14,121,50,258,121,21,246,39,32,133,225,51,18,137
1762563117.4356256,2.67074,0.06971,0.65438,-0.69636,0.66467,0.65534,238,59,16,121,54,312,107,21,290,45,39,127,201,57,14,140
1762563125.7205067,2.6471,0.0729,0.65778,-0.65919,0.70283,0.6273,257,58,19,116,55,276,94,21,236,33,30,125,175,58,13,135
1762563134.04984,2.79565,0.06749,0.70156,-0.6933,0.71703,0.68376,246,49,18,136,49,284,108,22,227,31,28,131,239,57,17,155
1762563142.3439727,2.60906,0.07159,0.60581,-0.70455,0.63972,0.65899,254,73,22,133,44,256,119,21,223,44,34,132,216,61,13,144
1762563150.6162145,2.64507,0.07098,0.65272,-0.68664,0.66516,0.64055,278,62,21,117,52,276,90,16,234,37,37,134,220,65,13,136
1762563158.9177,2.73827,0.06831,0.63557,-0.68212,0.6933,0.72727,273,63,21,104,55,270,111,17,256,30,41,136,237,47,13,143
1762563167.2148063,2.66454,0.07017,0.67699,-0.67963,0.66457,0.64334,264,58,15,115,44,266,101,26,256,49,31,141,237,67,12,127
1762563175.487933,2.76197,0.06931,0.68707,-0.67521,0.73709,0.66259,255,47,22,117,52,279,113,24,222,37,19,148,208,58,11,132
1762563183.7687209,2.80251,0.06648,0.68379,-0.69912,0.72766,0.69194,299,67,13,127,50,295,89,18,259,35,29,147,220,52,13,137
1762563192.0607452,2.78724,0.06774,0.67686,-0.67494,0.73191,0.70353,264,60,14,120,50,261,110,22,250,32,31,157,220,52,11,142
1762563200.356044,2.76527,0.0685,0.69583,-0.693,0.72365,0.65278,277,56,17,130,55,263,112,13,234,33,26,134,217,67,8,140
1762563208.661662,2.83137,0.06734,0.67896,-0.71875,0.76077,0.6729,255,55,19,132,47,266,119,16,233,27,23,135,239,61,9,119
1762563216.9390314,2.75311,0.06849,0.63871,-0.74359,0.68192,0.68889,260,67,17,121,42,296,112,18,237,49,24,149,212,52,11,130
1762563225.2232006,2.65185,0.07066,0.63214,-0.70022,0.66154,0.65796,260,65,22,126,49,261,119,18,249,45,32,129,213,57,15,136
1762563233.5311942,2.68062,0.07168,0.65179,-0.71363,0.67431,0.6409,235,58,20,135,44,262,109,18,236,35,36,129,188,62,10,141
1762563241.8231716,2.71191,0.06953,0.63077,-0.72247,0.72273,0.63594,258,66,18,113,39,269,122,24,248,35,26,131,218,59,20,137
1762563250.0901394,2.74926,0.06891,0.70701,-0.72807,0.66222,0.65196,278,45,24,124,38,282,112,24,244,45,31,130,209,57,14,128
1762563258.3726985,2.75445,0.06992,0.69515,-0.64706,0.72646,0.68579,241,52,14,126,58,265,99,20,236,31,30,149,201,54,9,137
1762563266.6705554,2.76149,0.06805,0.62069,-0.79909,0.66741,0.67431,252,67,21,124,31,275,119,13,252,39,36,124,221,59,12,144
1762563274.95791,2.85,0.06498,0.6866,-0.73717,0.68996,0.74239,283,58,18,126,46,296,127,18,247,37,34,140,239,44,11,133
1762563283.2371633,2.75116,0.06741,0.65318,-0.73585,0.70022,0.6619,284,68,22,145,44,300,114,19,247,36,31,133,202,59,12,147
1762563291.5368483,2.80626,0.06745,0.6809,-0.72973,0.72414,0.6715,279,59,12,95,49,276,108,11,266,39,29,159,206,53,15,140
1762563299.827702,2.68839,0.07069,0.68737,-0.69163,0.62768,0.68171,270,56,17,124,50,275,109,20,217,52,26,124,215,58,9,139
1762563308.114302,2.64233,0.06932,0.63424,-0.69593,0.61778,0.69438,283,72,22,137,55,281,115,16,226,54,32,138,238,59,9,139
1762563316.3955889,2.73984,0.0707,0.65831,-0.74634,0.6518,0.68338,243,56,19,121,39,248,110,13,240,41,41,149,198,49,11,121
1762563324.6977577,2.68518,0.07067,0.62996,-0.72851,0.68282,0.6439,268,58,26,102,51,282,100,9,240,36,36,142,200,57,16,137
1762563332.9849956,2.7408,0.06796,0.66302,-0.66522,0.71429,0.69828,250,63,14,130,57,274,109,20,253,41,24,137,256,59,11,138
1762563341.2657871,2.65893,0.07054,0.60965,-0.69928,0.68333,0.66667,235,62,27,132,39,253,103,24,247,37,39,157,218,61,12,147
1762563349.539496,2.78471,0.06761,0.66197,-0.70071,0.72135,0.70068,258,66,18,155,38,255,103,25,248,31,31,135,217,50,16,158
1762563357.8458264,2.7081,0.06889,0.64681,-0.66949,0.71749,0.67431,255,62,21,132,52,286,108,26,254,31,32,129,224,59,12,141
1762563366.1479483,2.58148,0.07234,0.63677,-0.67191,0.5913,0.6815,272,62,19,93,44,248,124,29,228,55,39,138,212,56,12,147
1762563374.4418411,2.76231,0.06797,0.67821,-0.73478,0.70576,0.64356,283,65,14,129,43,296,103,18,242,38,31,158,190,62,10,142
1762563382.7365782,2.79847,0.06756,0.70806,-0.78469,0.67364,0.63208,272,51,16,120,32,260,113,13,257,43,35,143,207,65,13,139
1762563391.0150225,2.7239,0.06862,0.64435,-0.71429,0.68376,0.6815,272,62,23,121,48,278,106,16,241,41,33,153,219,48,20,140
1762563399.2835083,2.71308,0.06938,0.65929,-0.73276,0.66737,0.65366,261,61,16,114,42,287,115,20,243,47,32,153,211,56,15,128
1762563407.5906532,2.72694,0.07016,0.69469,-0.73973,0.65293,0.63959,264,47,22,119,39,272,109,18,242,37,43,139,200,60,11,123
1762563415.898647,2.73505,0.06932,0.61426,-0.71171,0.72807,0.68101,265,76,16,120,43,279,101,21,237,34,28,157,195,51,12,137
1762563424.1685452,2.7352,0.06898,0.68085,-0.73636,0.61555,0.70244,275,54,21,120,36,270,112,22,228,43,46,146,213,50,11,136
1762563432.4408054,2.74096,0.0703,0.62222,-0.75644,0.67273,0.68957,262,70,15,103,36,270,105,16,246,36,36,122,209,55,6,123
1762563440.7316682,2.75521,0.06835,0.64777,-0.70753,0.7415,0.65842,280,57,30,127,51,296,101,17,249,36,21,135,201,51,18,134
1762563448.9993644,2.71145,0.06909,0.63825,-0.71991,0.67347,0.67981,253,67,20,141,45,268,125,19,228,45,27,141,209,53,16,153
1762563457.3059907,2.70969,0.06805,0.61829,-0.7551,0.65591,0.68039,279,73,23,128,44,311,119,16,241,51,29,144,206,54,12,141
1762563465.5806646,2.83768,0.06632,0.71203,-0.73729,0.69794,0.69042,295,56,17,139,50,293,117,12,240,40,26,131,212,49,14,132
1762563473.8730574,2.72961,0.06899,0.62839,-0.74576,0.71564,0.63981,276,70,19,114,44,282,130,16,223,33,27,139,211,64,12,135
1762563482.172657,2.77575,0.06753,0.70961,-0.70787,0.71837,0.6399,279,51,20,139,42,268,112,23,287,39,30,134,199,66,8,138
1762563490.4457855,2.78459,0.06714,0.71179,-0.74684,0.70894,0.61702,270,50,16,122,45,316,98,15,268,40,30,143,215,67,14,127
1762563498.734503,2.62591,0.07087,0.56769,-0.69978,0.66818,0.69027,247,74,25,112,47,276,109,21,237,38,35,130,230,55,15,152
1762563507.001566,2.76747,0.06833,0.7065,-0.73894,0.64598,0.67606,275,49,21,132,38,270,123,21,226,40,37,132,216,59,10,141
1762563515.2856262,2.83739,0.0653,0.69547,-0.76247,0.72784,0.65161,269,54,20,143,36,267,104,14,287,36,30,132,217,63,18,167
1762563523.6009493,2.61486,0.07098,0.64271,-0.69668,0.63825,0.63721,288,63,24,112,45,254,104,19,245,53,34,149,233,63,15,119
1762563531.904688,2.67571,0.07056,0.6506,-0.73214,0.65297,0.64,265,64,23,146,37,264,124,23,229,39,37,133,200,61,11,128
1762563540.1980624,2.70139,0.07127,0.61522,-0.70171,0.70025,0.68421,262,68,23,120,44,257,91,17,207,32,29,139,219,57,9,133
1762563548.4867349,2.78732,0.06692,0.65795,-0.72065,0.71824,0.69048,283,62,23,129,47,281,144,22,237,34,27,135,223,51,14,132
1762563556.7744045,2.8487,0.06498,0.75,-0.75109,0.67672,0.67089,282,46,12,124,38,287,114,19,247,41,34,142,235,66,12,161
1762563565.066901,2.66606,0.06955,0.65904,-0.75325,0.66307,0.5907,288,66,16,111,39,289,116,18,244,38,40,141,216,71,17,126
1762563573.365057,2.67168,0.07044,0.67983,-0.64486,0.67442,0.67257,274,63,14,130,55,249,103,21,224,44,26,136,237,65,9,141
1762563581.6473808,2.73402,0.06992,0.68172,-0.73363,0.7177,0.60096,282,58,16,109,45,275,109,14,215,27,32,144,189,66,17,144
1762563589.9287639,2.64506,0.0715,0.66809,-0.6875,0.69336,0.59611,275,64,14,117,56,280,98,14,260,41,26,110,200,71,12,128
1762563598.254527,2.67306,0.0695,0.61317,-0.70549,0.70183,0.65256,283,75,19,109,42,270,118,25,243,39,26,128,229,66,12,142
1762563606.547356,2.76812,0.06887,0.70302,-0.6971,0.62332,0.74468,249,47,17,118,44,262,119,24,228,44,40,134,205,42,12,164
1762563614.8529282,2.51066,0.07288,0.66307,-0.70241,0.60739,0.5378,275,61,17,110,45,276,113,23,231,51,34,117,210,86,21,146
1762563623.1360085,2.64763,0.07033,0.65966,-0.69888,0.61798,0.67111,268,56,25,127,48,269,109,19,212,46,39,148,226,59,15,150
1762563631.4425452,2.71022,0.06876,0.65306,-0.73568,0.68304,0.63844,273,68,17,132,40,287,107,20,240,43,28,137,211,65,14,147
1762563639.7359712,2.81533,0.06622,0.67355,-0.74181,0.68298,0.71698,278,67,12,127,52,308,144,15,213,33,35,148,228,50,10,136
1762563648.036366,2.82187,0.06794,0.66234,-0.77367,0.70813,0.67773,276,59,19,108,33,282,102,16,220,36,25,137,227,50,18,127
1762563656.3311174,2.71797,0.06961,0.66222,-0.69197,0.6971,0.66667,265,53,23,109,46,287,103,25,253,32,36,128,208,58,12,142
1762563664.6315799,2.80344,0.0684,0.7277,-0.76832,0.6886,0.61882,254,47,11,114,34,270,104,15,253,40,31,132,216,64,17,128
1762563672.9617732,2.72599,0.06957,0.63636,-0.75217,0.69803,0.63942,237,60,20,123,42,289,114,15,258,38,31,130,213,63,12,128
1762563681.2472906,2.73746,0.06967,0.65533,-0.75787,0.72336,0.60091,252,56,20,113,36,253,110,14,239,39,22,141,209,70,18,144
1762563689.5260365,2.72301,0.06912,0.64803,-0.70796,0.72857,0.63844,275,63,22,123,50,279,107,16,221,34,23,142,222,61,18,136
1762563697.8158395,2.84029,0.06663,0.64835,-0.77027,0.69328,0.7284,251,62,18,124,37,299,94,14,259,41,32,144,231,45,10,119
1762563706.134385,2.72559,0.06992,0.70044,-0.7533,0.67483,0.59701,267,51,17,119,40,291,107,16,231,43,30,145,194,69,12,127
1762563714.421816,2.55115,0.07248,0.62069,-0.68534,0.63311,0.61201,251,62,26,125,48,287,104,25,227,46,36,138,213,66,18,136
1762563722.7107694,2.72152,0.06948,0.66234,-0.71548,0.64783,0.69588,259,65,13,125,43,295,115,25,250,40,41,129,190,44,15,139
1762563730.998588,2.70617,0.06966,0.65904,-0.77828,0.66004,0.6088,268,60,22,131,35,289,104,14,224,44,33,152,200,62,18,129
1762563739.303728,2.69603,0.06825,0.6375,-0.69723,0.67006,0.69124,285,70,17,108,50,302,96,21,260,49,32,150,225,58,9,142
1762563747.5800931,2.68604,0.06974,0.65272,-0.7155,0.65796,0.65986,274,61,22,121,49,295,109,18,227,36,36,122,226,59,16,140
1762563755.8759294,2.78092,0.06704,0.67556,-0.74684,0.71366,0.64486,262,59,20,146,44,302,112,16,237,41,24,152,218,62,14,134
1762563764.1990783,2.61563,0.07218,0.61572,-0.70089,0.66351,0.63551,253,61,27,117,51,277,104,16,224,42,29,127,211,62,16,139
1762563772.4950032,2.75746,0.06868,0.68952,-0.67105,0.71689,0.68,286,66,11,133,38,264,117,37,252,32,30,124,206,49,15,130
1762563780.7922418,2.71329,0.06866,0.62933,-0.73333,0.6492,0.70142,252,73,18,148,40,303,113,24,232,51,26,130,212,56,7,147
1762563789.0714161,2.62989,0.07207,0.59158,-0.69154,0.70575,0.64103,249,77,20,129,37,245,95,25,242,39,25,129,224,62,15,128
1762563797.3761866,2.71128,0.06917,0.59612,-0.71831,0.70455,0.69231,286,74,30,125,42,277,89,18,237,42,23,138,222,57,7,130
1762563805.6492698,2.83381,0.06489,0.61885,-0.70954,0.75299,0.75243,278,70,23,117,42,294,118,28,279,35,27,161,230,40,11,131
1762563813.9417439,2.71223,0.06984,0.6652,-0.66516,0.72867,0.65321,254,51,25,124,55,276,92,19,257,32,30,138,205,63,10,143
1762563822.2314162,2.78075,0.0677,0.68973,-0.73991,0.69397,0.65714,277,59,15,126,42,279,109,16,251,45,26,142,209,61,11,139
1762563830.5312333,2.71329,0.06954,0.64898,-0.7123,0.69302,0.65899,256,68,18,148,44,280,89,18,240,42,24,124,216,57,17,144
1762563838.8287816,2.72982,0.0679,0.64126,-0.78706,0.68308,0.61842,241,56,24,125,38,307,121,13,245,38,36,148,217,70,17,152
1762563847.107908,2.71555,0.06917,0.67686,-0.7193,0.63636,0.68304,257,65,9,127,46,300,92,18,230,44,36,130,230,57,14,147
1762563855.3958206,2.75104,0.06915,0.69293,-0.72816,0.69444,0.63551,277,58,18,142,43,252,104,13,227,40,26,139,205,67,11,145
1762563863.6863925,2.85,0.06352,0.70711,-0.75325,0.73362,0.73148,269,50,20,139,41,278,127,16,251,42,21,159,209,46,12,165
1762563871.9821882,2.73784,0.0687,0.68033,-0.73085,0.68276,0.6439,272,61,17,138,44,289,129,21,219,37,32,147,192,57,16,145
1762563880.2657616,2.7097,0.06897,0.67635,-0.69959,0.718,0.61576,287,55,23,117,53,294,119,20,244,32,33,152,215,63,15,113
1762563888.5410852,2.76237,0.06891,0.7065,-0.76018,0.6555,0.64019,284,48,22,123,34,295,94,19,221,37,35,125,216,63,14,135
1762563896.862001,2.66392,0.07114,0.65029,-0.74098,0.65485,0.6178,290,64,25,130,41,275,135,20,223,46,27,127,189,61,12,120
1762563905.178839,2.85,0.06706,0.67672,-0.76526,0.69161,0.72127,265,54,21,124,39,264,112,11,245,37,31,128,222,48,9,130
1762563913.4781334,2.78295,0.06842,0.65361,-0.68765,0.73747,0.70423,284,71,13,117,49,254,108,18,231,32,23,133,213,52,11,150
1762563921.776166,2.75323,0.06909,0.65639,-0.72766,0.70492,0.66427,259,57,21,117,50,308,98,14,234,33,30,130,217,54,16,130
1762563930.0725675,2.73831,0.06824,0.65408,-0.71562,0.68879,0.67982,299,71,16,117,49,258,110,12,223,35,33,146,233,59,14,150
1762563938.3593915,2.85,0.06482,0.67511,-0.78475,0.73333,0.66739,276,59,18,121,34,275,123,14,252,30,32,151,233,60,17,153
1762563946.6472812,2.69998,0.06924,0.59504,-0.73191,0.71685,0.65617,268,68,30,118,40,303,104,23,245,31,32,137,203,63,8,139
1762563954.9434521,2.67125,0.06988,0.61523,-0.73709,0.66893,0.65,281,72,24,122,43,256,114,13,239,34,39,129,215,66,11,148
1762563963.2461798,2.67416,0.07068,0.64082,-0.70833,0.6408,0.68421,269,64,24,133,49,269,100,14,239,43,38,131,194,51,12,142
1762563971.536496,2.74071,0.06954,0.70222,-0.74236,0.65256,0.64356,280,45,22,103,40,285,114,19,239,44,34,132,188,54,18,144
1762563979.8380702,2.78467,0.06718,0.68846,-0.71495,0.71685,0.6644,309,61,20,130,44,266,101,17,239,27,36,143,228,59,15,139
1762563988.113863,2.67631,0.07138,0.59441,-0.65501,0.76906,0.65783,233,61,26,109,60,244,111,14,253,28,25,153,199,57,14,145
1762563996.3981102,2.61166,0.07285,0.69432,-0.65238,0.62125,0.64371,276,59,11,112,57,253,94,16,212,44,38,139,201,56,19,145
1762564004.6920888,2.59974,0.07192,0.68247,-0.65563,0.64103,0.62061,272,58,19,136,46,285,90,32,213,38,39,139,210,65,16,136
1762564012.9738238,2.61315,0.0722,0.57205,-0.70701,0.6982,0.6359,246,73,25,114,47,298,104,22,248,44,23,129,190,56,15,129
1762564021.2646463,2.84245,0.06781,0.64167,-0.75887,0.74436,0.69756,274,65,21,120,35,266,106,16,221,28,23,127,207,53,9,141
1762564029.5478253,2.85,0.06642,0.68103,-0.71308,0.71681,0.74677,267,61,13,123,50,291,115,18,252,33,31,136,203,40,9,135
1762564037.842081,2.78651,0.06723,0.6875,-0.71556,0.7065,0.67696,287,59,16,118,46,281,105,18,247,36,34,160,226,52,16,127
1762564046.1266103,2.85,0.06573,0.70842,-0.71908,0.71831,0.70901,280,55,16,136,51,294,116,16,236,33,27,130,221,48,15,149
1762564054.4106524,2.70728,0.06845,0.64602,-0.69008,0.68627,0.6849,252,66,14,120,55,304,105,20,239,48,24,148,233,57,15,152
1762564062.7185242,2.69312,0.06976,0.63519,-0.73516,0.62832,0.69444,239,67,18,142,41,272,108,17,240,53,31,128,215,58,8,151
1762564071.0126204,2.73076,0.06859,0.62092,-0.75652,0.68898,0.66434,253,65,22,119,38,279,125,18,250,39,33,141,199,56,16,158
1762564079.3316789,2.72059,0.06924,0.63745,-0.72889,0.64138,0.71287,270,70,21,141,47,289,100,14,232,46,32,125,205,48,10,141
1762564087.6088443,2.79118,0.06747,0.67038,-0.73853,0.66462,0.71765,265,48,26,110,41,277,102,16,258,46,36,149,217,52,8,148
1762564095.8956683,2.76256,0.06766,0.66803,-0.72444,0.71121,0.65888,284,66,15,123,42,286,102,20,255,39,28,142,215,59,14,140
1762564104.2031693,2.80991,0.06733,0.67686,-0.71163,0.69231,0.72912,260,56,18,124,44,244,124,18,255,44,26,130,246,42,18,137
1762564112.4849646,2.73087,0.06909,0.60663,-0.72444,0.68075,0.71905,269,78,17,119,45,278,110,17,231,30,38,127,224,44,15,137
1762564120.7742605,2.81318,0.06593,0.6518,-0.6689,0.7617,0.73077,273,63,19,116,51,267,106,23,276,40,16,138,269,50,13,136
1762564129.0536816,2.85,0.06524,0.6618,-0.76577,0.7217,0.75904,274,63,18,124,34,273,119,18,238,31,28,127,231,43,7,134
1762564137.3864005,2.63771,0.0723,0.65909,-0.64679,0.67257,0.65926,250,54,21,115,58,248,111,19,235,43,31,143,218,55,14,118
1762564145.6792774,2.59638,0.07277,0.66594,-0.65899,0.62892,0.64253,280,60,17,104,55,259,101,19,218,48,29,120,213,55,24,150
1762564153.9549463,2.66887,0.07118,0.64091,-0.69593,0.70259,0.62944,244,58,21,117,48,285,111,23,244,38,31,151,217,59,14,104
1762564162.2493122,2.59501,0.07236,0.60924,-0.6913,0.63964,0.65482,258,70,23,125,45,280,109,26,245,41,39,119,203,59,9,123
1762564170.5370927,2.77499,0.06795,0.70614,-0.76526,0.6962,0.60739,270,48,19,119,39,265,111,11,249,41,31,153,212,74,11,136
1762564178.8450189,2.57698,0.07237,0.57356,-0.67857,0.6468,0.67805,249,77,23,120,54,270,106,18,236,51,29,137,217,54,12,127
1762564187.1578262,2.74063,0.06902,0.65914,-0.71495,0.72489,0.64165,275,60,23,129,40,257,110,21,248,31,32,147,220,62,12,119
1762564195.4404073,2.63382,0.07288,0.65823,-0.65261,0.66816,0.65482,282,55,26,111,45,231,102,25,217,39,35,155,215,51,17,111
1762564203.7267182,2.79329,0.06649,0.64896,-0.7113,0.76,0.67304,252,55,21,105,39,284,125,30,263,29,28,155,244,66,11,150
1762564212.0462632,2.69078,0.0702,0.71304,-0.66302,0.63839,0.67633,255,46,20,139,51,273,107,26,249,47,34,118,220,57,10,127
1762564220.3486505,2.70478,0.07081,0.68644,-0.66197,0.67542,0.68095,282,58,16,116,45,251,103,27,233,29,39,118,216,56,11,137
1762564228.6438653,2.72597,0.06995,0.65661,-0.67593,0.75325,0.64019,245,55,19,112,47,251,111,23,257,34,23,148,206,58,19,145
1762564236.9512513,2.81003,0.06706,0.66454,-0.71554,0.68636,0.74359,255,55,24,137,52,300,92,13,225,31,38,146,222,42,13,152
1762564245.236902,2.7311,0.07002,0.67982,-0.71429,0.66118,0.67581,257,54,19,126,45,295,107,22,229,41,31,124,210,53,12,126
1762564253.5163066,2.82957,0.06874,0.73895,-0.72792,0.67595,0.68675,275,48,14,138,39,254,108,18,207,32,32,124,213,57,8,137
1762564261.821329,2.73493,0.06976,0.70435,-0.75439,0.66216,0.61404,266,56,12,126,44,286,114,12,235,40,35,134,179,66,11,143
1762564270.0974004,2.73849,0.07019,0.62882,-0.75225,0.70975,0.64767,259,63,22,114,34,262,127,21,243,27,37,134,181,57,11,137
1762564278.3842244,2.77834,0.06724,0.68776,-0.71233,0.68936,0.68889,279,57,17,121,42,257,118,21,263,48,25,134,241,59,11,139
1762564286.6910963,2.69252,0.06902,0.61194,-0.7013,0.69556,0.68372,248,62,29,130,44,278,115,25,256,47,25,145,224,53,15,138
1762564295.0043263,2.82008,0.06693,0.67727,-0.74771,0.67364,0.72146,254,52,19,115,43,280,101,12,253,42,36,147,226,52,9,151
1762564303.3004034,2.61233,0.07156,0.65957,-0.68421,0.65502,0.61353,255,57,23,135,45,273,111,27,246,44,35,133,200,65,15,134
1762564311.588655,2.78302,0.06698,0.66864,-0.76139,0.72103,0.63196,277,62,22,146,40,306,100,15,273,35,30,128,206,62,14,131
1762564319.892582,2.70383,0.06887,0.64331,-0.70021,0.70464,0.65566,259,65,19,128,48,288,109,22,245,43,27,159,204,59,14,147
1762564328.1749942,2.84489,0.06706,0.72233,-0.70163,0.72222,0.6987,289,55,14,139,44,255,110,20,247,32,33,156,198,49,9,129
1762564336.4607854,2.61235,0.07198,0.63071,-0.6809,0.67421,0.62654,267,56,33,126,44,267,107,27,237,40,32,133,189,57,19,142
1762564344.7499106,2.78482,0.06718,0.61765,-0.73362,0.69298,0.74057,266,69,22,119,43,289,108,18,257,38,32,129,233,50,5,136
1762564353.0593367,2.76031,0.06939,0.68944,-0.71616,0.68395,0.67076,265,54,21,143,42,275,118,23,210,34,30,131,190,53,14,150
1762564361.3537693,2.75533,0.06935,0.6758,-0.74941,0.71765,0.61247,264,49,22,103,37,271,99,16,211,38,22,154,203,73,14,159
1762564369.6367557,2.7205,0.06835,0.64301,-0.72766,0.6824,0.66743,263,68,15,119,45,287,119,19,242,43,31,150,219,62,11,147
1762564377.953561,2.85,0.06519,0.68064,-0.72747,0.7149,0.74272,285,60,20,136,39,287,106,23,264,29,37,133,218,40,13,141
1762564386.224451,2.69682,0.07043,0.69575,-0.74059,0.65548,0.605,259,50,18,120,45,290,126,17,244,39,38,126,182,59,20,139
1762564394.5192049,2.68633,0.07085,0.5956,-0.79405,0.66995,0.62673,256,69,23,107,37,273,119,8,233,43,24,106,216,67,14,137
1762564402.8233035,2.59184,0.07118,0.63597,-0.63257,0.66522,0.65808,249,66,19,133,59,277,114,29,252,41,36,131,217,59,14,137
1762564411.1361508,2.75141,0.06792,0.64,-0.72398,0.69978,0.68765,307,73,17,103,42,266,115,19,253,41,27,132,213,56,11,149
1762564419.416216,2.69721,0.06922,0.66998,-0.68619,0.64055,0.70048,287,70,13,133,57,277,126,18,223,41,37,133,212,54,8,140
1762564427.6920652,2.70534,0.07021,0.62821,-0.66133,0.73913,0.67667,269,66,21,112,50,253,110,24,223,33,21,137,210,54,16,153
1762564435.9847348,2.75851,0.06805,0.69231,-0.68831,0.70183,0.67606,286,56,20,132,40,289,101,32,225,40,25,146,207,55,14,150
1762564444.287683,2.71379,0.07032,0.68421,-0.74312,0.68646,0.6,270,58,17,130,38,264,116,18,223,39,27,132,208,64,19,124
1762564452.572489,2.7453,0.06903,0.65458,-0.70222,0.67421,0.71429,266,58,23,122,46,272,111,21,232,41,31,138,204,49,10,150
1762564460.8448055,2.64809,0.07081,0.65351,-0.6895,0.68067,0.62441,253,58,21,124,53,258,112,15,246,44,32,154,210,73,7,136
1762564469.1727066,2.84967,0.06648,0.72874,-0.74208,0.68447,0.69438,268,49,18,159,44,274,111,13,207,31,34,140,225,58,10,152
1762564477.4925852,2.76502,0.06739,0.70213,-0.70513,0.70339,0.65438,277,53,17,123,49,282,117,20,238,40,30,164,203,58,17,156
1762564485.7844317,2.65259,0.07045,0.5614,-0.72052,0.72747,0.64319,248,71,29,108,43,270,124,21,238,27,35,155,212,67,9,138
1762564494.076157,2.67341,0.07045,0.62128,-0.72574,0.68778,0.63861,250,68,21,131,51,283,126,14,236,37,32,137,189,59,14,142
1762564502.3706756,2.70283,0.06855,0.57537,-0.73415,0.6933,0.7,267,75,25,104,42,292,132,23,245,51,20,147,220,48,15,137
1762564510.6476798,2.82066,0.06945,0.67329,-0.77512,0.67368,0.69856,255,58,16,124,27,266,105,20,223,34,28,95,214,51,12,141
1762564518.938076,2.74317,0.06876,0.64059,-0.73815,0.72807,0.63636,273,71,14,115,34,278,107,24,257,31,31,137,212,68,8,130
1762564527.2244716,2.76675,0.06773,0.67331,-0.73707,0.713,0.64337,290,60,22,130,44,290,113,17,248,34,30,134,205,60,14,136
1762564535.4960587,2.75906,0.06956,0.69456,-0.71824,0.67873,0.66752,269,58,15,136,39,257,115,22,237,45,26,134,192,58,7,134
1762564543.7690072,2.71335,0.06961,0.70105,-0.72566,0.6886,0.59804,281,54,17,123,39,299,91,23,226,45,26,159,217,65,17,109
1762564552.0882962,2.70306,0.07034,0.71713,-0.68142,0.63033,0.67419,290,53,18,141,54,262,118,18,218,54,24,126,204,54,11,130
1762564560.383918,2.61622,0.07002,0.68354,-0.66667,0.62812,0.63789,270,62,13,129,58,280,120,22,230,44,38,129,231,70,16,158
1762564568.6640513,2.66422,0.07016,0.63851,-0.71818,0.61987,0.68766,296,72,20,121,48,275,103,14,231,51,37,144,200,50,12,135
1762564576.9584947,2.85,0.0662,0.72691,-0.72506,0.69932,0.70192,282,54,14,148,41,271,118,21,240,37,29,133,208,47,15,146
1762564585.262145,2.85,0.06732,0.68487,-0.72346,0.69585,0.75,279,58,17,122,45,232,117,11,237,37,29,131,217,38,14,147
1762564593.5447354,2.61928,0.07344,0.70168,-0.62998,0.62594,0.66169,278,53,18,127,55,248,100,24,216,48,27,110,207,51,17,127
1762564601.827551,2.76921,0.0688,0.67234,-0.7395,0.64384,0.71354,269,54,23,124,44,293,121,18,231,44,34,129,203,47,8,126
1762564610.1140442,2.73604,0.06846,0.64797,-0.6766,0.68397,0.72751,287,73,18,139,51,285,109,25,233,41,29,140,199,42,11,137
1762564618.3953106,2.77908,0.0673,0.63374,-0.69058,0.74249,0.71226,262,71,18,135,42,263,114,27,259,36,24,147,214,50,11,149
1762564626.7045279,2.61789,0.07217,0.63522,-0.69476,0.63341,0.6545,269,67,20,121,43,264,108,24,206,42,37,146,209,57,14,131
1762564635.0143924,2.68499,0.06987,0.63248,-0.67184,0.65275,0.72792,258,68,18,124,54,271,106,20,232,39,40,144,231,50,7,131
1762564643.2855277,2.65524,0.07161,0.6626,-0.723,0.65012,0.61951,291,65,18,118,43,249,118,16,200,45,29,149,220,61,17,112
1762564651.583527,2.71926,0.06978,0.67568,-0.70626,0.72662,0.61071,285,60,18,118,50,278,117,18,230,33,24,130,194,62,18,137
1762564659.874835,2.69794,0.06864,0.65408,-0.71373,0.68849,0.64165,275,68,19,141,53,321,116,20,244,37,32,130,194,60,14,145
1762564668.1575184,2.71224,0.06999,0.6867,-0.69515,0.69021,0.64019,265,50,23,128,52,256,111,14,235,39,29,136,210,63,14,141
1762564676.427921,2.76865,0.068,0.64562,-0.78769,0.69406,0.64128,282,70,17,122,32,287,134,18,249,35,32,122,189,59,14,145
1762564684.7115562,2.71769,0.06981,0.65885,-0.66594,0.7254,0.66749,251,58,22,138,54,271,113,23,241,35,25,136,218,54,13,118
1762564693.0354905,2.71075,0.06863,0.68378,-0.73568,0.63482,0.65647,281,58,19,129,42,282,112,18,246,44,42,139,205,60,13,147
1762564701.3194165,2.73059,0.06827,0.63713,-0.74403,0.71306,0.63636,270,63,23,118,39,300,102,20,256,34,33,144,213,63,15,138
1762564709.6177635,2.66418,0.07188,0.66434,-0.72072,0.66282,0.61631,236,55,17,121,43,264,118,19,221,40,33,139,198,64,16,139
1762564717.8946304,2.70023,0.06994,0.6689,-0.63797,0.71429,0.67907,256,57,17,117,58,258,113,24,260,45,19,124,226,60,9,135
1762564726.178881,2.7051,0.0695,0.64474,-0.70982,0.66118,0.68936,247,64,17,128,45,277,106,20,241,37,35,112,248,62,11,149
1762564734.4749746,2.66653,0.07047,0.66191,-0.71069,0.6298,0.66412,273,59,24,135,54,303,105,15,234,47,35,127,195,52,14,132
1762564742.7673016,2.65495,0.07082,0.66197,-0.70787,0.62745,0.65766,289,66,18,124,38,251,129,27,217,43,33,115,229,64,12,139
1762564751.0817559,2.72709,0.07121,0.65739,-0.6875,0.68193,0.70027,258,62,18,129,50,267,111,20,237,32,34,112,188,45,10,124
1762564759.3654094,2.74477,0.06805,0.62041,-0.7123,0.73077,0.68129,252,64,29,145,43,277,92,19,253,33,30,152,218,57,12,146
1762564767.6772475,2.6806,0.06969,0.65844,-0.70213,0.67411,0.64593,279,57,26,124,51,295,105,19,228,44,29,147,208,62,12,136
1762564775.9617229,2.69663,0.07033,0.60404,-0.69095,0.69794,0.7037,278,67,31,119,47,272,111,23,237,32,34,134,199,45,11,123
1762564784.2362645,2.77293,0.06889,0.70082,-0.71304,0.66906,0.69,299,59,14,116,45,265,129,21,215,39,30,133,205,49,13,133
1762564792.5466619,2.7455,0.06931,0.69196,-0.7342,0.63229,0.68704,265,51,18,114,45,293,105,16,226,51,31,138,189,53,11,156
1762564800.8452451,2.74593,0.06685,0.69416,-0.68122,0.69828,0.67227,286,56,20,135,47,273,112,26,244,42,28,150,252,65,13,146
1762564809.1511486,2.70337,0.06891,0.64982,-0.68122,0.69194,0.68039,322,65,32,135,52,270,115,21,236,41,24,121,212,56,10,135
1762564817.4382117,2.71749,0.07072,0.60482,-0.69545,0.73832,0.6789,235,61,21,98,48,274,99,19,250,28,28,122,222,55,15,144
1762564825.7239518,2.79141,0.06724,0.63283,-0.71843,0.69412,0.74603,246,70,15,132,48,295,120,20,225,37,28,135,236,45,11,149
1762564833.9997993,2.80732,0.06835,0.65948,-0.76056,0.68322,0.70406,246,58,21,139,38,259,116,13,213,37,30,143,209,57,5,148
1762564842.2847967,2.70706,0.06935,0.62801,-0.7375,0.71967,0.62189,253,64,21,119,41,316,101,22,252,37,30,159,215,60,16,111
1762564850.5586004,2.73649,0.06726,0.67715,-0.72188,0.66004,0.67742,263,55,22,137,42,306,115,26,242,44,33,134,248,66,9,142
1762564858.8550272,2.59596,0.07277,0.61006,-0.7355,0.63636,0.61404,256,72,21,128,37,268,106,20,241,32,48,119,196,62,15,126
1762564867.1346376,2.67544,0.07041,0.65044,-0.69401,0.73478,0.5962,238,61,18,135,49,266,116,20,251,34,27,148,198,67,18,138
1762564875.418,2.62491,0.07041,0.6008,-0.6971,0.7155,0.61151,282,75,25,119,49,277,104,19,261,38,29,143,203,68,13,133
1762564883.7081413,2.65139,0.07099,0.66946,-0.678,0.67521,0.62871,261,62,17,138,51,263,107,20,256,38,38,136,203,60,15,126
1762564891.9911642,2.67477,0.07086,0.70763,-0.70791,0.67488,0.58435,277,49,20,126,52,305,116,20,213,34,32,127,192,75,10,132
1762564900.2814703,2.62529,0.07071,0.60976,-0.7254,0.625,0.66514,276,81,15,120,41,252,125,19,226,49,35,138,224,57,16,139
1762564908.563873,2.67262,0.07168,0.70021,-0.71905,0.57277,0.68059,254,53,17,143,41,264,97,18,214,46,45,121,207,52,13,135
1762564916.8939788,2.56793,0.07305,0.62376,-0.67627,0.66893,0.59896,288,72,23,122,47,256,122,26,228,42,31,140,185,64,13,122
1762564925.1854374,2.75424,0.06964,0.65948,-0.7342,0.70252,0.65803,265,57,22,120,46,273,125,15,255,35,30,117,191,48,18,129
1762564933.4676898,2.7108,0.07023,0.67647,-0.70136,0.73696,0.59601,271,61,16,128,45,266,110,21,248,38,20,135,196,63,18,124
1762564941.7710104,2.69617,0.0704,0.65631,-0.69903,0.65094,0.68989,265,56,27,135,45,254,96,17,206,45,29,144,220,59,10,156
1762564950.0705411,2.77395,0.06943,0.6766,-0.71625,0.7261,0.65501,261,56,20,133,47,274,101,15,216,32,21,118,215,60,14,140
1762564958.3526337,2.81077,0.06677,0.66133,-0.74141,0.69438,0.71365,247,60,14,116,37,310,121,27,236,38,30,141,240,49,15,143
1762564966.6243804,2.75149,0.06831,0.67755,-0.74009,0.64807,0.68579,276,61,18,135,45,290,105,14,239,52,30,145,193,51,12,145
1762564974.9045413,2.70334,0.07098,0.65098,-0.67368,0.71365,0.66502,275,66,23,146,49,238,80,13,255,42,22,128,212,61,7,126
1762564983.1978884,2.79785,0.06674,0.66667,-0.71922,0.71429,0.69767,267,63,17,133,44,283,115,21,250,41,25,146,222,56,9,143
1762564991.4796085,2.78416,0.06898,0.67206,-0.7093,0.7066,0.6962,245,53,18,117,48,315,126,27,224,35,25,125,210,48,12,125
1762564999.7688534,2.78042,0.06799,0.64026,-0.72222,0.72829,0.68966,269,66,18,114,42,272,131,23,242,32,29,146,207,54,9,136
1762565008.075456,2.68643,0.0713,0.68397,-0.67048,0.75622,0.57576,238,52,18,135,48,286,79,24,220,27,22,133,202,72,19,136
1762565016.3777971,2.84042,0.06542,0.66803,-0.76353,0.68989,0.71897,290,50,31,117,33,311,129,26,237,37,32,139,213,52,8,154
1762565024.6895032,2.62387,0.07043,0.68267,-0.71795,0.60271,0.62054,268,63,13,135,39,279,123,27,231,44,44,124,215,69,16,148
1762565033.003734,2.77072,0.06875,0.66109,-0.71149,0.71186,0.68627,265,66,15,132,43,244,106,16,257,38,30,147,201,51,13,143
1762565041.293796,2.7127,0.0694,0.69102,-0.66957,0.64859,0.70352,287,59,15,118,52,283,101,24,254,46,35,126,203,48,11,136
1762565049.5866098,2.70619,0.0701,0.6518,-0.74737,0.66743,0.63959,276,66,16,113,40,283,132,20,231,47,26,135,203,62,9,120
1762565057.8818774,2.56346,0.07439,0.59911,-0.69462,0.64539,0.62434,235,72,18,124,49,268,126,22,229,38,37,119,206,58,13,101
1762565066.1746812,2.58798,0.07184,0.62963,-0.7027,0.66812,0.58753,278,69,21,118,44,270,108,22,230,43,33,152,202,72,14,129
1762565074.477997,2.66864,0.0704,0.63559,-0.71364,0.68996,0.62945,275,69,17,111,46,264,113,17,229,36,35,158,210,65,13,133
1762565082.7737052,2.74493,0.06791,0.66333,-0.69683,0.70402,0.68075,284,65,19,131,49,268,107,18,254,40,30,149,233,58,10,125
1762565091.0598474,2.5396,0.07281,0.52818,-0.67048,0.70335,0.63758,242,83,30,124,49,264,101,23,224,38,24,132,235,65,16,131
1762565099.3369727,2.67707,0.07069,0.67785,-0.62557,0.66667,0.70698,270,55,17,105,60,258,98,22,233,40,35,142,219,49,14,148
1762565107.656531,2.56419,0.0734,0.56637,-0.71084,0.67053,0.61644,236,71,27,118,41,249,106,19,231,36,35,129,225,69,15,129
1762565115.964489,2.61163,0.07058,0.62602,-0.67382,0.69231,0.61949,273,64,28,127,54,259,131,22,242,46,24,143,206,63,19,143
1762565124.239048,2.68504,0.06965,0.67807,-0.62581,0.67946,0.70171,293,58,22,124,60,290,88,27,236,42,29,136,204,53,8,144
1762565132.5198395,2.66218,0.06939,0.62551,-0.7102,0.64889,0.67757,261,74,17,134,50,293,126,21,247,50,29,124,232,57,12,127
1762565140.8054154,2.72642,0.06827,0.62447,-0.69919,0.70721,0.69555,264,73,16,121,51,276,142,23,251,33,32,128,219,52,13,143
1762565149.0874975,2.76849,0.06862,0.67206,-0.69265,0.70353,0.70025,268,64,17,145,50,283,97,19,226,35,28,136,224,52,9,122
1762565157.413476,2.74366,0.06875,0.70624,-0.70686,0.64138,0.68919,309,51,22,115,46,262,99,16,230,45,33,127,217,60,9,158
1762565165.7118065,2.76175,0.0698,0.69977,-0.76316,0.65176,0.64706,266,52,13,102,37,291,111,17,223,48,26,128,184,61,11,152
1762565174.010108,2.7023,0.06859,0.65392,-0.73134,0.6422,0.67483,277,62,24,134,43,287,119,20,242,43,35,116,214,60,13,162
1762565182.3183208,2.68414,0.06966,0.63071,-0.73478,0.66364,0.65501,276,62,27,117,39,303,96,22,242,38,36,124,211,61,13,144
1762565190.625159,2.71214,0.07081,0.63674,-0.70776,0.67095,0.69668,265,64,23,127,46,279,95,18,219,35,29,106,221,53,11,137
1762565198.9265034,2.61525,0.07259,0.639,-0.72603,0.65321,0.59701,254,64,23,141,46,282,96,14,218,38,35,130,198,68,13,123
1762565207.2219417,2.84823,0.06676,0.6732,-0.73742,0.72397,0.71364,250,55,20,134,50,285,112,10,227,34,23,129,220,57,6,157
1762565215.5039654,2.85,0.06654,0.71613,-0.73611,0.73913,0.66744,269,50,16,130,39,262,113,18,244,27,30,136,232,59,13,129
1762565223.8157618,2.75582,0.06842,0.64026,-0.68397,0.70575,0.72584,277,66,18,106,57,259,114,13,225,32,32,146,228,50,11,156
1762565232.1067934,2.67815,0.06919,0.63597,-0.70082,0.68545,0.65591,261,63,22,121,58,287,128,15,211,32,35,148,228,66,14,157
1762565240.3942287,2.67231,0.0698,0.64659,-0.67373,0.65176,0.70023,299,65,23,111,59,292,103,18,218,39,35,133,212,53,11,151
1762565248.6596787,2.71456,0.06993,0.64606,-0.75342,0.67442,0.64066,257,68,15,129,39,286,98,15,226,48,22,134,201,60,16,146
1762565256.9348674,2.77672,0.0689,0.68,-0.76334,0.66589,0.66748,265,55,21,134,35,261,119,16,217,39,33,142,211,60,8,130
1762565265.2267215,2.65566,0.07002,0.61157,-0.7094,0.64238,0.69231,269,74,20,121,46,274,126,22,228,40,41,144,190,51,13,162
1762565273.5214057,2.69335,0.06981,0.61746,-0.6789,0.73661,0.66038,260,78,14,129,51,264,102,19,254,32,27,135,204,57,15,148
1762565281.803224,2.73827,0.06831,0.64211,-0.68559,0.70526,0.70531,277,66,19,113,46,265,121,26,256,26,44,149,229,54,7,124
1762565290.1163259,2.70641,0.06887,0.65517,-0.70492,0.66816,0.67816,262,57,23,122,51,286,130,21,235,46,28,137,230,59,11,135
1762565298.3895123,2.71961,0.06943,0.68293,-0.68627,0.61928,0.73113,298,60,18,116,57,292,95,15,222,44,35,114,215,43,14,152
1762565306.691673,2.85,0.06524,0.64435,-0.7572,0.7296,0.73059,273,64,21,120,43,306,121,16,233,42,16,138,247,51,8,132
1762565314.9892535,2.69156,0.06976,0.66129,-0.73934,0.69469,0.59624,280,68,16,132,39,265,102,16,242,37,32,141,214,73,13,126
1762565323.301894,2.66567,0.07036,0.6632,-0.67338,0.69021,0.63889,277,64,17,123,49,263,111,24,237,46,22,134,222,65,13,132
1762565331.5948315,2.65411,0.07099,0.64557,-0.72247,0.65986,0.62621,245,66,18,145,41,300,91,22,219,42,33,147,218,60,17,117
1762565339.882766,2.7257,0.06868,0.65766,-0.66532,0.68254,0.72018,239,59,17,129,55,298,115,28,230,36,34,141,248,49,12,127
1762565348.1666899,2.74179,0.06811,0.70894,-0.74634,0.63786,0.64865,273,51,19,138,35,265,93,17,252,47,41,146,210,51,27,156
1762565356.457799,2.61162,0.07136,0.65815,-0.67912,0.67048,0.60386,285,65,22,137,47,268,114,26,244,31,41,121,198,60,22,134
1762565364.7397563,2.68256,0.07076,0.62661,-0.7375,0.65179,0.66667,247,68,19,132,46,302,115,17,249,38,40,121,176,54,9,139
1762565373.068605,2.77728,0.06724,0.68612,-0.73626,0.71812,0.63678,289,64,14,130,41,277,118,19,242,38,25,142,211,62,17,145
1762565381.3710344,2.77291,0.06917,0.59716,-0.72912,0.78076,0.66587,227,67,18,110,42,268,115,18,267,32,17,131,214,58,12,135
1762565389.658382,2.81188,0.06783,0.66809,-0.76524,0.71429,0.66427,264,60,18,128,41,298,93,11,223,31,30,143,226,53,17,121
1762565397.9717803,2.78843,0.06662,0.66191,-0.71619,0.6932,0.71712,287,62,21,121,43,280,107,21,297,47,32,139,217,44,13,129
1762565406.285022,2.75764,0.06828,0.63347,-0.69087,0.74138,0.69193,281,70,22,129,47,249,112,19,263,36,24,141,211,49,14,135
1762565414.5855546,2.79797,0.06787,0.67184,-0.69451,0.72093,0.71069,258,56,18,119,45,241,114,19,225,36,24,145,249,57,12,159
1762565422.86151,2.75177,0.06953,0.7277,-0.66516,0.62381,0.7351,255,46,12,113,47,278,90,27,201,52,27,140,257,51,9,136
1762565431.1558619,2.7529,0.06907,0.68644,-0.66879,0.70337,0.6943,271,58,16,127,53,273,120,25,245,38,28,134,202,49,10,125
1762565439.4257503,2.80871,0.06732,0.68595,-0.7235,0.72627,0.67299,250,59,17,158,40,253,121,20,259,36,26,132,220,60,9,133
1762565447.7095656,2.72147,0.07047,0.67401,-0.66816,0.67542,0.70388,276,51,23,104,47,277,95,27,234,37,31,117,221,50,11,130
1762565455.9986923,2.67777,0.06969,0.65344,-0.69027,0.64935,0.68471,270,61,22,126,50,277,105,20,254,47,34,127,213,58,9,145
1762565464.2848952,2.733,0.06979,0.66147,-0.68722,0.67857,0.70574,258,53,23,115,43,278,105,28,241,32,40,135,200,51,8,142
1762565472.5698965,2.72001,0.0693,0.66935,-0.70996,0.65753,0.68317,291,62,20,123,49,271,124,18,239,41,34,124,210,51,13,130
1762565480.8609154,2.73276,0.06867,0.63368,-0.68737,0.7,0.71171,261,65,22,127,51,271,123,22,233,30,33,124,219,50,14,161
1762565489.1623783,2.83816,0.06603,0.69937,-0.76082,0.69604,0.68193,259,58,14,148,46,306,121,12,231,34,35,154,210,52,14,139
1762565497.456535,2.77377,0.06823,0.67033,-0.74837,0.69231,0.66276,244,59,16,136,48,312,91,10,241,34,34,133,212,59,13,143
1762565505.7496035,2.65225,0.07248,0.62637,-0.65517,0.71744,0.65327,260,67,18,110,48,243,93,22,257,32,32,132,187,52,17,142
1762565514.0437768,2.60682,0.07033,0.59336,-0.70751,0.62077,0.68519,247,73,25,137,53,315,117,21,236,44,40,123,223,58,10,141
1762565522.3279254,2.59764,0.0722,0.61684,-0.68981,0.7131,0.57789,268,75,16,116,47,256,109,20,264,38,31,148,186,70,14,128
1762565530.624187,2.62593,0.07292,0.6696,-0.66197,0.65333,0.64103,267,62,13,112,42,267,87,30,235,34,44,137,205,56,14,115
1762565538.909501,2.69791,0.0704,0.64602,-0.69507,0.66376,0.69307,260,60,20,112,47,282,96,21,248,40,37,133,201,52,10,141
1762565547.2101276,2.77646,0.06854,0.69935,-0.70755,0.70989,0.65967,274,49,20,116,46,262,100,16,250,42,24,139,202,55,18,154
1762565555.512293,2.66424,0.06984,0.6453,-0.67579,0.66968,0.67347,258,61,22,127,52,307,91,25,248,33,40,121,213,57,15,156
1762565563.7973166,2.75463,0.06864,0.65236,-0.70925,0.67198,0.72104,256,64,17,129,47,260,128,19,235,37,35,132,221,46,13,143
1762565572.0917747,2.67442,0.06984,0.64967,-0.7485,0.6468,0.62945,252,62,17,120,40,310,128,23,236,52,28,137,213,62,16,130
1762565580.3900688,2.69855,0.07063,0.65854,-0.73836,0.6689,0.63275,255,65,12,119,44,281,111,15,216,49,25,157,218,60,14,111
1762565588.6750364,2.58058,0.07226,0.61491,-0.70588,0.56028,0.69951,258,75,18,132,54,292,114,16,203,50,43,127,211,51,10,134
1762565596.9786162,2.72479,0.06888,0.64092,-0.70306,0.76471,0.61611,270,54,32,123,53,274,116,15,236,27,25,154,218,60,21,123
1762565605.2752502,2.72023,0.06961,0.69298,-0.69365,0.63311,0.70048,268,51,19,118,54,284,103,16,225,39,43,140,226,50,12,126
1762565613.6070588,2.74923,0.06815,0.64979,-0.73661,0.66376,0.69907,259,64,19,132,43,273,116,16,259,47,30,122,221,56,9,146
1762565621.9023354,2.76825,0.06817,0.66297,-0.73933,0.73815,0.6278,259,61,15,116,36,292,95,22,256,34,24,129,228,72,11,135
1762565630.1848097,2.63346,0.07125,0.66953,-0.69032,0.62326,0.65035,242,60,17,147,53,289,104,19,220,45,36,129,217,64,11,137
1762565638.4784832,2.73123,0.06867,0.64435,-0.70323,0.74336,0.64029,269,67,18,124,51,283,113,18,245,34,24,149,208,61,14,134
1762565646.7576134,2.73535,0.07084,0.67299,-0.72749,0.69336,0.64151,243,46,23,110,44,249,106,12,228,42,25,142,207,61,15,141
1762565655.0745304,2.82209,0.06583,0.70355,-0.75783,0.73516,0.62555,287,53,18,121,44,303,118,14,237,30,28,143,220,72,13,149
1762565663.352714,2.72292,0.07009,0.62996,-0.68539,0.70071,0.70686,256,66,18,114,48,279,96,22,217,41,22,141,212,46,16,149
1762565671.638044,2.61024,0.07293,0.63516,-0.67554,0.66953,0.63,240,66,17,132,49,254,92,18,249,37,40,140,196,58,16,130
1762565679.939142,2.72366,0.06876,0.69478,-0.68653,0.70989,0.63246,262,57,19,160,43,285,97,28,246,32,34,143,214,60,17,128
1762565688.2528036,2.81529,0.06776,0.74123,-0.6967,0.72748,0.64988,263,46,13,134,54,292,94,15,248,29,30,126,212,56,17,132
1762565696.534794,2.85,0.06509,0.70076,-0.73488,0.7342,0.69953,304,60,19,145,35,274,99,22,234,37,24,164,213,49,15,149
1762565704.816325,2.68697,0.07003,0.63821,-0.72936,0.59732,0.72208,293,67,22,110,38,264,113,21,225,42,48,132,217,48,8,130
1762565713.1117275,2.68555,0.06799,0.64286,-0.67932,0.73474,0.62864,279,63,27,135,55,283,115,21,261,30,33,151,229,63,20,135
1762565721.4255202,2.79602,0.0688,0.63291,-0.77978,0.71041,0.67292,270,63,24,117,34,284,112,15,254,33,31,124,180,52,9,132
1762565729.7161012,2.75033,0.06838,0.65073,-0.71882,0.71106,0.66972,281,68,16,116,41,283,96,21,229,44,20,150,213,60,12,151
1762565737.9934607,2.7831,0.06795,0.68,-0.72093,0.71236,0.66981,269,60,12,109,47,296,111,19,244,38,26,137,234,56,14,120
1762565746.2909558,2.77714,0.06856,0.6383,-0.78603,0.66359,0.68922,264,63,22,121,35,307,102,14,242,44,29,119,180,53,9,157
1762565754.5806298,2.76916,0.06882,0.65351,-0.76755,0.64626,0.70183,249,60,19,128,37,267,98,11,237,38,40,126,234,53,12,137
1762565762.8623524,2.80169,0.06906,0.65079,-0.74468,0.7027,0.70352,255,59,18,109,36,275,94,18,230,40,26,148,209,48,11,130
1762565771.1399117,2.64523,0.07184,0.64732,-0.69302,0.64069,0.6642,257,54,25,112,54,261,103,12,237,46,37,142,201,60,8,136
1762565779.4587064,2.67145,0.07106,0.64854,-0.68627,0.69231,0.64433,276,66,18,118,55,279,108,17,249,41,27,125,194,54,15,125
1762565787.7626116,2.75074,0.06992,0.67257,-0.69476,0.7,0.68342,250,59,15,128,43,279,93,24,240,38,28,134,204,52,11,131
1762565796.0354426,2.76626,0.06875,0.6404,-0.73187,0.68825,0.70574,273,68,21,133,40,278,116,21,226,38,27,126,203,46,13,139
1762565804.3451812,2.76537,0.06762,0.70742,-0.70722,0.65843,0.69231,266,51,16,125,55,280,134,16,240,39,37,129,222,58,10,152
1762565812.6389563,2.74073,0.06839,0.69647,-0.74091,0.66068,0.64268,267,49,24,141,45,266,117,12,260,46,39,156,204,60,12,127
1762565820.9603825,2.8095,0.06828,0.70522,-0.72609,0.70252,0.67568,243,52,13,133,45,275,122,18,236,36,29,136,202,50,16,139
1762565829.2515798,2.7,0.06961,0.67647,-0.68254,0.66949,0.6715,281,59,18,118,57,262,109,13,267,47,31,127,205,56,12,141
1762565837.5517209,2.70903,0.06882,0.67312,-0.70337,0.68443,0.64811,262,64,12,127,46,261,118,20,259,41,33,136,222,70,9,148
1762565845.8367438,2.65227,0.071,0.63239,-0.72,0.67198,0.62791,264,58,26,109,46,273,114,17,227,42,30,140,212,66,14,138
1762565854.1636007,2.6051,0.07414,0.6165,-0.68675,0.6534,0.64846,213,53,26,120,46,247,103,19,238,40,34,115,218,64,10,129
1762565862.4359627,2.73503,0.06796,0.72541,-0.71698,0.61811,0.67453,302,44,23,119,45,264,100,15,269,57,40,142,210,61,8,145
1762565870.7178526,2.66159,0.07203,0.62801,-0.7012,0.66818,0.6642,252,66,19,120,35,247,106,27,235,34,39,132,210,53,15,127
1762565879.0001564,2.62889,0.07194,0.62151,-0.70843,0.66968,0.62927,257,64,24,120,44,276,99,20,225,41,32,144,216,66,10,118
1762565887.2824368,2.73365,0.06922,0.65217,-0.72949,0.71818,0.6338,260,61,19,120,51,275,115,10,249,37,25,129,214,61,17,134
1762565895.5786266,2.64637,0.0724,0.61261,-0.64319,0.71096,0.67961,263,66,20,95,47,253,97,29,234,29,33,133,207,54,12,139
1762565903.8747213,2.77059,0.07019,0.67713,-0.69907,0.71359,0.6808,250,48,24,124,49,263,104,16,228,24,35,125,216,53,11,121
1762565912.1810656,2.67632,0.06961,0.67068,-0.69401,0.6603,0.65133,284,63,19,132,45,253,129,24,238,37,43,153,204,62,10,137
1762565920.4513679,2.76987,0.06688,0.684,-0.64803,0.73154,0.70629,293,58,21,128,53,281,117,32,242,28,32,145,210,55,8,156
1762565928.75941,2.75155,0.06826,0.62771,-0.75056,0.68908,0.68421,249,66,20,127,36,282,111,20,267,41,33,135,218,56,10,134
1762565937.0566797,2.80378,0.06752,0.68685,-0.72685,0.73333,0.65675,288,62,13,116,37,268,105,22,246,39,19,131,238,58,17,124
1762565945.3392606,2.54073,0.07292,0.64167,-0.65517,0.61305,0.63084,284,61,25,110,58,276,108,22,224,50,33,122,212,64,15,137
1762565953.6678553,2.6805,0.07066,0.70065,-0.6766,0.69838,0.60488,265,51,18,127,49,291,103,27,224,34,31,142,195,67,14,134
1762565961.9516625,2.66083,0.07266,0.59751,-0.69048,0.7037,0.66914,259,75,22,126,50,254,101,15,193,32,24,129,208,60,7,130
1762565970.2250516,2.59997,0.071,0.63291,-0.63039,0.71492,0.62175,267,66,21,120,61,282,115,29,267,40,24,118,205,68,12,138
1762565978.5289266,2.81891,0.06802,0.70588,-0.7587,0.64569,0.70864,280,43,27,126,33,266,113,19,220,38,38,133,185,54,5,161
1762565986.8209686,2.75609,0.06828,0.612,-0.67727,0.75122,0.7156,270,81,16,133,49,272,97,22,236,28,23,123,229,50,12,145
1762565995.113226,2.76991,0.06865,0.6473,-0.67473,0.66751,0.78037,277,64,21,120,52,272,109,22,218,44,22,113,235,39,8,146
1762566003.3950498,2.77385,0.0684,0.65864,-0.73272,0.66887,0.71362,249,65,13,130,43,261,115,15,241,39,36,137,236,50,11,129
1762566011.6885977,2.63475,0.06995,0.63283,-0.73719,0.58436,0.68037,256,68,17,122,38,300,90,21,249,65,36,136,214,63,7,154
1762566019.9622307,2.77239,0.06753,0.70213,-0.7381,0.6309,0.70127,263,55,15,137,48,312,126,18,246,44,42,134,208,51,8,128
1762566028.2373989,2.69679,0.07006,0.62947,-0.71047,0.67742,0.67943,263,70,18,124,43,292,92,22,218,32,38,146,206,54,13,145
1762566036.5254416,2.55173,0.07379,0.65546,-0.68109,0.59737,0.6178,267,59,23,127,47,255,114,23,233,54,38,132,207,60,13,102
1762566044.8164816,2.54818,0.07333,0.62338,-0.69762,0.66133,0.56585,264,75,12,111,47,288,105,23,225,41,33,138,200,69,20,121
1762566053.1056187,2.71862,0.06817,0.68635,-0.75771,0.64407,0.63048,286,55,22,128,36,287,112,19,243,45,39,145,224,68,12,129
1762566061.397371,2.77705,0.06797,0.70248,-0.6748,0.69787,0.7019,275,54,18,137,60,288,124,20,250,46,25,149,187,46,9,127
1762566069.678203,2.61082,0.07119,0.63948,-0.67715,0.63063,0.66355,268,67,17,114,60,305,95,17,225,49,33,137,203,64,8,153
1762566077.973259,2.78477,0.06901,0.70989,-0.70093,0.70883,0.66512,262,46,20,127,42,269,95,22,236,34,27,122,217,53,19,141
1762566086.2715163,2.62881,0.07302,0.6849,-0.68618,0.60784,0.64988,272,47,25,113,51,256,104,16,212,46,34,116,213,59,14,131
1762566094.553042,2.7146,0.06971,0.63168,-0.7096,0.7123,0.66102,260,68,25,152,50,259,106,12,244,39,23,125,201,49,21,142
1762566102.848707,2.64763,0.07013,0.61111,-0.69499,0.72052,0.621,253,69,22,124,45,272,117,25,242,39,25,152,213,70,13,142
1762566111.1521506,2.85,0.06604,0.78505,-0.74576,0.69374,0.6643,259,39,7,123,49,306,106,11,226,41,25,139,216,61,10,136
1762566119.43799,2.72301,0.06968,0.63107,-0.71971,0.69545,0.67677,281,78,17,139,44,242,120,15,239,40,27,134,189,50,14,143
1762566127.719001,2.72593,0.06833,0.63158,-0.71806,0.66968,0.7066,273,77,21,161,48,276,114,16,218,41,32,151,217,47,13,132
1762566136.0453703,2.74421,0.07002,0.6422,-0.71125,0.74224,0.64851,246,65,13,112,52,283,120,16,225,31,23,140,202,61,10,131
1762566144.339989,2.738,0.06939,0.62198,-0.68849,0.69957,0.72796,249,58,28,120,42,271,103,27,271,38,32,125,217,36,18,126
1762566152.625591,2.85,0.0673,0.71058,-0.71628,0.7199,0.73039,255,52,15,141,42,260,109,19,210,26,31,140,187,44,11,166
1762566160.9058313,2.67204,0.07017,0.64859,-0.7047,0.61538,0.70337,267,63,18,113,52,283,98,14,228,47,38,129,211,56,10,168
1762566169.1739967,2.59279,0.07185,0.66079,-0.66297,0.60699,0.66204,258,56,21,119,55,283,92,21,232,55,35,136,235,61,12,124
1762566177.5005622,2.68508,0.07147,0.63805,-0.74478,0.6484,0.65385,228,57,21,125,41,279,97,14,214,41,36,147,218,54,18,126
1762566185.7870066,2.78573,0.067,0.70312,-0.70732,0.67672,0.69856,299,58,18,137,45,272,113,21,233,43,32,156,205,56,7,150
1762566194.0798452,2.61843,0.07145,0.64147,-0.71171,0.66525,0.6,269,70,13,111,43,274,106,21,255,48,31,138,217,68,15,115
1762566202.3739085,2.61761,0.07087,0.63636,-0.70772,0.60352,0.67,274,66,24,131,54,289,120,16,227,51,39,137,217,59,7,117
1762566210.6814709,2.60471,0.07066,0.61649,-0.68791,0.64035,0.65996,297,72,21,95,51,281,103,20,247,47,35,127,223,55,21,148
1762566218.9558742,2.54373,0.07453,0.64454,-0.67043,0.6247,0.60406,253,62,21,131,50,267,103,23,220,38,41,122,193,71,7,123
1762566227.2914834,2.76206,0.06835,0.68539,-0.66147,0.73391,0.68129,251,55,15,124,53,281,92,23,269,37,25,135,227,61,8,137
1762566235.5736804,2.77989,0.06839,0.68421,-0.71493,0.69231,0.68844,279,55,17,105,41,283,96,22,255,44,30,152,221,53,9,115
1762566243.863229,2.67975,0.07075,0.63454,-0.73333,0.66093,0.65094,262,71,20,145,39,267,110,19,227,35,34,111,227,64,10,123
1762566252.1465619,2.77984,0.06726,0.63991,-0.73191,0.68619,0.72182,255,58,25,123,47,292,115,16,262,32,43,141,216,48,10,143
1762566260.4499009,2.69838,0.06964,0.62917,-0.69528,0.72115,0.65278,261,66,23,130,51,267,128,20,236,31,27,122,197,60,15,160
1762566268.7336485,2.75803,0.06986,0.68889,-0.74624,0.67327,0.64964,264,58,12,116,45,305,101,14,204,33,33,134,212,62,10,127
1762566277.0104992,2.65705,0.07053,0.64786,-0.69658,0.63934,0.67327,258,64,14,107,54,294,103,17,253,55,33,147,205,59,7,133
1762566285.2820761,2.71228,0.06914,0.68803,-0.67873,0.69631,0.6492,270,56,17,125,51,276,95,20,254,40,30,137,231,68,9,131
1762566293.558136,2.75739,0.06885,0.64536,-0.73427,0.70288,0.67488,263,66,20,136,43,254,118,14,256,39,28,128,204,53,13,136
1762566301.8489792,2.67726,0.06969,0.60784,-0.68471,0.66443,0.72028,274,66,34,136,49,249,109,18,230,44,31,142,228,48,12,141
1762566310.1203063,2.71876,0.06881,0.68826,-0.65702,0.71002,0.66346,263,60,17,154,50,256,116,27,253,41,27,148,218,57,13,128
1762566318.4190326,2.80337,0.06626,0.72414,-0.72185,0.70539,0.65198,265,55,9,135,44,273,117,19,259,41,30,152,222,63,16,153
1762566326.7038627,2.60672,0.0728,0.63283,-0.68444,0.62768,0.66176,241,69,16,137,54,274,105,17,213,38,40,128,189,60,9,150
1762566335.0166268,2.70011,0.07012,0.64463,-0.67033,0.70476,0.68039,286,67,19,112,51,276,104,24,225,40,22,133,217,57,9,130
1762566343.306371,2.85,0.06558,0.73134,-0.7744,0.66302,0.7,267,45,18,139,34,293,116,18,254,40,37,126,206,49,14,151
1762566351.5831766,2.76358,0.06835,0.66449,-0.70339,0.71294,0.68276,259,57,20,123,52,284,118,18,240,28,33,124,225,57,12,141
1762566359.8904717,2.66651,0.07,0.58776,-0.7265,0.66071,0.69154,264,76,25,125,48,293,111,16,212,36,40,160,212,51,11,128
1762566368.1651926,2.75338,0.06746,0.71894,-0.74624,0.68172,0.60648,298,56,13,124,42,282,124,17,235,44,30,156,209,73,12,138
1762566376.4481323,2.69292,0.06991,0.62946,-0.73536,0.71236,0.61574,242,64,19,123,43,291,109,18,244,30,34,137,220,66,17,129
1762566384.743745,2.67461,0.07029,0.65545,-0.69955,0.64019,0.67943,290,70,17,128,45,254,125,22,226,42,35,125,211,56,11,140
1762566393.0402982,2.67341,0.06982,0.66079,-0.69231,0.62054,0.69977,259,57,20,118,48,292,115,26,233,42,43,130,220,54,11,148
1762566401.3159394,2.6767,0.06976,0.66825,-0.6763,0.66874,0.66341,236,53,17,116,56,321,114,28,239,44,36,164,212,55,14,129
1762566409.6146803,2.64389,0.07142,0.62474,-0.6855,0.671,0.66265,262,68,23,132,42,258,85,22,238,43,33,148,220,54,16,125
1762566417.9550247,2.85,0.06676,0.67715,-0.73302,0.74429,0.69668,269,57,20,131,41,269,101,16,235,31,25,147,205,48,16,153
1762566426.2489696,2.68784,0.06928,0.65751,-0.69462,0.67946,0.65625,269,64,17,123,58,275,119,13,242,40,31,130,217,62,15,154
1762566434.5290222,2.67731,0.06886,0.65864,-0.675,0.68288,0.66079,262,58,20,117,55,288,114,23,255,42,33,143,230,60,17,147
1762566442.8365579,2.82054,0.0658,0.64326,-0.71308,0.74588,0.71831,296,65,29,137,52,281,125,16,248,29,25,123,224,49,11,142
1762566451.1069863,2.72905,0.06872,0.66337,-0.74253,0.71245,0.61071,297,59,26,123,44,290,89,12,259,38,29,140,213,69,11,118
1762566459.3908465,2.71542,0.07016,0.66522,-0.69499,0.68692,0.66829,262,57,20,121,52,274,115,18,226,37,30,135,206,58,10,136
1762566467.7048845,2.61634,0.07327,0.66893,-0.70337,0.61839,0.62564,245,57,16,123,49,255,124,17,231,41,42,121,198,63,10,119
1762566476.0072825,2.65152,0.07218,0.64758,-0.67431,0.7156,0.61404,258,59,21,116,47,267,98,24,243,27,35,131,190,65,12,132
1762566484.2744846,2.67977,0.06962,0.65235,-0.72336,0.69027,0.61379,259,60,25,145,43,264,116,18,242,44,26,140,220,72,12,131
1762566492.562104,2.76692,0.06754,0.67391,-0.70136,0.69362,0.69803,265,55,20,120,51,281,95,15,228,36,36,170,236,58,11,152
1762566500.8463771,2.82756,0.06645,0.6908,-0.78696,0.68471,0.66509,313,63,16,119,36,296,115,13,220,43,24,138,204,54,17,149
1762566509.1437337,2.75563,0.06931,0.65501,-0.76652,0.69091,0.64319,252,62,12,103,40,282,119,13,230,39,29,142,210,62,14,140
1762566517.4260106,2.6993,0.07053,0.61098,-0.72477,0.66071,0.70283,245,62,23,107,47,283,93,13,235,33,43,137,225,51,12,136
1762566525.7106555,2.6263,0.07148,0.60088,-0.64819,0.6952,0.68203,259,68,23,106,56,232,110,17,271,31,42,135,220,54,15,145
1762566533.9939427,2.74305,0.06965,0.70259,-0.70563,0.66019,0.67464,258,53,16,137,45,296,98,23,198,43,27,144,201,58,10,149
1762566542.262358,2.62581,0.0704,0.61927,-0.66109,0.7155,0.62996,246,67,16,107,59,294,103,22,236,38,29,168,220,66,18,150
1762566550.5699108,2.69317,0.06892,0.68571,-0.71628,0.65161,0.63956,287,62,15,126,41,272,97,20,262,39,42,122,248,70,12,125
1762566558.8683815,2.63385,0.07193,0.6898,-0.66359,0.67841,0.60204,275,61,15,139,54,277,84,19,261,34,39,120,191,65,13,123
1762566567.1497996,2.77243,0.0687,0.71084,-0.68129,0.67111,0.70918,282,52,20,144,43,253,111,26,246,43,31,130,193,45,12,142
1762566575.4293797,2.73316,0.0703,0.6681,-0.71681,0.66586,0.68238,265,60,17,122,49,274,114,15,223,42,27,121,216,55,9,123
1762566583.7154818,2.6278,0.07302,0.63362,-0.66667,0.67234,0.65517,261,62,23,118,51,246,94,17,249,45,32,144,201,48,17,111
1762566592.029062,2.72774,0.06964,0.60532,-0.69358,0.70335,0.72549,259,69,20,103,50,299,110,24,235,35,27,121,198,45,11,154
1762566600.3095767,2.72297,0.07001,0.65501,-0.71843,0.67963,0.6699,239,54,20,116,50,290,125,18,233,31,39,134,227,54,14,117
1762566608.6164196,2.69383,0.0708,0.62864,-0.76389,0.66449,0.63682,249,58,25,115,37,267,114,14,239,47,30,143,205,56,17,124
1762566616.9029298,2.66791,0.07162,0.62917,-0.71628,0.71106,0.6114,254,67,22,137,45,258,111,16,235,37,27,144,197,59,16,114
1762566625.2008865,2.74044,0.06746,0.68153,-0.66061,0.72566,0.67265,273,63,12,123,57,291,120,27,260,36,26,130,231,62,11,142
1762566633.4908,2.68356,0.07026,0.63158,-0.72668,0.7012,0.6241,265,70,21,138,50,287,111,13,220,34,28,133,207,67,11,130
1762566641.7875814,2.66287,0.07018,0.67672,-0.71492,0.62771,0.64352,254,54,21,135,41,261,124,23,229,50,36,147,211,61,16,144
1762566650.0619054,2.72336,0.07118,0.67521,-0.67979,0.67568,0.69268,279,60,16,113,49,214,106,12,217,42,30,155,211,56,7,136
1762566658.3744354,2.68865,0.07083,0.65079,-0.73707,0.66197,0.63881,245,56,21,119,43,278,125,18,265,47,37,148,191,53,14,113
1762566666.6521306,2.72537,0.06789,0.62791,-0.75744,0.63248,0.70755,289,76,20,131,39,277,107,14,258,56,30,124,232,49,13,130
1762566674.9334774,2.81,0.06898,0.68288,-0.71913,0.70721,0.70079,267,64,11,131,42,262,93,16,260,37,28,119,192,47,10,132
1762566683.221053,2.53548,0.07349,0.63636,-0.64352,0.64846,0.60714,269,62,24,118,53,247,108,24,211,39,35,136,229,69,19,131
1762566691.5049334,2.80717,0.0681,0.63597,-0.7506,0.71362,0.70698,244,72,13,138,40,257,108,12,245,32,29,120,226,55,8,141
1762566699.8045943,2.77446,0.06952,0.72807,-0.71233,0.65617,0.67788,261,44,18,133,39,270,105,24,191,41,30,151,207,53,14,142
1762566708.0790045,2.72425,0.06957,0.66095,-0.72197,0.67105,0.67027,302,64,25,134,44,266,118,18,235,45,30,146,178,52,9,131
1762566716.3757806,2.78652,0.06707,0.71901,-0.73272,0.66744,0.66736,292,52,16,124,35,258,118,23,235,40,32,126,239,63,17,162
1762566724.661184,2.64753,0.07152,0.62917,-0.73684,0.63719,0.64433,254,65,24,137,43,285,111,17,243,40,40,118,198,57,12,121
1762566732.9553404,2.76546,0.06791,0.67089,-0.67511,0.73602,0.68345,267,61,17,129,63,285,112,14,241,35,24,147,220,55,11,131
1762566741.2496676,2.73736,0.06915,0.62667,-0.73799,0.72052,0.65217,251,65,19,115,39,287,111,21,243,36,28,151,195,56,16,147
1762566749.530323,2.72675,0.06971,0.69198,-0.75,0.6484,0.63636,277,58,15,124,38,281,97,16,224,35,42,137,204,61,15,138
1762566757.8340065,2.75812,0.06946,0.65929,-0.72857,0.71491,0.65534,251,61,16,124,43,260,103,14,244,39,26,147,210,58,13,131
1762566766.1593802,2.71556,0.06903,0.71608,-0.68378,0.69161,0.6241,282,46,22,129,57,286,124,20,213,33,35,160,201,60,18,136
1762566774.4462605,2.70433,0.0698,0.66812,-0.68889,0.69828,0.64904,260,60,16,122,52,263,117,18,247,40,30,147,203,64,9,140
1762566782.7409906,2.78865,0.0677,0.65,-0.73576,0.71868,0.68421,263,72,12,133,44,278,103,14,259,38,26,132,219,53,13,133
1762566791.027471,2.75787,0.06652,0.67917,-0.72784,0.7094,0.64147,296,54,23,107,49,295,124,17,247,38,30,153,237,67,16,143
1762566799.3124282,2.77813,0.06711,0.62705,-0.6822,0.7217,0.74718,263,64,27,134,53,278,119,22,232,26,33,133,244,48,8,143
1762566807.585141,2.69069,0.07031,0.67015,-0.72222,0.67273,0.62559,265,52,27,135,41,262,110,19,237,43,29,131,207,67,12,136
1762566815.8764133,2.79288,0.06794,0.6632,-0.70975,0.71967,0.70026,278,52,29,122,41,273,104,23,249,34,33,162,191,50,8,138
1762566824.1809618,2.77074,0.06966,0.65948,-0.73733,0.72018,0.65375,268,55,24,117,41,263,114,16,235,34,27,140,223,57,10,97
1762566832.486926,2.73767,0.06895,0.64434,-0.71296,0.66302,0.71734,244,59,18,112,47,254,116,15,231,43,34,149,234,51,15,167
1762566840.7980978,2.67998,0.06969,0.66667,-0.65563,0.68791,0.66977,282,58,22,118,61,257,118,17,250,45,26,134,216,57,14,143
1762566849.0678236,2.71192,0.06884,0.68421,-0.70079,0.66897,0.65796,273,52,23,127,51,323,109,25,230,39,33,133,208,55,17,141
1762566857.3640718,2.58417,0.07269,0.63347,-0.68468,0.64319,0.62283,278,72,20,132,53,265,109,17,227,41,35,123,206,65,11,121
1762566865.658498,2.72959,0.06923,0.65714,-0.66509,0.71754,0.68981,274,69,15,132,47,260,93,24,248,30,32,129,236,54,13,129
1762566873.9632485,2.80798,0.06849,0.71546,-0.72506,0.67711,0.69036,276,53,16,140,46,284,105,16,230,39,28,118,198,56,5,135
1762566882.2547991,2.72845,0.06957,0.66739,-0.72358,0.65854,0.67895,277,59,18,109,55,301,123,13,229,51,26,145,192,51,10,127
1762566890.541095,2.75749,0.06779,0.62753,-0.75664,0.69063,0.68269,279,78,14,123,32,290,107,23,234,35,36,154,218,50,16,132
1762566898.8256757,2.6923,0.07077,0.66525,-0.7243,0.65236,0.65039,254,60,19,139,41,273,96,18,231,44,37,154,191,57,11,130
1762566907.1245127,2.70519,0.07022,0.63877,-0.70213,0.69838,0.66592,248,61,21,124,45,265,95,18,228,35,30,138,219,64,11,155
1762566915.4106166,2.80342,0.06659,0.64706,-0.71304,0.70721,0.73611,286,65,22,120,43,289,105,23,255,39,26,124,222,46,11,153
1762566923.7075863,2.61966,0.07014,0.63281,-0.6689,0.59667,0.72127,286,69,25,132,51,280,93,23,235,62,35,149,217,44,13,135
1762566932.0160353,2.74488,0.06934,0.69915,-0.72558,0.68807,0.63208,292,53,18,109,46,257,114,13,235,38,30,133,207,69,9,139
1762566940.2998867,2.5908,0.0725,0.60954,-0.6714,0.64235,0.66751,255,71,19,116,50,294,118,31,233,40,36,116,188,52,14,143
1762566948.5999844,2.55183,0.07248,0.6269,-0.67338,0.61475,0.6368,257,59,27,118,49,266,108,24,247,52,42,147,196,64,11,142
1762566956.946126,2.82281,0.06658,0.7037,-0.71754,0.70337,0.6982,266,53,19,148,49,281,96,13,254,30,36,125,232,59,8,145
1762566965.245842,2.7229,0.0708,0.66094,-0.69976,0.70283,0.65937,272,64,15,115,34,254,97,28,229,35,28,132,206,56,14,135
1762566973.5324066,2.6756,0.07158,0.63399,-0.74134,0.66297,0.63731,252,72,12,123,39,267,110,17,240,39,37,135,194,57,13,122
1762566981.8340056,2.67966,0.07054,0.6822,-0.66297,0.69058,0.6439,278,58,17,119,58,252,123,18,261,42,27,116,184,64,9,153
1762566990.1249752,2.70789,0.069,0.68067,-0.67304,0.72124,0.63294,265,62,14,135,54,280,114,23,250,38,25,139,195,69,9,152
1762566998.444743,2.71248,0.07004,0.62947,-0.74224,0.67982,0.66093,276,62,26,111,44,248,117,10,257,37,36,126,206,55,14,132
1762567006.7453852,2.64175,0.07071,0.61638,-0.66816,0.65766,0.69955,266,62,27,109,55,271,101,19,232,41,35,136,235,56,11,144
1762567015.0290923,2.62268,0.07239,0.61247,-0.73034,0.6351,0.64477,249,62,25,113,41,287,98,19,221,49,30,133,214,58,15,124
1762567023.3184156,2.67837,0.06932,0.60996,-0.70143,0.70406,0.66292,252,82,12,136,49,301,115,24,227,32,30,130,232,55,20,138
1762567031.61018,2.7253,0.06859,0.67364,-0.69136,0.65197,0.70833,275,61,17,125,56,318,93,19,232,29,46,124,229,53,10,140
1762567039.8943992,2.73657,0.06871,0.6805,-0.71239,0.68707,0.65661,287,59,18,118,47,289,98,18,239,44,25,133,218,54,20,139
1762567048.2008088,2.83343,0.06674,0.71915,-0.71041,0.72646,0.67742,268,48,18,136,47,275,103,17,253,30,31,132,215,56,14,149
1762567056.4824085,2.75244,0.0681,0.66733,-0.72912,0.68233,0.67366,275,67,16,141,50,274,109,10,252,36,35,124,211,49,21,148
1762567064.7996392,2.63162,0.07126,0.67835,-0.67606,0.66147,0.61574,274,52,26,133,45,262,95,24,226,39,37,147,221,63,20,128
1762567073.1456106,2.76269,0.06798,0.68619,-0.71631,0.72632,0.63387,277,56,19,126,42,253,110,18,262,43,22,148,210,66,14,147
1762567081.4310606,2.7374,0.06879,0.63596,-0.71674,0.6492,0.7355,239,63,20,134,43,291,109,23,219,44,33,143,258,48,9,116
1762567089.741811,2.71555,0.06904,0.61506,-0.71749,0.73707,0.64593,266,73,19,120,45,291,92,18,254,30,31,149,205,57,17,139
1762567098.0263178,2.72818,0.07018,0.70312,-0.73561,0.68523,0.60422,309,53,23,127,44,284,123,18,220,30,35,128,175,61,14,129
1762567106.3035045,2.69912,0.0707,0.6777,-0.73626,0.63551,0.64964,257,57,16,123,36,283,112,24,221,41,37,129,210,57,15,129
1762567114.59148,2.77088,0.06815,0.724,-0.71116,0.6971,0.63861,304,57,12,127,51,289,102,15,248,39,29,133,202,59,14,129
1762567122.913576,2.71434,0.06822,0.69264,-0.68737,0.64407,0.69027,264,50,21,127,53,280,114,20,231,42,42,157,232,61,9,150
1762567131.2138498,2.82036,0.06725,0.68487,-0.77878,0.6644,0.69231,276,61,14,125,33,271,123,16,233,39,35,134,215,48,16,137
1762567139.5012534,2.68319,0.06995,0.64848,-0.72199,0.61321,0.69951,272,63,24,136,50,303,112,17,214,44,38,128,213,48,13,132
1762567147.8177996,2.67519,0.0707,0.63598,-0.71631,0.73451,0.58838,274,72,15,117,49,251,112,11,223,26,34,169,213,66,19,115
1762567156.1027853,2.7039,0.07049,0.64579,-0.7069,0.68868,0.66253,265,61,21,116,52,293,103,16,244,35,31,114,203,59,9,132
1762567164.3710217,2.81632,0.06814,0.74948,-0.72365,0.68618,0.657,278,43,17,141,39,263,105,20,242,39,28,118,204,61,10,139
1762567172.6522028,2.80112,0.06763,0.69672,-0.71681,0.70642,0.68116,276,53,21,138,39,272,116,25,218,37,27,154,221,56,10,127
1762567180.9239464,2.75194,0.06921,0.62105,-0.71366,0.72973,0.6875,269,66,24,116,45,274,115,20,218,32,23,134,205,57,8,146
1762567189.2138326,2.72376,0.06935,0.72689,-0.66087,0.69167,0.64433,286,47,18,125,50,267,115,28,261,40,34,145,186,61,8,133
1762567197.5500276,2.72739,0.06919,0.62667,-0.7221,0.69298,0.68565,253,61,23,113,49,266,112,12,250,31,39,136,219,58,11,151
1762567205.8640358,2.56923,0.07294,0.61693,-0.67517,0.64629,0.63084,251,65,21,112,56,259,102,14,244,42,39,133,226,65,14,123
1762567214.1450984,2.65345,0.07121,0.63825,-0.712,0.62963,0.67356,259,65,22,135,54,295,133,18,196,37,33,112,213,63,8,151
1762567222.4560373,2.71587,0.06857,0.62791,-0.69882,0.70732,0.68182,291,71,25,129,45,273,88,19,237,34,32,148,236,57,13,134
1762567230.753943,2.85,0.0655,0.63485,-0.77263,0.74118,0.75532,262,66,22,132,35,298,123,19,231,35,20,139,183,40,6,147
1762567239.0463223,2.70954,0.07038,0.67347,-0.69643,0.7122,0.62745,278,60,20,132,52,276,104,16,236,37,22,115,200,63,13,132
1762567247.3625412,2.73529,0.06887,0.67672,-0.69401,0.66222,0.70233,270,59,16,119,48,278,104,21,224,42,34,150,220,50,14,146
1762567255.6556828,2.64383,0.07038,0.63482,-0.69835,0.70698,0.60369,271,68,18,114,49,290,121,24,237,33,30,130,189,73,13,159
1762567263.9795825,2.7616,0.0689,0.72689,-0.66592,0.69365,0.67513,289,51,14,122,51,279,95,24,251,43,27,136,195,50,14,135
1762567272.2827702,2.80614,0.06854,0.63855,-0.78667,0.68039,0.70053,279,73,17,129,36,274,128,12,231,33,33,116,194,44,12,124
1762567280.5929558,2.78129,0.06891,0.72489,-0.78158,0.66443,0.61039,270,44,19,125,29,308,108,22,240,37,38,132,187,63,12,123
1762567288.867258,2.7937,0.06952,0.64423,-0.75599,0.73272,0.66076,236,57,17,106,40,282,121,16,246,33,25,130,212,54,13,116
1762567297.158005,2.74558,0.06977,0.70982,-0.7234,0.65482,0.65753,266,48,17,117,53,287,118,12,214,38,30,112,231,58,17,132
1762567305.4490144,2.67069,0.0712,0.66239,-0.69608,0.62264,0.68958,279,66,13,110,45,250,96,17,223,53,27,121,250,57,13,131
1762567313.7471702,2.80032,0.06715,0.66393,-0.69912,0.7217,0.71558,269,67,15,137,43,279,105,25,234,31,28,131,227,51,12,153
1762567322.0410016,2.79827,0.0677,0.70825,-0.68514,0.74272,0.66216,301,52,17,103,54,276,104,17,232,28,25,127,230,57,18,139
1762567330.3261583,2.67057,0.07125,0.69021,-0.64138,0.70952,0.62946,259,51,17,112,49,237,120,29,240,30,31,119,205,67,16,160
1762567338.622692,2.84306,0.06661,0.64777,-0.73951,0.76238,0.6934,269,65,22,138,39,290,104,20,221,32,16,135,222,50,15,137
1762567346.9220955,2.83826,0.06744,0.68644,-0.7797,0.68765,0.68448,283,65,9,115,34,282,130,17,226,36,31,136,195,51,11,136
1762567355.235971,2.63313,0.07278,0.64835,-0.64192,0.67619,0.66667,258,61,19,117,59,280,96,23,238,36,32,114,181,45,19,139
1762567363.520809,2.80843,0.06726,0.73246,-0.71034,0.68996,0.67568,269,45,16,126,44,267,105,19,249,34,37,138,227,64,8,145
1762567371.7965374,2.70074,0.06894,0.63968,-0.7149,0.68889,0.65728,299,59,30,106,49,288,109,17,245,40,30,135,210,58,15,143
1762567380.1055405,2.67314,0.0705,0.64055,-0.7045,0.69507,0.63303,223,62,16,133,51,277,121,18,239,37,31,139,225,66,14,131
1762567388.3839571,2.65354,0.07097,0.65618,-0.68928,0.64988,0.6582,271,66,16,124,44,271,115,27,215,40,33,129,209,59,15,150
1762567396.680043,2.85,0.06663,0.6625,-0.76606,0.69196,0.73367,260,59,22,139,33,271,114,18,247,41,28,132,219,40,13,126
1762567404.973589,2.67489,0.0699,0.62393,-0.72558,0.67832,0.64706,266,62,26,114,37,275,96,22,232,37,32,128,228,67,17,164
1762567413.275616,2.78349,0.06695,0.71894,-0.72824,0.66887,0.66744,289,51,18,133,46,291,116,18,228,45,30,150,236,58,14,125
1762567421.5791805,2.68359,0.07133,0.64729,-0.69193,0.68707,0.65729,272,68,20,139,46,255,91,17,241,39,30,131,193,57,10,131
1762567429.8559046,2.73806,0.06895,0.60987,-0.71493,0.73362,0.67963,242,65,22,117,43,283,96,20,250,29,32,147,220,58,12,147
1762567438.1771045,2.85,0.06667,0.74771,-0.71096,0.7819,0.67254,267,42,13,114,41,264,103,21,236,29,18,148,202,53,12,130
1762567446.4620235,2.65341,0.0712,0.65323,-0.6882,0.67517,0.63682,284,66,20,126,42,269,110,28,223,36,34,138,199,61,12,130
1762567454.7491937,2.74942,0.0676,0.67355,-0.69231,0.68161,0.70194,271,65,14,134,58,267,118,12,244,46,25,131,240,57,12,154
1762567463.0507605,2.70663,0.06923,0.57853,-0.74419,0.68298,0.70093,272,85,21,125,42,272,103,13,241,36,32,120,228,51,13,136
1762567471.3572197,2.75306,0.06839,0.68553,-0.69937,0.66741,0.70075,275,61,14,127,46,290,117,26,257,47,28,119,212,51,9,129
1762567479.6574037,2.76926,0.06706,0.66148,-0.73474,0.71101,0.66204,297,66,21,130,46,298,114,17,238,30,33,135,216,65,8,143
1762567487.9455824,2.85,0.06624,0.65079,-0.77427,0.75417,0.68345,265,55,22,99,35,286,107,15,267,30,29,154,228,56,10,123
1762567496.234471,2.70008,0.07076,0.63516,-0.68374,0.70629,0.67488,260,60,23,112,51,274,104,20,254,35,28,112,200,52,14,140
1762567504.5105298,2.76389,0.06748,0.69439,-0.6681,0.73392,0.66747,307,55,24,131,53,271,116,24,249,29,31,142,217,55,14,129
1762567512.800475,2.65568,0.07216,0.65714,-0.71179,0.61929,0.66746,258,63,15,119,45,274,118,21,191,38,37,128,208,58,12,143
1762567521.0872185,2.74694,0.06916,0.67949,-0.7226,0.6492,0.69565,261,52,23,132,44,280,105,18,231,44,33,131,212,47,16,139
1762567529.3787131,2.67931,0.07125,0.629,-0.70601,0.65358,0.69072,260,64,23,122,49,282,101,17,216,45,30,142,207,52,8,121
1762567537.678291,2.67035,0.07152,0.67647,-0.67797,0.67397,0.64194,263,64,13,136,59,275,121,17,219,41,26,125,201,64,6,120
1762567545.9699514,2.65392,0.07179,0.71681,-0.6815,0.61969,0.63592,264,54,10,124,52,261,98,16,232,53,32,130,206,61,14,131
1762567554.2546008,2.63555,0.06997,0.61811,-0.69378,0.6898,0.63387,271,75,22,140,45,263,91,19,259,50,26,155,222,70,10,135
1762567562.573243,2.79137,0.0681,0.71233,-0.74522,0.65533,0.67849,246,49,14,129,46,300,111,14,230,43,33,135,207,55,13,148
1762567570.8517885,2.78427,0.06905,0.64126,-0.70419,0.74,0.69882,248,63,17,118,48,273,113,19,234,26,26,114,222,54,10,139
1762567579.1581392,2.82074,0.06797,0.73617,-0.73933,0.61593,0.72932,268,44,18,140,40,280,107,18,223,47,35,122,209,45,9,136
1762567587.4559631,2.52651,0.0722,0.60944,-0.63136,0.64026,0.64545,242,70,21,133,59,275,110,28,247,54,30,136,222,66,12,140
1762567595.7488883,2.70572,0.0688,0.60417,-0.73913,0.70163,0.66079,265,69,26,120,35,276,124,25,240,27,37,125,235,67,10,142
1762567604.0584047,2.75702,0.06887,0.66087,-0.72811,0.64967,0.71838,249,58,20,133,40,267,108,19,270,50,29,102,215,52,7,145
1762567612.3621535,2.73257,0.06804,0.60649,-0.66383,0.74661,0.71564,270,79,18,126,61,284,107,18,251,39,17,135,219,50,10,143
1762567620.6841702,2.82285,0.06713,0.67382,-0.75877,0.68203,0.70824,264,52,24,126,39,280,121,16,247,44,25,118,223,52,10,140
1762567628.9905446,2.8028,0.06801,0.62697,-0.71028,0.75681,0.70874,237,62,21,125,49,259,107,13,260,33,25,159,210,47,13,142
1762567637.2630906,2.74436,0.06784,0.68337,-0.77253,0.64494,0.64352,287,46,33,133,32,292,121,21,238,30,49,128,214,66,11,141
1762567645.5443826,2.75044,0.06926,0.68288,-0.65517,0.72082,0.69157,284,62,13,114,49,260,100,26,231,39,22,145,227,57,7,124
1762567653.8555303,2.72265,0.06966,0.69604,-0.68261,0.68142,0.66259,275,56,13,110,52,269,118,21,244,41,31,136,197,49,20,143
1762567662.166078,2.67856,0.07063,0.65079,-0.70753,0.67873,0.64151,259,66,11,105,52,282,115,16,248,38,33,123,213,63,13,135
1762567670.445197,2.83518,0.0656,0.66667,-0.71861,0.73362,0.71628,290,59,24,125,48,286,111,17,255,37,24,142,208,49,12,161
1762567678.7329235,2.72169,0.06939,0.70842,-0.67431,0.66013,0.67883,282,53,18,134,48,272,93,23,254,44,34,127,203,56,10,142
1762567687.0272088,2.82103,0.06706,0.65217,-0.7561,0.7066,0.70616,273,62,26,145,41,286,110,14,208,33,27,141,223,46,16,137
1762567695.3178003,2.59544,0.07372,0.64198,-0.71818,0.63636,0.59892,259,58,29,140,45,274,104,17,226,40,38,125,194,59,15,101
1762567703.6098816,2.72069,0.06977,0.65801,-0.76596,0.64172,0.655,255,60,19,128,36,299,116,19,229,40,39,133,193,61,8,138
1762567711.890151,2.69246,0.06999,0.6875,-0.68837,0.69333,0.62326,267,54,21,138,38,261,102,29,246,41,28,135,205,71,10,144
1762567720.182473,2.69393,0.07181,0.65138,-0.72549,0.64126,0.67581,235,56,20,125,45,255,97,11,214,44,36,152,218,54,11,118
1762567728.4722948,2.85,0.06525,0.7461,-0.6681,0.76264,0.68791,259,50,7,133,56,269,118,21,253,37,17,148,241,58,13,143
1762567736.7659085,2.75,0.06881,0.67411,-0.68924,0.67822,0.70843,245,58,15,130,58,317,107,20,216,37,28,123,232,54,10,143
1762567745.0380533,2.76863,0.06804,0.70065,-0.65885,0.74091,0.66822,271,53,16,121,50,292,97,30,246,40,17,137,207,62,9,150
1762567753.3347003,2.7719,0.06829,0.6338,-0.6764,0.7277,0.73399,278,71,20,128,50,280,93,22,243,33,25,125,201,40,14,151
1762567761.6200237,2.73328,0.06917,0.64114,-0.71868,0.62719,0.74627,258,64,18,117,43,292,99,21,255,53,32,116,217,38,13,134
1762567769.927342,2.67121,0.07065,0.67984,-0.68879,0.64602,0.65657,270,61,20,155,48,282,87,20,225,48,32,147,184,51,17,144
1762567778.217056,2.74599,0.0701,0.65532,-0.73102,0.70952,0.65013,273,63,18,116,48,273,126,14,226,35,26,133,191,56,11,125
1762567786.4934015,2.77506,0.06726,0.70485,-0.713,0.69762,0.65957,313,56,20,126,46,270,112,18,248,31,39,145,198,59,13,153
1762567794.780835,2.63764,0.073,0.67296,-0.67206,0.64651,0.64611,273,56,22,126,49,253,109,22,229,36,40,125,190,56,10,117
1762567803.0746183,2.74569,0.06984,0.69583,-0.70175,0.71694,0.63117,276,60,13,131,45,276,112,23,247,37,24,123,199,52,19,115
1762567811.374954,2.68639,0.06939,0.61783,-0.71121,0.72577,0.63158,253,69,21,128,45,295,102,22,227,35,23,138,243,73,11,129
1762567819.6557908,2.69757,0.06964,0.66739,-0.66004,0.68958,0.68056,263,61,16,123,52,262,114,25,238,37,33,143,216,54,15,147
1762567827.9564888,2.74238,0.06839,0.64854,-0.70021,0.68941,0.70423,272,57,27,122,58,310,104,15,226,38,28,133,220,53,10,143
1762567836.2540836,2.73389,0.06901,0.65323,-0.73585,0.64896,0.69585,284,62,24,126,41,262,106,15,236,43,33,121,217,56,10,151
1762567844.5335119,2.7631,0.0681,0.71484,-0.70892,0.67111,0.66822,309,55,18,130,37,270,94,25,247,39,35,129,211,61,10,146
1762567852.8366961,2.81423,0.06756,0.70241,-0.71548,0.72477,0.67157,248,48,20,141,50,270,140,18,249,38,22,127,221,52,15,120
1762567861.1171806,2.68554,0.0691,0.64609,-0.6849,0.6871,0.66745,295,68,18,105,51,275,110,21,245,48,26,154,226,56,15,130
1762567869.4169052,2.61806,0.07048,0.62764,-0.70354,0.59276,0.69412,302,77,20,122,48,279,106,19,232,46,44,120,227,52,13,133
1762567877.7008488,2.69817,0.06896,0.65678,-0.70265,0.69194,0.6468,279,72,9,112,48,307,111,25,223,42,23,134,234,64,16,139
1762567886.002507,2.75021,0.069,0.65548,-0.79325,0.64352,0.65796,257,61,16,113,35,305,120,14,221,41,36,134,227,58,14,122
1762567894.3157148,2.63718,0.07154,0.60435,-0.70968,0.71101,0.61215,256,73,18,113,44,273,98,19,233,35,28,140,212,65,18,133
1762567902.6203873,2.70703,0.07007,0.67024,-0.7235,0.61187,0.70142,276,70,7,114,38,257,117,22,208,48,37,145,210,52,11,149
1762567910.9076042,2.82852,0.06764,0.71236,-0.6809,0.73815,0.69712,249,48,16,132,47,275,99,24,253,37,21,132,199,52,11,154
1762567919.1968653,2.68511,0.07104,0.64396,-0.70168,0.65,0.68947,244,61,20,130,51,297,108,20,228,46,31,135,193,46,13,128
1762567927.4796996,2.68288,0.07197,0.65393,-0.73272,0.65986,0.63636,256,62,15,112,39,281,95,19,231,40,35,135,179,62,8,136
1762567935.783883,2.68786,0.07039,0.64574,-0.70996,0.70046,0.6317,261,61,18,106,45,285,110,22,232,35,30,137,204,62,17,146
1762567944.0532224,2.68212,0.0699,0.63103,-0.68511,0.63765,0.72834,263,74,14,126,50,289,107,24,229,34,43,119,240,51,7,129
1762567952.316097,2.62961,0.06987,0.68399,-0.71784,0.61886,0.60891,260,58,18,145,51,300,114,17,249,55,42,163,195,61,18,130
1762567960.6154609,2.63017,0.07163,0.64545,-0.64384,0.66741,0.67347,244,58,20,118,67,249,111,11,226,35,40,150,231,54,18,138
1762567968.9147804,2.75638,0.06793,0.66599,-0.71915,0.6875,0.68374,291,66,16,118,45,283,121,21,237,41,24,114,218,55,16,160
1762567977.2372255,2.7686,0.06784,0.63596,-0.72973,0.66594,0.73696,248,64,19,125,43,279,105,17,246,50,27,138,239,48,10,144
1762567985.5278537,2.85,0.06419,0.70539,-0.76344,0.71366,0.7519,296,49,22,115,37,311,99,18,247,35,30,142,216,41,8,130
1762567993.8122518,2.75296,0.06843,0.68017,-0.73363,0.70323,0.63593,257,60,15,137,44,283,101,15,245,29,40,151,209,56,21,137
1762568002.1132193,2.74612,0.06783,0.73742,-0.6747,0.70901,0.625,255,43,17,142,56,287,130,25,234,28,35,136,221,71,13,143
1762568010.399159,2.56549,0.07521,0.63883,-0.61611,0.67568,0.63488,242,59,21,121,60,246,95,21,236,34,38,136,178,49,18,122
1762568018.676266,2.75634,0.06933,0.6822,-0.71163,0.64055,0.72195,279,61,14,118,45,264,104,17,227,41,37,129,221,50,7,132
1762568026.9712734,2.73147,0.0696,0.66329,-0.72912,0.6809,0.65816,273,69,14,137,45,285,98,15,234,32,39,140,200,55,12,125
1762568035.2593129,2.69162,0.07046,0.62963,-0.73543,0.67024,0.65632,248,63,17,104,46,273,114,13,249,46,31,141,218,60,12,129
1762568043.534902,2.81058,0.06695,0.67811,-0.79111,0.63404,0.70732,277,51,24,114,31,294,109,16,268,54,32,116,204,49,11,146
1762568051.8177993,2.60659,0.07307,0.62208,-0.61201,0.67568,0.69682,257,70,19,125,56,244,105,28,215,34,32,126,226,53,9,121
1762568060.092558,2.74531,0.06899,0.66234,-0.75163,0.67462,0.65672,254,59,19,130,33,294,108,24,243,39,36,143,203,54,15,130
1762568068.3836176,2.70317,0.06967,0.68958,-0.73333,0.62393,0.65632,269,53,17,112,40,286,104,20,242,46,42,138,187,57,15,160
1762568076.6541848,2.70049,0.07017,0.64172,-0.67431,0.67857,0.70588,239,52,27,123,48,262,103,23,240,41,31,136,231,46,19,146
1762568084.949449,2.64364,0.07085,0.70459,-0.67213,0.63834,0.62857,295,55,19,132,52,265,92,18,239,46,37,137,211,62,16,131
1762568093.2586641,2.76702,0.06859,0.69298,-0.69124,0.65158,0.73121,257,49,21,129,50,274,93,17,237,40,37,128,224,50,9,156
1762568101.5405035,2.6784,0.06842,0.65254,-0.7,0.70085,0.625,260,61,21,130,52,277,114,17,263,46,24,135,243,71,19,147
1762568109.841261,2.62964,0.07135,0.63821,-0.72566,0.62801,0.63776,278,67,22,125,35,275,115,27,245,45,40,127,197,63,8,124
1762568118.1510127,2.71758,0.06939,0.66173,-0.74194,0.64889,0.66502,279,61,19,114,44,283,122,16,243,49,30,128,209,58,10,129
1762568126.4169922,2.74499,0.06817,0.65474,-0.76395,0.67841,0.64789,266,65,17,127,38,295,116,17,259,37,36,122,227,60,15,124
1762568134.7059894,2.64999,0.07019,0.64835,-0.71908,0.66307,0.61949,232,63,17,143,46,283,127,21,248,41,37,137,199,69,13,150
1762568142.9878347,2.82553,0.06618,0.66186,-0.73913,0.72786,0.69668,285,61,21,118,44,292,108,16,258,33,30,142,207,50,14,151
1762568151.268354,2.72267,0.06913,0.66987,-0.69626,0.6891,0.66745,303,69,17,132,49,270,93,16,221,34,33,143,221,58,13,135
1762568159.5505605,2.63367,0.07111,0.62451,-0.68246,0.6875,0.6392,288,77,18,123,47,255,100,20,227,34,31,124,206,66,15,162
1762568167.8382075,2.82203,0.06755,0.63755,-0.78469,0.69462,0.70516,260,68,15,115,34,269,104,11,268,36,35,126,218,48,12,129
1762568176.1327708,2.77909,0.06787,0.65368,-0.69136,0.72603,0.70803,263,60,20,119,58,305,106,17,246,30,30,132,220,49,11,131
1762568184.4229858,2.78449,0.06821,0.66529,-0.72286,0.70766,0.68868,272,63,18,131,37,267,106,23,216,37,26,152,208,53,13,150
1762568192.7196276,2.84312,0.06603,0.68182,-0.72489,0.7254,0.71101,268,58,19,139,40,271,124,23,244,36,24,133,212,54,9,161
1762568201.0144114,2.64824,0.07197,0.61006,-0.70302,0.65179,0.68338,278,70,23,106,48,262,105,16,247,39,39,123,199,54,6,120
1762568209.3261962,2.62396,0.07134,0.62821,-0.68584,0.63169,0.67822,260,64,23,121,59,283,98,12,247,49,37,134,194,58,7,145
1762568217.645106,2.71143,0.06967,0.68807,-0.63169,0.70698,0.68468,250,52,16,118,63,282,99,23,252,26,37,115,226,61,9,148
1762568225.9495225,2.70896,0.06924,0.70065,-0.69697,0.67078,0.64055,266,53,16,126,45,261,103,20,256,39,41,150,227,64,14,129
1762568234.218334,2.76582,0.06941,0.69723,-0.71712,0.66197,0.6895,257,55,16,141,40,252,94,17,216,46,26,138,217,52,16,153
1762568242.4995482,2.70544,0.07053,0.70419,-0.68465,0.60952,0.70707,274,56,11,112,57,287,119,19,201,45,37,137,206,51,7,132
1762568250.8079169,2.73493,0.06933,0.67579,-0.6887,0.66495,0.70549,284,54,23,114,51,282,114,22,208,30,35,115,223,58,9,165
1762568259.124238,2.77493,0.06792,0.67865,-0.71242,0.69265,0.69121,278,59,17,119,46,276,117,20,241,43,26,139,216,54,11,140
1762568267.409016,2.81641,0.06701,0.67171,-0.70337,0.73448,0.70686,257,59,17,130,43,278,101,23,242,39,23,163,229,52,10,132
1762568275.699275,2.72067,0.06954,0.69196,-0.64557,0.70667,0.67647,267,58,11,112,60,292,98,24,239,42,24,145,198,54,12,144
1762568283.995139,2.66498,0.07018,0.57082,-0.74009,0.73636,0.61772,253,77,23,113,46,285,110,13,261,33,25,121,202,72,10,145
1762568292.2815337,2.61862,0.0728,0.62439,-0.69462,0.65675,0.64286,242,61,16,91,53,290,104,18,240,40,35,122,213,60,15,132
1762568300.588517,2.80204,0.06783,0.68996,-0.72185,0.74403,0.64619,263,56,15,124,50,276,114,13,257,30,29,145,214,57,15,121
1762568308.8979428,2.85,0.06611,0.72819,-0.68233,0.75058,0.70264,281,50,17,145,44,257,119,27,242,32,22,137,207,52,10,148
1762568317.1808515,2.52761,0.0718,0.56957,-0.66472,0.61693,0.6764,234,76,23,127,59,302,125,27,239,48,38,124,222,62,10,151
1762568325.4570262,2.69562,0.06911,0.58058,-0.74831,0.69053,0.67619,280,86,22,127,39,288,101,17,235,41,26,131,221,54,14,131
1762568333.7802544,2.71794,0.07026,0.67647,-0.70455,0.67111,0.66581,252,59,18,147,47,260,115,18,237,39,35,139,199,52,13,125
1762568342.0629601,2.78252,0.06812,0.69476,-0.71619,0.69555,0.67603,269,54,13,103,40,298,89,24,228,35,30,134,231,64,11,157
1762568350.3638735,2.7719,0.06758,0.64898,-0.70455,0.69027,0.72811,276,70,16,128,49,267,108,16,231,42,28,151,224,49,10,151
1762568358.6472123,2.60486,0.07161,0.68182,-0.693,0.59529,0.63474,291,58,19,116,44,276,99,24,212,59,27,127,227,67,15,140
1762568366.9297493,2.74527,0.06828,0.67647,-0.70337,0.70576,0.65967,259,57,20,140,47,267,112,19,251,42,27,149,229,63,10,127
1762568375.2227862,2.71817,0.07026,0.6453,-0.7217,0.678,0.67317,257,68,15,128,45,262,103,14,219,48,23,151,207,50,17,136
1762568383.5063787,2.67935,0.0688,0.58996,-0.6722,0.6971,0.72009,263,74,24,117,50,279,124,29,252,34,34,129,233,50,12,148
1762568391.8229818,2.77021,0.06903,0.63789,-0.69462,0.70098,0.73671,262,66,20,127,52,268,126,19,222,28,33,125,213,37,15,130
1762568400.1295564,2.85,0.06782,0.73836,-0.7305,0.68238,0.73067,260,38,21,132,35,260,106,22,207,33,31,132,214,48,6,133
1762568408.4425461,2.62866,0.07124,0.63248,-0.70975,0.69752,0.58891,267,68,18,115,49,271,106,15,242,44,23,134,195,70,19,149
1762568416.7289994,2.7249,0.06878,0.6681,-0.72385,0.67257,0.66038,274,53,24,113,53,303,109,13,231,39,35,147,211,57,15,141
1762568425.0236537,2.69482,0.07053,0.6849,-0.6849,0.65753,0.66748,275,55,17,110,55,268,117,17,234,42,33,129,198,55,13,143
1762568433.328479,2.66501,0.07115,0.62609,-0.67089,0.72936,0.63868,255,65,21,119,58,292,104,20,259,23,36,118,192,58,13,130
1762568441.6255448,2.66689,0.07164,0.65217,-0.68276,0.64569,0.68627,270,58,22,110,51,267,99,18,221,45,31,132,220,56,8,124
1762568449.923022,2.74063,0.06732,0.67689,-0.68067,0.72632,0.65675,286,66,13,124,57,289,111,19,247,38,27,163,222,62,13,140
1762568458.2350647,2.79115,0.06823,0.69262,-0.76939,0.63683,0.69231,293,58,17,120,42,314,108,13,199,36,35,121,216,56,10,147
1762568466.5492907,2.80839,0.06947,0.69432,-0.72113,0.70707,0.68586,270,49,21,118,49,279,116,15,204,30,28,134,187,48,12,135
1762568474.8414166,2.63909,0.07021,0.64454,-0.67932,0.67171,0.64352,270,67,16,114,57,287,111,19,226,38,38,161,213,60,17,142
1762568483.1342416,2.80515,0.06788,0.66932,-0.72662,0.67711,0.7321,296,62,21,123,41,264,96,16,222,35,32,126,237,49,9,138
1762568491.4018528,2.73621,0.06894,0.66154,-0.71368,0.67727,0.68372,275,63,14,103,49,289,112,18,239,41,30,130,213,60,8,149
1762568499.709115,2.64985,0.07038,0.67373,-0.68644,0.61991,0.66977,276,59,18,119,56,272,126,18,229,44,40,129,215,54,17,144
1762568507.9863691,2.75346,0.06954,0.71631,-0.72494,0.65639,0.65581,254,42,18,109,38,258,112,21,238,52,26,138,222,61,13,134
1762568516.3155463,2.73633,0.07089,0.66738,-0.69194,0.69555,0.68146,270,57,21,121,48,262,95,17,234,31,34,128,187,49,12,135
1762568524.597481,2.70589,0.07111,0.64286,-0.70156,0.72912,0.63235,241,59,16,104,51,265,117,16,232,33,27,151,191,66,9,142
1762568532.8977017,2.72662,0.06909,0.65618,-0.6967,0.70629,0.66744,267,58,24,128,50,284,102,19,237,39,24,129,226,60,12,135
1762568541.1925967,2.85,0.06531,0.65895,-0.73895,0.74624,0.72482,270,66,15,124,38,304,109,24,281,35,24,125,215,46,10,136
1762568549.4622998,2.75061,0.06965,0.70709,-0.71628,0.70044,0.62679,267,42,22,106,42,261,108,19,239,31,37,147,194,59,19,146
1762568557.7521482,2.73374,0.06842,0.66061,-0.72748,0.65801,0.68765,274,64,20,137,42,265,109,17,258,44,35,125,230,52,15,132
1762568566.0412369,2.76558,0.06798,0.70683,-0.69869,0.62385,0.73621,294,61,12,131,50,273,116,19,236,40,42,118,213,47,8,149
1762568574.3403146,2.85,0.06578,0.68443,-0.72398,0.73333,0.70892,281,67,10,130,35,266,115,26,265,31,31,138,204,53,9,160
1762568582.6170702,2.70065,0.07012,0.68352,-0.69427,0.65057,0.67229,264,49,23,119,54,298,101,18,232,40,36,127,218,57,11,129
1762568590.9159844,2.81925,0.06812,0.69794,-0.72018,0.71494,0.68618,249,50,16,122,41,262,113,20,230,39,23,143,224,59,8,136
1762568599.2040107,2.72924,0.06976,0.63956,-0.70337,0.71167,0.67464,230,64,18,143,49,273,106,17,230,48,15,144,220,52,16,130
1762568607.4836276,2.74806,0.06859,0.68053,-0.67184,0.70721,0.68849,260,56,17,124,50,267,110,24,232,32,33,147,238,55,14,136
1762568615.7866473,2.7,0.07024,0.65138,-0.68941,0.64562,0.71359,238,58,18,122,48,268,91,18,245,54,33,159,218,46,13,135
1762568624.0733068,2.71947,0.06798,0.61411,-0.70894,0.67811,0.71831,261,73,20,128,42,292,119,28,252,43,32,139,196,45,15,170
1762568632.3682952,2.85,0.06765,0.68636,-0.74477,0.71362,0.70909,263,55,14,108,45,308,109,16,238,37,24,127,192,49,7,137
1762568640.6782086,2.74972,0.06857,0.6318,-0.67965,0.71363,0.72464,284,71,17,106,51,273,115,23,245,30,32,126,225,49,8,132
1762568648.967054,2.62506,0.07104,0.61039,-0.69002,0.68958,0.63507,249,70,20,123,59,294,104,14,241,40,30,140,216,63,14,129
1762568657.236266,2.72886,0.06961,0.73246,-0.63431,0.68989,0.67221,262,46,15,133,52,255,107,29,242,36,33,134,234,61,8,118
1762568665.5438015,2.66304,0.07072,0.66733,-0.6822,0.66133,0.65217,266,63,20,150,55,284,113,20,236,38,36,127,192,55,13,131
1762568673.836146,2.7687,0.06814,0.6867,-0.68399,0.72512,0.6729,276,54,19,117,51,310,95,25,224,35,23,140,206,59,11,152
1762568682.1224859,2.65278,0.07099,0.63596,-0.67373,0.69091,0.65217,266,64,19,107,50,268,127,27,237,38,30,135,197,58,14,145
1762568690.4176502,2.70533,0.06964,0.62656,-0.70982,0.70698,0.66197,263,68,22,129,42,280,103,23,236,37,26,131,229,56,16,125
1762568698.7154768,2.82205,0.0666,0.66452,-0.725,0.71759,0.71494,261,58,20,126,45,307,107,21,239,37,24,132,216,56,6,157
1762568707.0200458,2.7588,0.06836,0.71429,-0.7415,0.71362,0.5894,265,45,21,131,39,272,112,18,231,24,37,134,222,76,17,138
1762568715.310279,2.79579,0.06688,0.66324,-0.73832,0.69492,0.69932,279,63,19,126,44,265,107,12,255,39,33,145,240,60,6,133
1762568723.5878735,2.69796,0.06877,0.74236,-0.67742,0.66383,0.61435,283,44,15,116,54,274,116,21,242,34,45,149,222,62,24,138
1762568731.8699472,2.6724,0.06992,0.63676,-0.68397,0.72103,0.63063,266,57,26,108,50,267,106,20,253,34,31,148,218,70,12,144
1762568740.1484191,2.61615,0.07211,0.61682,-0.64859,0.63256,0.71818,242,65,17,104,53,267,113,28,239,32,47,112,241,55,7,137
1762568748.4442875,2.77233,0.0668,0.65489,-0.66598,0.71754,0.73392,271,70,13,127,56,282,122,25,241,34,28,136,239,55,5,152
1762568756.7388883,2.73882,0.07043,0.67556,-0.76355,0.63556,0.66416,261,57,16,116,32,259,99,16,237,47,35,131,193,54,13,139
1762568765.0056996,2.76639,0.06868,0.66525,-0.72327,0.67213,0.70574,280,58,21,113,55,315,96,11,229,35,35,128,216,45,14,126
1762568773.307473,2.68478,0.06977,0.63719,-0.68399,0.63283,0.73077,259,61,19,102,54,287,118,22,253,46,39,125,211,44,12,149
1762568781.5849426,2.82222,0.06785,0.77002,-0.70046,0.70022,0.65152,292,47,9,139,48,264,105,17,233,37,30,147,201,53,16,126
1762568789.8724918,2.69858,0.07108,0.62998,-0.7355,0.66038,0.67273,248,62,17,100,39,271,103,18,244,36,36,108,206,60,12,162
1762568798.2143342,2.6325,0.07173,0.62004,-0.69231,0.64649,0.67366,273,67,24,115,53,253,121,15,213,42,31,127,215,57,13,144
1762568806.5205932,2.65796,0.07283,0.65625,-0.70901,0.65375,0.63895,258,59,18,113,45,256,114,18,209,34,33,111,222,64,12,123
1762568814.843271,2.70342,0.06992,0.68153,-0.73306,0.60386,0.68496,284,61,14,112,49,311,111,16,207,49,33,125,208,55,11,145
1762568823.1326172,2.74047,0.069,0.61746,-0.73009,0.68,0.71292,267,66,26,122,37,282,109,24,223,38,30,134,212,49,11,146
1762568831.4612765,2.73645,0.06885,0.61247,-0.72632,0.69955,0.69811,237,70,17,125,46,290,120,19,239,28,39,140,208,48,16,152
1762568839.7846048,2.73581,0.06836,0.68908,-0.68421,0.64758,0.71494,278,62,12,124,55,275,109,17,243,39,41,131,225,51,11,148
1762568848.1024609,2.73434,0.0689,0.71197,-0.64964,0.6822,0.69053,289,53,18,133,56,250,89,16,252,45,30,145,229,60,7,137
1762568856.3967907,2.72554,0.06944,0.67391,-0.73423,0.71739,0.6,258,63,12,127,43,277,108,16,252,29,36,143,206,64,19,126
1762568864.6996503,2.71052,0.0693,0.66351,-0.70601,0.62933,0.71167,234,50,21,117,45,273,110,21,247,50,41,153,232,52,11,142
1762568872.98218,2.80517,0.06677,0.65289,-0.75169,0.66516,0.73543,274,69,15,126,38,286,102,17,250,37,37,118,246,49,10,141
1762568881.299158,2.71846,0.06785,0.6341,-0.70577,0.70806,0.67053,268,73,15,125,44,308,121,30,255,43,24,137,220,53,18,140
1762568889.576633,2.73088,0.06864,0.64579,-0.72093,0.69672,0.66744,253,63,19,128,41,267,103,19,254,41,33,160,217,53,19,144
1762568897.8932903,2.74387,0.06972,0.65236,-0.70843,0.67841,0.70466,257,63,18,128,52,267,108,12,231,36,37,150,203,48,9,126
1762568906.1932497,2.66374,0.06994,0.64557,-0.69912,0.67686,0.6422,255,72,12,135,43,301,83,25,235,43,31,149,225,59,19,133
1762568914.479771,2.73829,0.07,0.68776,-0.71818,0.67699,0.65535,272,54,20,128,38,281,97,24,232,41,32,147,198,52,14,119
1762568922.7863793,2.77539,0.06844,0.64396,-0.74324,0.72399,0.6642,262,60,21,112,43,278,109,14,278,34,31,128,206,54,14,131
1762568931.0826817,2.60766,0.07181,0.63821,-0.72018,0.64477,0.60449,286,69,20,117,43,280,95,18,221,47,26,117,207,68,20,150
1762568939.3887928,2.71694,0.06988,0.68591,-0.65217,0.70306,0.6758,250,48,20,115,57,250,111,19,250,36,32,140,207,53,18,160
1762568947.6846702,2.68994,0.06987,0.65236,-0.69888,0.65688,0.68182,264,63,18,121,47,278,100,20,237,50,26,130,220,54,16,150
1762568955.9867084,2.58245,0.07168,0.63158,-0.68354,0.63229,0.63504,273,74,17,130,51,285,114,24,219,49,33,145,215,62,13,121
1762568964.2645726,2.65497,0.07224,0.63991,-0.72477,0.67102,0.61927,260,58,25,118,45,268,108,15,191,36,27,129,201,73,10,152
1762568972.546121,2.71447,0.06856,0.62288,-0.73362,0.66457,0.6934,263,73,16,120,40,282,115,21,239,50,30,158,214,58,7,145
1762568980.8319228,2.79655,0.06767,0.67234,-0.70673,0.67816,0.73932,270,53,24,123,44,264,91,17,234,44,26,131,253,52,9,154
1762568989.1340482,2.76671,0.06725,0.7094,-0.66737,0.67296,0.71698,273,52,16,127,60,289,107,19,258,35,43,141,204,50,10,160
1762568997.4806123,2.67519,0.07015,0.65161,-0.67083,0.67082,0.68192,239,64,17,145,61,288,113,18,207,35,31,128,235,63,10,151
1762569005.780503,2.69518,0.07107,0.65996,-0.69091,0.70975,0.63457,259,55,21,112,48,251,121,20,249,37,27,128,202,59,15,129
1762569014.0538015,2.66423,0.07025,0.70667,-0.66307,0.64964,0.64486,307,59,18,141,53,258,127,25,214,42,30,125,205,62,14,147
1762569022.350412,2.81367,0.06709,0.67171,-0.72222,0.75463,0.66512,277,59,17,110,47,305,98,18,247,32,21,132,208,58,14,150
1762569030.6187878,2.79118,0.06749,0.66122,-0.72558,0.70852,0.69585,279,60,23,128,43,269,102,16,245,33,32,136,215,50,16,153
1762569038.9101963,2.63234,0.07141,0.62963,-0.66063,0.64045,0.70163,249,57,28,125,57,261,106,18,234,48,32,131,215,52,12,150
1762569047.2298985,2.85,0.06635,0.65126,-0.74371,0.74786,0.71429,250,64,19,143,39,280,101,17,261,35,24,148,217,47,10,125
1762569055.5730221,2.85,0.06725,0.64523,-0.76,0.76905,0.68966,256,58,22,115,36,279,95,15,244,25,25,139,215,56,7,128
1762569063.8709135,2.83661,0.06683,0.67288,-0.71101,0.77876,0.67397,269,59,20,135,45,285,88,18,263,26,24,139,215,56,11,129
1762569072.1726322,2.59101,0.07239,0.61435,-0.60954,0.70288,0.66423,237,71,15,123,68,264,107,22,250,34,33,134,193,58,11,149
1762569080.4625583,2.67971,0.06947,0.66994,-0.68103,0.66509,0.66364,280,69,15,145,51,280,110,23,238,44,27,115,222,60,14,144
1762569088.7539117,2.66489,0.07041,0.65032,-0.69432,0.65198,0.66827,246,61,21,141,49,278,110,21,240,47,32,135,218,63,6,129
1762569097.0560567,2.72159,0.07018,0.70124,-0.7221,0.63158,0.66667,289,52,20,121,39,281,97,22,222,44,33,119,209,52,17,136
1762569105.3626583,2.6859,0.0704,0.6971,-0.63972,0.71824,0.63084,280,54,19,129,54,251,104,24,230,36,25,142,206,69,10,143
1762569113.6549604,2.69638,0.0713,0.62705,-0.69298,0.69157,0.68478,262,67,24,135,44,302,84,26,221,37,27,130,177,41,17,133
1762569122.0240564,2.60845,0.07013,0.57809,-0.68443,0.67401,0.67191,267,85,19,122,50,285,110,24,239,37,37,141,216,65,8,156
1762569130.3144817,2.72908,0.07088,0.62864,-0.74528,0.67711,0.67805,259,65,18,105,34,270,100,20,223,42,25,125,206,53,13,138
1762569138.6318963,2.77219,0.0671,0.66284,-0.68,0.70522,0.72414,305,65,23,129,58,293,85,14,235,40,25,141,229,53,7,146
1762569146.924336,2.76128,0.0689,0.70241,-0.74299,0.63319,0.68269,258,48,20,131,43,264,109,12,237,37,47,137,200,57,9,150
1762569155.2308824,2.828,0.06771,0.72845,-0.70813,0.68095,0.71047,265,52,11,136,45,255,102,16,238,39,28,115,209,50,15,175
1762569163.5376184,2.76638,0.06659,0.62764,-0.7384,0.6682,0.73214,273,74,23,151,41,310,102,21,237,37,35,125,230,50,10,158
1762569171.8371103,2.62908,0.07299,0.62208,-0.70044,0.66667,0.63989,269,68,21,113,48,279,107,20,251,40,33,114,175,51,14,121
1762569180.1384032,2.75722,0.07063,0.70302,-0.74194,0.68056,0.63171,247,50,14,120,40,283,95,16,214,38,31,149,196,60,12,123
1762569188.4393148,2.69316,0.07034,0.69002,-0.64557,0.68293,0.67464,283,62,11,115,62,298,92,22,203,38,27,142,208,58,10,142
1762569196.727635,2.67529,0.07109,0.64103,-0.68161,0.6342,0.71845,257,61,23,127,57,274,101,14,223,47,30,121,220,52,6,134
1762569205.0425403,2.68942,0.07111,0.63761,-0.69333,0.6484,0.71007,250,64,15,107,49,269,112,20,228,38,39,133,198,42,17,150
1762569213.3232465,2.64232,0.07151,0.67299,-0.67432,0.65778,0.63723,249,59,10,104,56,277,124,22,230,44,33,143,212,67,9,131
1762569221.6046436,2.76387,0.06778,0.70638,-0.6868,0.7221,0.64859,279,48,21,122,51,267,110,19,248,30,31,130,220,69,12,160
1762569229.8777227,2.59382,0.07119,0.67511,-0.6805,0.64211,0.59611,280,55,22,117,55,308,97,22,252,47,38,138,203,63,20,125
1762569238.1990397,2.72331,0.06895,0.71262,-0.7217,0.59174,0.69725,290,64,10,151,39,257,108,20,203,46,43,144,219,59,7,151
1762569246.4880936,2.76621,0.06914,0.75314,-0.689,0.65741,0.66667,278,42,17,141,47,254,99,18,228,40,34,130,219,59,12,136
1762569254.7801073,2.68003,0.07089,0.66529,-0.72082,0.65888,0.63504,292,65,16,111,45,282,94,16,239,38,35,116,199,59,16,137
1762569263.0646408,2.67423,0.07056,0.68928,-0.67038,0.61502,0.69955,246,58,13,140,51,276,99,23,206,38,44,138,234,59,8,145
1762569271.3597732,2.71547,0.06998,0.64815,-0.72174,0.69362,0.65196,242,58,18,114,38,282,114,26,256,36,36,142,209,53,18,128
1762569279.6490788,2.81463,0.06603,0.68201,-0.76923,0.68376,0.67963,280,63,13,122,39,311,103,15,256,38,36,138,230,57,13,137
1762569287.9464471,2.66367,0.0715,0.70354,-0.62996,0.70203,0.62814,267,50,17,118,60,269,101,24,249,35,31,128,179,58,16,145
1762569296.2617602,2.73643,0.06897,0.70796,-0.65361,0.72414,0.65072,280,49,17,106,61,300,101,23,230,28,32,145,189,62,11,156
1762569304.5727572,2.81483,0.067,0.64653,-0.73391,0.73742,0.69697,252,62,17,116,41,293,111,21,266,29,31,131,208,52,13,156
1762569312.8549302,2.66526,0.07283,0.70183,-0.63761,0.66667,0.65915,265,53,12,106,58,242,115,21,229,29,39,111,209,59,9,122
1762569321.124875,2.64139,0.0702,0.71545,-0.63636,0.62527,0.6643,294,53,17,128,60,261,117,24,232,53,33,141,214,59,12,138
1762569329.4111369,2.81171,0.06665,0.65217,-0.712,0.72824,0.7193,265,61,19,115,45,312,116,27,247,34,30,160,216,47,9,127
1762569337.7214968,2.71081,0.06903,0.66333,-0.75336,0.60563,0.68849,272,56,28,143,37,278,113,18,191,41,43,151,232,62,7,142
1762569346.00634,2.66588,0.07007,0.63043,-0.69762,0.67689,0.66093,276,65,20,99,52,274,119,18,253,50,29,157,219,50,19,119
1762569354.2950842,2.70531,0.06899,0.62151,-0.66596,0.71628,0.70156,248,71,17,129,55,287,107,24,236,25,36,133,252,58,9,130
1762569362.6157646,2.64306,0.07125,0.65092,-0.68794,0.66282,0.64138,261,66,19,141,50,261,96,16,236,41,32,124,219,65,13,138
1762569370.9167771,2.85,0.06686,0.70678,-0.75122,0.71759,0.68071,270,55,12,120,38,256,103,13,235,31,30,136,240,59,13,139
1762569379.197317,2.84517,0.06815,0.71429,-0.73333,0.68109,0.71646,251,48,14,121,40,282,95,18,232,35,35,137,219,46,10,120
1762569387.4753761,2.73248,0.06849,0.65631,-0.67431,0.6541,0.74775,286,71,12,114,54,271,94,17,243,41,37,130,243,48,8,145
1762569395.7594652,2.69874,0.07029,0.63789,-0.70883,0.68534,0.66667,259,69,17,130,48,250,108,13,262,42,31,129,210,55,13,130
1762569404.069752,2.60405,0.07134,0.56485,-0.67865,0.68035,0.6802,263,84,20,111,51,280,117,25,230,32,42,159,200,51,12,131
1762569412.345425,2.7434,0.06855,0.63431,-0.76445,0.66518,0.67946,249,62,19,113,43,317,95,12,237,42,33,136,234,53,18,138
1762569420.626972,2.64559,0.07258,0.60998,-0.78462,0.63504,0.61596,237,64,22,118,37,283,123,12,202,45,30,134,217,63,14,107
1762569428.9235969,2.76728,0.06929,0.68996,-0.72665,0.73023,0.62044,279,52,19,108,48,282,97,12,226,35,23,146,201,68,10,132
1762569437.2146502,2.7368,0.0699,0.69604,-0.70909,0.66977,0.6619,275,49,20,110,46,258,118,18,220,39,32,139,218,61,10,131
1762569445.4937382,2.82587,0.06692,0.73836,-0.68928,0.6867,0.71154,273,45,14,119,53,275,111,18,235,38,35,158,213,45,15,143
1762569453.7827208,2.72454,0.06836,0.67932,-0.66882,0.69658,0.67981,275,55,21,123,57,288,100,20,259,36,35,138,217,62,7,145
1762569462.0880556,2.76482,0.0685,0.68919,-0.75701,0.64167,0.67696,250,56,13,125,39,281,95,13,261,41,45,133,224,58,10,129
1762569470.3921423,2.79069,0.06725,0.69231,-0.68916,0.693,0.71622,258,54,14,116,57,272,141,19,262,37,31,113,231,50,13,150
1762569478.704934,2.70304,0.06967,0.68548,-0.67811,0.66364,0.67581,299,59,19,119,56,270,121,19,235,31,43,131,194,52,13,142
1762569487.002349,2.77233,0.06969,0.74672,-0.68981,0.70892,0.62687,267,42,16,133,48,266,99,19,207,33,29,157,188,65,10,139
1762569495.2935784,2.75544,0.0686,0.60243,-0.71429,0.723,0.71571,265,79,19,130,48,286,104,17,240,33,26,127,212,44,13,132
1762569503.579023,2.64589,0.06997,0.62062,-0.71674,0.65909,0.64944,277,70,22,116,50,272,128,16,238,40,35,127,229,67,11,138
1762569511.8815894,2.727,0.06983,0.65966,-0.67473,0.67756,0.71505,272,62,19,123,44,271,110,30,255,40,34,130,196,39,14,123
1762569520.173003,2.74408,0.06694,0.6701,-0.6749,0.70402,0.69507,282,67,13,123,55,277,130,24,260,37,33,143,231,55,13,147
1762569528.467048,2.67343,0.07081,0.63399,-0.69882,0.6632,0.67742,260,61,23,115,45,255,106,19,246,45,36,154,205,57,8,133
1762569536.755417,2.65424,0.07006,0.69167,-0.66977,0.67917,0.61364,253,52,22,153,47,250,109,24,269,42,35,134,192,67,18,163
1762569545.0684206,2.7294,0.06962,0.68182,-0.6961,0.67696,0.67453,274,56,14,96,52,300,113,22,228,41,27,125,219,57,12,136
1762569553.3649693,2.77861,0.06812,0.68017,-0.72746,0.68981,0.68116,260,56,19,134,47,301,111,18,246,36,31,119,203,53,13,145
1762569561.6517122,2.73552,0.06962,0.68443,-0.73019,0.64151,0.67939,257,60,17,154,48,285,119,15,223,42,34,125,201,49,14,129
1762569569.9573836,2.78217,0.06814,0.65929,-0.73278,0.68571,0.70439,247,56,21,128,49,302,113,15,236,35,31,118,220,57,7,149
1762569578.2424839,2.85,0.06632,0.70711,-0.71946,0.76334,0.66055,277,52,18,131,46,285,95,16,228,32,19,152,206,62,12,156
1762569586.5380569,2.85,0.06507,0.71142,-0.74222,0.68247,0.72749,301,57,15,126,45,289,103,13,262,30,47,146,224,40,16,131
1762569594.8541942,2.7022,0.07012,0.6,-0.70175,0.70068,0.69977,253,66,21,95,51,271,117,17,240,38,28,135,214,53,12,154
1762569603.1513584,2.7369,0.06904,0.63556,-0.72124,0.64977,0.73034,239,68,14,129,41,281,108,22,224,38,38,134,241,49,11,144
1762569611.451835,2.5839,0.07344,0.58182,-0.70766,0.62319,0.67123,233,75,17,115,44,262,106,19,219,41,37,117,222,66,6,144
1762569619.7250304,2.72013,0.07025,0.69697,-0.73243,0.68298,0.60775,260,61,9,132,47,277,105,12,234,29,39,127,193,66,15,139
1762569628.0185707,2.73213,0.06832,0.71197,-0.69874,0.69231,0.62911,287,52,19,135,51,294,112,21,233,42,26,141,202,69,10,145
1762569636.2882946,2.69777,0.06944,0.6728,-0.71255,0.66742,0.645,274,55,25,135,45,308,115,26,238,39,35,133,214,60,11,115
1762569644.568672,2.65372,0.07095,0.59252,-0.6882,0.70387,0.66914,262,79,19,121,54,264,115,16,245,38,27,129,207,57,10,131
1762569652.8620083,2.74308,0.06826,0.6513,-0.70171,0.72414,0.66592,285,66,21,127,45,252,96,16,244,30,34,156,239,62,13,135
1762569661.1615202,2.73873,0.06994,0.68789,-0.72807,0.68238,0.64039,275,61,15,136,48,283,111,14,211,40,24,128,211,58,15,122
1762569669.4531937,2.65145,0.07292,0.63554,-0.75964,0.615,0.64128,233,65,15,126,36,272,116,17,205,41,36,118,204,64,9,130
1762569677.7454255,2.77625,0.06728,0.70998,-0.75566,0.67043,0.64019,294,56,21,160,35,280,108,19,238,43,30,132,210,66,11,141
1762569686.0485244,2.71518,0.07057,0.64,-0.69838,0.65534,0.72146,248,65,16,121,40,260,106,25,216,35,36,125,211,48,13,166
1762569694.332378,2.75031,0.07018,0.66882,-0.66903,0.74074,0.67172,281,58,19,107,47,247,106,23,224,34,22,152,195,52,13,136
1762569702.616766,2.60395,0.07259,0.62212,-0.70561,0.63436,0.64186,251,58,24,101,50,253,112,13,250,46,37,121,238,59,18,115
1762569710.8973153,2.81194,0.06686,0.69884,-0.71158,0.70513,0.69639,304,56,22,136,43,262,100,18,266,48,21,133,218,50,13,134
1762569719.1836953,2.67038,0.06994,0.58282,-0.75732,0.66038,0.66986,264,68,34,123,39,292,128,19,210,40,32,142,226,61,8,123
1762569727.4577804,2.73465,0.06996,0.67728,-0.75814,0.64706,0.65217,268,62,14,127,39,288,90,13,215,40,35,135,213,59,13,129
1762569735.7588863,2.64178,0.07178,0.61926,-0.71674,0.69533,0.61045,258,68,19,112,50,285,115,16,206,36,26,139,198,73,9,141
1762569744.0858483,2.69465,0.06904,0.67983,-0.66228,0.67635,0.67619,284,60,17,120,55,279,100,22,266,41,37,138,222,50,18,130
1762569752.3728828,2.70988,0.07087,0.68944,-0.69515,0.65534,0.66995,299,55,20,109,53,262,105,13,216,34,37,125,203,51,16,136
1762569760.6678638,2.78647,0.06881,0.65179,-0.70222,0.70698,0.72549,263,53,25,107,42,277,106,25,239,31,32,128,223,46,10,129
1762569768.9533765,2.75902,0.06883,0.64271,-0.70259,0.68039,0.73333,278,70,17,122,53,283,112,16,226,37,29,121,218,43,11,133
1762569777.283549,2.79799,0.06774,0.67134,-0.75,0.69087,0.68579,284,59,23,133,44,307,99,14,223,36,30,138,194,52,11,144
1762569785.5706072,2.6959,0.06987,0.68067,-0.67907,0.65487,0.68129,267,56,20,133,44,262,99,25,240,44,34,134,215,48,21,149
1762569793.841062,2.77864,0.06907,0.70204,-0.76126,0.69149,0.62385,302,51,22,115,44,285,106,9,206,28,30,112,199,71,11,155
1762569802.1358466,2.68186,0.07049,0.67892,-0.64486,0.69378,0.6643,312,61,22,122,50,264,88,26,234,32,32,120,205,53,18,147
1762569810.4169567,2.77992,0.06889,0.69912,-0.73516,0.65333,0.69231,255,50,18,129,51,274,106,7,245,44,34,127,195,51,11,146
1762569818.6941783,2.81729,0.06952,0.68627,-0.68941,0.7381,0.7035,278,50,22,109,37,249,110,29,228,31,24,137,197,42,13,119
1762569826.9944732,2.72224,0.07032,0.65351,-0.70574,0.66893,0.69406,244,61,18,133,41,232,110,18,256,42,31,112,221,54,13,150
1762569835.2995048,2.717,0.06886,0.62083,-0.73427,0.66667,0.69524,270,70,21,119,44,263,109,13,253,42,38,147,210,51,13,146
1762569843.5811758,2.80309,0.06829,0.6714,-0.72263,0.72062,0.68844,286,62,19,126,37,252,102,20,226,36,27,162,197,47,15,139
1762569851.858252,2.5278,0.07268,0.51282,-0.72541,0.6541,0.63547,245,87,27,109,52,304,117,15,235,40,38,138,210,58,16,122
1762569860.160043,2.82697,0.0662,0.76774,-0.72399,0.65753,0.6777,273,41,13,138,42,295,111,23,218,33,42,145,239,55,18,141
1762569868.4529476,2.73548,0.06789,0.67742,-0.70701,0.66522,0.68584,268,56,19,122,48,276,126,21,243,42,35,140,240,56,15,141
1762569876.7536511,2.6194,0.07055,0.65714,-0.68571,0.62212,0.65443,249,58,20,128,54,292,121,23,236,50,32,116,230,64,16,153
1762569885.0557442,2.75111,0.06915,0.6722,-0.66524,0.72811,0.68557,289,56,23,114,56,292,96,22,230,33,26,145,193,50,11,134
1762569893.3547974,2.68499,0.07136,0.67347,-0.69565,0.67773,0.63814,250,55,17,119,48,281,109,22,223,35,33,131,200,56,18,135
1762569901.648932,2.64629,0.07171,0.68372,-0.6541,0.63341,0.67506,242,54,14,120,65,276,97,13,244,48,31,108,225,62,9,141
1762569909.9500546,2.66731,0.07126,0.62195,-0.69267,0.68523,0.66746,272,68,25,127,47,266,92,18,238,36,29,110,218,54,16,133
1762569918.2508981,2.77271,0.06893,0.70815,-0.69365,0.6837,0.6872,257,49,19,141,52,270,117,18,218,31,34,128,230,49,17,126
1762569926.5412369,2.75681,0.06949,0.68966,-0.70933,0.65926,0.69856,258,55,17,134,48,286,108,19,216,43,26,120,222,52,11,133
1762569934.8166842,2.66681,0.07168,0.67164,-0.64706,0.65617,0.69193,286,54,23,106,59,269,95,19,221,34,37,121,216,49,14,130
1762569943.101137,2.74637,0.06774,0.68724,-0.7149,0.67756,0.66667,270,57,19,140,41,274,123,25,244,42,32,141,213,57,16,152
1762569951.4022973,2.72637,0.06974,0.66667,-0.70085,0.71744,0.64141,259,59,17,121,44,268,130,26,238,32,32,151,196,50,21,129
1762569959.7229743,2.75603,0.06925,0.57685,-0.6875,0.7587,0.73298,284,75,31,111,50,252,99,15,245,31,21,134,192,44,7,139
1762569968.0075738,2.71724,0.06939,0.64255,-0.7316,0.71642,0.62667,286,69,15,100,51,271,129,11,222,33,24,123,208,58,26,158
1762569976.29444,2.77578,0.06849,0.72867,-0.72912,0.65753,0.66047,269,48,14,126,44,282,101,16,232,43,32,131,230,61,12,127
1762569984.5723217,2.62768,0.07111,0.61194,-0.62979,0.71681,0.66914,261,66,25,117,61,281,102,26,241,36,28,147,193,51,16,145
1762569992.87329,2.69693,0.06984,0.63889,-0.71429,0.68825,0.6555,294,66,25,119,39,280,110,26,195,35,30,157,227,66,6,119
1762570001.153478,2.68155,0.06919,0.62047,-0.67089,0.71366,0.67654,278,67,22,102,49,293,103,29,253,31,34,136,219,56,15,149
1762570009.4408643,2.72073,0.07088,0.69397,-0.6439,0.69892,0.68394,255,64,7,138,59,226,111,14,247,41,29,148,214,46,15,111
1762570017.7598228,2.71094,0.07046,0.63257,-0.70231,0.75303,0.62304,277,65,23,114,54,286,120,17,218,28,23,144,182,60,12,128
1762570026.0357964,2.7306,0.06973,0.63478,-0.70546,0.68421,0.70614,249,63,21,127,45,254,105,17,220,44,22,132,243,53,14,146
1762570034.346549,2.82704,0.06743,0.67728,-0.78427,0.69362,0.67188,293,60,16,102,32,295,102,16,261,39,33,137,181,50,13,140
1762570042.6518648,2.78402,0.06673,0.69819,-0.72234,0.66234,0.70115,294,57,18,128,45,276,121,19,224,36,42,160,232,56,9,138
1762570050.948153,2.70484,0.07012,0.63821,-0.71429,0.69976,0.65258,286,65,24,117,44,263,109,18,239,37,25,112,216,62,12,136
1762570059.210418,2.61558,0.07133,0.62249,-0.67619,0.63043,0.68646,275,71,23,129,51,244,108,17,246,43,42,129,220,54,12,135
1762570067.4866977,2.66236,0.0705,0.62931,-0.70071,0.67686,0.65548,268,56,30,110,39,255,103,24,256,33,41,128,229,64,13,141
1762570075.7821598,2.71134,0.06999,0.69165,-0.67925,0.70231,0.63814,273,52,20,122,43,250,106,25,250,38,33,156,214,60,14,121
1762570084.089834,2.72204,0.06867,0.63103,-0.71963,0.74892,0.62247,261,67,21,128,41,262,106,19,253,36,22,151,216,75,9,145
1762570092.368012,2.71368,0.06884,0.66208,-0.72566,0.67191,0.65403,297,67,19,126,40,286,104,22,216,43,30,156,211,60,13,138
1762570100.6581392,2.70608,0.07031,0.65066,-0.73333,0.60364,0.71845,274,60,20,104,41,265,112,17,220,53,34,132,204,51,7,150
1762570108.9626691,2.72693,0.06989,0.66667,-0.74661,0.62443,0.68922,271,61,17,119,38,277,109,18,229,45,38,130,198,52,10,139
1762570117.2435658,2.76453,0.0683,0.63941,-0.73913,0.7,0.68599,269,65,21,122,38,279,101,19,241,34,35,150,226,55,10,123
1762570125.5255675,2.71506,0.06916,0.70499,-0.74762,0.6269,0.63556,272,55,13,121,41,269,98,12,230,43,43,145,226,71,11,142
1762570133.8162472,2.68245,0.07115,0.59905,-0.74538,0.69935,0.63868,230,63,21,105,41,315,110,21,253,39,30,137,192,60,11,130
1762570142.1420093,2.73982,0.06805,0.65476,-0.68791,0.65864,0.7385,287,61,26,130,54,271,113,17,230,51,27,149,229,45,9,130
1762570150.440662,2.68307,0.06997,0.64435,-0.76364,0.62332,0.65176,276,66,19,117,38,283,105,14,236,39,45,126,222,54,20,129
1762570158.7203577,2.74974,0.07019,0.64989,-0.7226,0.72208,0.65517,255,58,22,122,37,276,109,25,229,28,28,118,213,48,22,123
1762570167.0408752,2.78656,0.06728,0.68,-0.68122,0.69231,0.73303,278,59,17,121,46,280,105,27,230,41,27,144,241,50,9,142
1762570175.336326,2.75929,0.06778,0.69291,-0.69196,0.70852,0.66589,294,55,23,136,41,283,96,28,250,41,24,131,203,53,19,156
1762570183.6521547,2.68145,0.0693,0.62705,-0.73799,0.63677,0.67963,277,64,27,120,42,271,127,18,246,47,34,119,235,57,13,132
1762570191.9436417,2.66495,0.07068,0.64069,-0.72018,0.64126,0.66282,269,71,12,110,41,273,102,20,211,49,31,155,198,59,14,162
1762570200.2800136,2.72484,0.07096,0.66968,-0.71364,0.66972,0.67179,251,50,23,118,45,271,106,18,244,39,33,120,203,52,12,123
1762570208.5656717,2.82372,0.06643,0.6748,-0.73636,0.70288,0.70968,268,69,11,144,38,265,117,20,243,33,34,141,212,54,9,159
1762570216.890537,2.7409,0.07047,0.65843,-0.71429,0.71233,0.65586,246,64,12,123,39,250,116,22,240,40,23,135,194,55,14,138
1762570225.160505,2.78946,0.06827,0.69293,-0.69767,0.71564,0.68322,288,63,13,131,44,260,105,21,240,31,29,122,210,53,14,146
1762570233.4465606,2.56343,0.07347,0.58588,-0.69957,0.62642,0.65155,228,65,23,109,49,272,124,21,228,46,36,129,213,57,16,133
1762570241.7179217,2.70836,0.07034,0.69492,-0.71566,0.71242,0.58537,273,53,19,127,42,261,95,17,262,40,26,131,203,64,21,122
1762570249.988203,2.56301,0.07298,0.57919,-0.71171,0.64019,0.63193,246,63,30,103,42,270,110,22,236,40,37,115,222,69,14,146
1762570258.317562,2.71935,0.06864,0.63916,-0.72428,0.67376,0.68215,299,76,18,128,47,322,97,20,218,37,32,136,205,50,15,139
1762570266.5802634,2.83523,0.0674,0.73077,-0.72912,0.64912,0.72622,253,41,15,107,33,289,94,27,241,46,34,135,229,46,13,143
1762570274.876664,2.77459,0.0678,0.65458,-0.63839,0.74892,0.7327,269,68,13,119,58,260,107,23,260,31,27,144,226,49,7,137
1762570283.1458383,2.75332,0.06827,0.69796,-0.69406,0.66222,0.69907,274,61,13,142,47,278,93,20,234,48,28,140,225,52,13,142
1762570291.4339478,2.76526,0.06832,0.63103,-0.77262,0.69072,0.67089,268,63,25,121,39,277,105,10,248,34,41,162,198,57,8,132
1762570299.7051318,2.68039,0.07032,0.67146,-0.69196,0.65843,0.65854,276,73,7,131,51,262,117,18,251,36,40,118,213,61,9,127
1762570307.9810514,2.57842,0.07222,0.6569,-0.64365,0.62085,0.65702,258,65,17,138,61,256,113,19,204,42,38,138,226,65,12,146
1762570316.286194,2.84988,0.06594,0.66038,-0.73984,0.74786,0.7018,254,64,17,142,50,314,114,14,262,30,29,147,205,51,7,126
1762570324.559975,2.73695,0.06883,0.66135,-0.72512,0.67105,0.67943,277,74,11,140,42,269,95,16,240,42,33,141,219,55,12,132
1762570332.8673284,2.78357,0.06826,0.68831,-0.69794,0.67742,0.7199,265,57,15,125,43,255,116,23,250,39,36,140,205,50,7,145
1762570341.1509852,2.71082,0.07045,0.66745,-0.73913,0.68722,0.61702,235,53,18,121,40,272,108,17,246,40,31,137,213,68,13,129
1762570349.4581373,2.56776,0.07229,0.60996,-0.66154,0.64865,0.64762,260,72,22,128,47,281,97,30,238,44,34,128,213,62,12,133
1762570357.7376778,2.74447,0.06904,0.6632,-0.68445,0.74049,0.65632,264,66,15,136,45,276,87,23,252,29,29,137,225,61,11,122
1762570366.0251584,2.85,0.06543,0.73085,-0.7581,0.72247,0.65035,288,53,12,130,48,305,102,8,243,43,20,148,210,66,9,144
1762570374.3209057,2.70772,0.0713,0.63596,-0.69845,0.67866,0.69466,266,66,15,98,45,272,111,23,232,37,30,118,196,52,8,137
1762570382.614813,2.78795,0.06655,0.68826,-0.74316,0.68908,0.66746,299,59,18,118,39,307,107,22,254,36,38,148,214,61,9,137
1762570390.8959491,2.78918,0.06849,0.65256,-0.73455,0.68778,0.71429,268,57,21,103,36,267,112,22,233,35,34,140,234,52,8,126
1762570399.1889763,2.74285,0.06954,0.68571,-0.70698,0.66595,0.68421,301,64,13,112,50,257,110,13,249,45,33,140,211,48,12,109
1762570407.4713476,2.66677,0.07035,0.66667,-0.69328,0.66379,0.64303,255,59,17,125,59,284,119,14,257,36,42,129,205,64,9,131
1762570415.7602284,2.75151,0.06777,0.68134,-0.69231,0.69095,0.68692,298,60,16,103,43,295,112,31,244,32,38,139,219,56,11,142
1762570424.0853372,2.69669,0.07036,0.67401,-0.68103,0.7217,0.61995,251,62,12,129,62,269,121,12,227,33,26,138,199,67,13,142
1762570432.3735518,2.72403,0.07011,0.68308,-0.66118,0.67797,0.7018,279,49,25,114,47,235,118,25,249,41,35,147,212,48,10,119
1762570440.676834,2.70998,0.07137,0.70455,-0.69596,0.6659,0.64356,248,46,19,127,40,271,86,24,235,42,31,129,203,57,15,129
1762570448.9630616,2.76441,0.06788,0.66869,-0.73987,0.67728,0.67857,274,61,21,139,39,292,116,22,272,37,39,123,210,59,4,119
1762570457.2644446,2.69498,0.07071,0.67886,-0.67591,0.70944,0.63077,287,50,29,126,54,283,110,22,237,28,32,116,198,59,13,120
1762570465.565392,2.79707,0.06871,0.68122,-0.74057,0.63805,0.73723,277,58,15,108,39,273,96,16,222,40,38,131,201,46,8,156
1762570473.8503232,2.54078,0.07333,0.64807,-0.66667,0.59101,0.63504,258,69,13,126,48,255,125,28,226,51,40,128,211,59,16,125
1762570482.1436846,2.74449,0.06834,0.6867,-0.69869,0.73529,0.62381,270,63,10,123,44,275,114,25,274,31,32,139,182,70,9,159
1762570490.4262753,2.6784,0.07158,0.7032,-0.65688,0.66592,0.65239,239,52,13,134,52,247,120,24,241,38,37,133,203,57,12,125
1762570498.7247488,2.83169,0.06658,0.73913,-0.71681,0.65044,0.7253,286,46,17,134,46,296,92,18,235,55,24,138,222,50,7,136
1762570507.000842,2.64543,0.07152,0.5956,-0.69165,0.66587,0.69231,239,70,22,124,49,291,104,23,222,40,30,127,219,52,12,133
1762570515.2657478,2.70481,0.07229,0.68468,-0.68765,0.7177,0.61478,261,53,17,113,46,258,104,21,217,32,27,142,181,64,9,125
1762570523.5411384,2.77601,0.06892,0.66592,-0.72558,0.70561,0.6789,264,55,20,110,42,279,92,17,229,38,25,136,223,60,10,143
1762570531.8286998,2.77131,0.06827,0.62882,-0.7013,0.69058,0.75061,258,70,15,115,51,287,106,18,253,44,25,124,206,38,13,152
1762570540.145989,2.65142,0.07139,0.64562,-0.66981,0.67816,0.65783,271,67,20,133,52,267,87,18,233,44,26,132,189,54,17,155
1762570548.413105,2.6482,0.07164,0.69794,-0.65106,0.61995,0.67925,252,47,19,119,56,281,107,26,207,43,37,134,224,59,9,132
1762570556.706133,2.72302,0.06966,0.67413,-0.73474,0.63889,0.67526,286,69,11,125,48,298,114,15,217,40,38,137,183,51,12,142
1762570564.9836237,2.80798,0.06792,0.67273,-0.73059,0.67544,0.72922,251,57,15,117,47,253,126,12,248,45,29,134,221,45,12,143
1762570573.2888932,2.80188,0.06718,0.66452,-0.81592,0.5991,0.72234,260,60,18,127,25,262,103,12,243,46,43,112,243,48,16,154
1762570581.5635898,2.7926,0.06742,0.68035,-0.77974,0.69196,0.64055,264,56,18,125,38,292,112,12,225,29,40,154,223,66,12,133
1762570589.8467877,2.63634,0.0707,0.65164,-0.68764,0.60515,0.69192,273,62,23,130,49,277,112,23,253,52,40,121,197,52,9,138
1762570598.1191401,2.7685,0.06794,0.65929,-0.70354,0.7173,0.68837,257,61,16,118,51,264,121,16,263,39,28,144,214,61,6,149
1762570606.4125493,2.74422,0.06847,0.65665,-0.678,0.69392,0.71564,268,59,21,118,51,274,96,20,266,40,33,138,220,51,9,142
1762570614.6996925,2.65507,0.0708,0.60504,-0.74945,0.63474,0.66584,241,69,25,141,43,289,109,14,234,47,35,133,200,51,16,134
1762570622.9860032,2.66294,0.07096,0.65975,-0.66087,0.66745,0.67488,266,65,17,134,55,270,112,23,225,36,35,131,196,58,8,144
1762570631.2670472,2.68408,0.07032,0.63789,-0.6732,0.71058,0.6624,275,68,18,114,47,278,106,28,247,37,30,149,199,55,11,126
1762570639.5708644,2.74636,0.0692,0.7011,-0.67873,0.71014,0.65639,272,54,14,115,43,272,99,28,226,36,24,128,226,60,18,150
1762570647.872213,2.71008,0.07041,0.67452,-0.70022,0.65534,0.68,252,67,9,139,50,275,105,17,213,34,37,128,217,49,19,140
1762570656.1629808,2.64809,0.07178,0.66245,-0.71882,0.65376,0.61307,272,64,16,122,45,272,107,17,228,40,36,135,207,61,16,114
1762570664.4493442,2.77991,0.06988,0.65278,-0.72247,0.76256,0.64211,252,65,10,105,41,268,123,22,251,33,19,135,181,60,8,131
1762570672.7473018,2.72773,0.06866,0.65823,-0.67811,0.7156,0.6758,279,58,23,114,50,284,107,25,233,30,32,141,235,51,20,132
1762570681.0395863,2.6211,0.07284,0.64929,-0.66514,0.65789,0.64878,233,58,16,115,49,268,95,24,247,43,35,131,212,59,13,126
1762570689.3106492,2.68353,0.06994,0.7013,-0.66167,0.63927,0.68129,263,51,18,130,52,263,125,27,224,48,31,135,221,59,10,143
1762570697.5948057,2.66701,0.07115,0.68396,-0.60192,0.7167,0.66443,235,55,12,122,62,227,107,21,258,33,34,148,229,61,14,143
1762570705.874794,2.74123,0.06914,0.69643,-0.65179,0.67356,0.71946,246,58,10,134,55,256,114,23,229,44,27,135,230,51,11,150
1762570714.190972,2.78916,0.06954,0.71121,-0.68766,0.70507,0.68523,279,53,14,118,43,242,93,19,213,33,31,157,208,57,8,140
1762570722.479952,2.68275,0.07057,0.69709,-0.6777,0.63725,0.6707,306,57,21,131,52,268,112,21,221,37,37,113,207,56,12,138
1762570730.7608252,2.65718,0.07113,0.69737,-0.68163,0.63362,0.64456,251,51,18,136,53,290,122,25,240,50,35,139,195,52,15,115
1762570739.0731971,2.76512,0.06791,0.67288,-0.67483,0.71558,0.70183,273,56,23,131,56,267,109,17,262,39,24,118,218,55,10,153
1762570747.3459084,2.82763,0.06607,0.67912,-0.76147,0.73799,0.64905,258,60,13,124,35,275,109,17,258,30,30,140,237,72,11,153
1762570755.6410267,2.73023,0.06991,0.67946,-0.70023,0.6887,0.66184,266,57,14,106,41,258,105,23,243,31,42,153,204,61,9,140
1762570763.9359925,2.74433,0.06873,0.63393,-0.72444,0.68898,0.69697,252,61,21,114,46,272,116,16,246,38,34,145,214,51,14,150
1762570772.2161052,2.74112,0.07196,0.68269,-0.71429,0.72932,0.61481,241,52,14,109,43,256,98,16,210,28,26,135,197,62,16,130
1762570780.5198255,2.75728,0.06842,0.68017,-0.72398,0.66667,0.68646,272,52,23,122,47,276,105,14,252,46,31,133,213,55,11,142
1762570788.8066368,2.69685,0.06982,0.62358,-0.74843,0.65577,0.66906,246,56,27,112,45,288,129,15,238,39,40,142,213,61,8,135
1762570797.1362584,2.59119,0.07132,0.59751,-0.68397,0.63895,0.67076,277,77,20,108,48,279,94,22,240,48,41,164,223,56,11,117
1762570805.4291773,2.7998,0.06655,0.69772,-0.71492,0.70124,0.68591,273,64,9,137,43,275,110,21,255,42,30,155,216,51,17,149
1762570813.7519555,2.71575,0.06966,0.63953,-0.68734,0.67117,0.7177,266,68,25,157,43,239,101,20,248,30,43,123,209,52,7,150
1762570822.0764883,2.73899,0.06969,0.72811,-0.63431,0.72398,0.65258,255,47,12,120,55,280,82,26,252,32,29,129,218,60,14,134
1762570830.3444452,2.63269,0.07204,0.68627,-0.61062,0.69438,0.64141,254,56,16,133,59,257,107,29,250,38,30,127,207,60,11,118
1762570838.6153014,2.78304,0.06853,0.6758,-0.74049,0.70485,0.6619,258,49,22,109,43,280,109,15,245,40,27,142,220,62,9,129
1762570846.903209,2.64659,0.0707,0.629,-0.65751,0.69427,0.66582,266,58,29,116,57,302,90,24,256,44,28,143,217,57,9,112
1762570855.1973968,2.72764,0.06914,0.66535,-0.70732,0.64653,0.70844,282,68,17,141,45,271,114,21,242,38,41,126,201,48,9,133
1762570863.484325,2.66432,0.06948,0.63314,-0.74624,0.60706,0.67788,290,62,31,124,40,283,123,19,230,50,39,134,216,58,9,133
1762570871.7768478,2.82649,0.06688,0.67078,-0.77007,0.68372,0.70192,293,56,24,113,43,282,126,10,225,28,40,137,197,50,12,157
1762570880.0566814,2.8013,0.06758,0.64009,-0.69794,0.71789,0.74537,247,71,8,113,42,266,105,24,255,36,31,153,236,44,11,141
1762570888.33536,2.65627,0.07017,0.6788,-0.72768,0.6009,0.64889,253,54,21,139,44,283,104,17,219,45,44,138,226,67,12,145
1762570896.6399705,2.85,0.06681,0.67117,-0.76224,0.71167,0.723,268,52,21,103,35,278,100,16,234,34,29,140,219,54,5,148
1762570904.9350605,2.60999,0.07156,0.66089,-0.66882,0.6824,0.59788,285,70,18,146,59,290,98,18,249,44,30,143,199,61,15,103
1762570913.2447686,2.74853,0.07133,0.69565,-0.6659,0.69596,0.69101,270,50,20,120,48,266,98,25,226,32,32,131,189,47,8,112
1762570921.5360136,2.74939,0.06899,0.64602,-0.72768,0.71304,0.66265,237,69,11,135,39,278,109,22,245,51,15,149,221,57,13,124
1762570929.8479433,2.78768,0.0681,0.68763,-0.72494,0.69565,0.67946,281,61,16,135,42,274,96,17,226,32,31,125,201,59,12,171
1762570938.134739,2.76997,0.06933,0.68,-0.71946,0.72103,0.64948,270,53,19,108,43,273,107,19,255,31,34,146,204,55,13,116
1762570946.427569,2.78886,0.06787,0.6898,-0.72016,0.70025,0.67866,291,58,18,123,46,301,117,22,228,30,31,118,201,54,13,149
1762570954.7209263,2.67721,0.06999,0.64113,-0.65044,0.71897,0.66667,295,70,19,112,53,270,103,26,233,28,32,134,207,55,16,148
1762570963.0072925,2.85,0.0671,0.71429,-0.69752,0.70546,0.73934,273,57,8,117,49,278,98,18,239,36,26,120,215,46,9,152
1762570971.2918954,2.73777,0.0687,0.67024,-0.73895,0.68707,0.64151,275,61,16,115,48,294,119,14,249,35,34,123,221,62,14,127
1762570979.5874636,2.75201,0.06823,0.69957,-0.71368,0.67452,0.66423,281,48,22,115,43,300,107,25,254,48,28,137,199,55,14,143
1762570987.905277,2.80198,0.06745,0.68443,-0.72922,0.71304,0.67529,278,53,24,133,38,257,107,19,255,35,31,139,214,59,10,142
1762570996.1898775,2.7848,0.06825,0.73333,-0.70721,0.71429,0.62998,263,45,15,127,46,259,120,19,244,34,30,140,217,70,9,131
1762571004.4740157,2.61435,0.07163,0.6408,-0.71111,0.65385,0.60859,250,63,18,120,47,281,104,18,249,46,35,138,210,66,16,127
1762571012.7640758,2.74673,0.06829,0.62869,-0.71915,0.71759,0.68129,264,65,23,122,48,281,123,18,244,33,28,127,225,53,16,139
1762571021.0344996,2.85,0.06682,0.67925,-0.6861,0.73894,0.76134,250,52,16,106,46,258,118,24,232,34,25,161,224,42,8,145
1762571029.3050425,2.7402,0.068,0.69427,-0.69492,0.68116,0.66986,262,60,12,137,48,297,103,24,267,37,40,139,217,59,10,132
1762571037.5851514,2.73864,0.06963,0.6866,-0.72727,0.67606,0.64871,282,57,19,127,35,268,93,22,227,40,29,130,210,66,9,142
1762571045.8651953,2.6478,0.06943,0.63602,-0.72222,0.67117,0.61839,299,72,23,128,57,283,120,8,240,39,34,131,219,63,20,133
1762571054.1608076,2.6718,0.07169,0.61905,-0.70982,0.67143,0.6715,254,63,21,103,53,281,102,12,221,34,35,130,210,55,13,136
1762571062.4659252,2.74655,0.06828,0.69835,-0.70711,0.66596,0.67513,291,61,12,120,45,285,123,25,242,41,38,152,206,57,7,124
1762571070.7709014,2.62232,0.07083,0.63223,-0.69264,0.65011,0.64734,277,75,14,118,50,305,86,21,255,47,34,127,201,54,19,140
1762571079.0575633,2.72905,0.0711,0.74408,-0.70423,0.6082,0.67254,257,42,12,111,37,260,103,26,213,50,36,140,209,48,17,123
1762571087.3460367,2.60303,0.07276,0.65939,-0.63675,0.67338,0.63351,263,53,25,117,56,268,115,29,232,38,35,142,185,58,12,127
1762571095.6672025,2.71106,0.06945,0.71843,-0.69907,0.63399,0.65957,286,52,16,129,50,257,110,15,223,44,40,152,211,59,13,140
1762571103.9775836,2.84686,0.06719,0.69499,-0.72308,0.72321,0.70558,259,53,17,130,45,277,115,18,229,35,27,157,198,45,13,138
1762571112.2612064,2.78621,0.07068,0.65237,-0.76419,0.69309,0.67655,253,60,17,113,38,294,110,16,205,32,28,126,198,50,10,113
1762571120.5654972,2.75321,0.06927,0.64516,-0.72516,0.68238,0.70051,289,67,21,119,50,291,117,15,211,39,25,128,216,44,15,119
1762571128.8565001,2.73954,0.0696,0.63676,-0.69427,0.70803,0.70048,252,73,10,122,63,289,110,9,222,28,32,129,227,53,9,125
1762571137.1506479,2.7217,0.06922,0.67901,-0.65678,0.6659,0.72,280,58,20,128,52,274,117,29,222,43,30,142,205,50,6,139
1762571145.4519649,2.7758,0.06755,0.65587,-0.71175,0.72549,0.68269,274,63,22,135,50,282,104,15,253,34,29,143,210,56,10,140
1762571153.7622175,2.66965,0.06994,0.63983,-0.65652,0.6886,0.68471,258,68,17,129,55,285,96,24,246,36,35,139,204,54,13,154
1762571162.0700195,2.6823,0.0706,0.69197,-0.66588,0.67929,0.64516,276,51,20,114,50,257,97,21,228,42,30,149,231,68,9,126
1762571170.346655,2.82384,0.06813,0.74113,-0.69978,0.66505,0.71788,284,49,13,133,54,271,114,14,207,32,37,136,193,38,18,148
1762571178.6450317,2.65716,0.06957,0.64241,-0.64502,0.70601,0.66372,258,70,16,137,59,281,99,23,244,34,32,139,241,64,12,135
1762571186.934166,2.75213,0.06885,0.68916,-0.73522,0.61215,0.7156,295,59,17,118,43,261,106,13,217,46,37,128,239,49,13,135
1762571195.2287154,2.71494,0.07106,0.62187,-0.69976,0.66667,0.72665,244,59,24,112,45,262,89,17,199,41,28,146,226,49,11,153
1762571203.5170856,2.84948,0.06711,0.713,-0.74359,0.74091,0.65197,262,51,13,120,34,277,97,21,228,31,26,155,197,58,17,159
1762571211.8139853,2.62601,0.07267,0.62175,-0.75391,0.66282,0.58753,235,65,15,108,39,280,112,16,225,45,28,135,192,70,16,139
1762571220.1306312,2.75441,0.06942,0.69631,-0.72665,0.67713,0.65432,276,55,15,115,48,274,105,12,230,48,24,144,202,62,8,133
1762571228.4277463,2.73858,0.06949,0.66527,-0.65957,0.69087,0.72286,266,61,19,132,47,238,113,25,215,37,29,146,239,54,6,134
1762571236.70439,2.65069,0.07089,0.62092,-0.68664,0.69499,0.64815,258,64,23,114,49,265,101,19,234,43,27,155,215,61,15,141
1762571245.0296512,2.8307,0.06732,0.68254,-0.75814,0.7226,0.66743,266,58,12,105,31,260,118,21,237,31,31,148,234,65,8,132
1762571253.3351207,2.65513,0.07081,0.61693,-0.68354,0.70732,0.64734,247,65,21,116,50,284,115,25,252,38,28,133,209,54,19,132
1762571261.6456769,2.72425,0.07015,0.63557,-0.70089,0.73176,0.65602,268,62,22,109,43,274,107,24,243,36,21,125,220,61,9,117
1762571269.951072,2.72164,0.07067,0.69021,-0.71552,0.67464,0.64128,260,48,20,111,49,296,102,17,235,41,27,115,210,56,17,124
1762571278.2990396,2.71719,0.06855,0.58952,-0.69231,0.7011,0.73427,246,69,25,118,49,292,115,25,233,37,31,154,226,46,11,146
1762571286.5892577,2.74911,0.06841,0.64286,-0.73663,0.67841,0.69121,259,61,19,109,43,304,118,21,247,35,38,134,205,49,16,151
1762571294.8871143,2.58672,0.07184,0.61538,-0.68397,0.62882,0.65854,269,78,17,130,48,262,111,22,250,44,41,123,204,60,10,136
1762571303.2058456,2.70922,0.06886,0.64389,-0.70909,0.70042,0.65581,275,61,25,122,49,263,113,15,269,37,34,134,218,55,19,138
1762571311.5005796,2.63796,0.07093,0.64865,-0.68203,0.67865,0.62864,244,63,15,122,42,259,106,27,255,43,33,142,222,71,12,142
1762571319.7880895,2.79425,0.06744,0.70492,-0.70203,0.71163,0.67568,280,56,16,136,53,257,120,13,233,30,32,135,230,59,13,142
1762571328.1051228,2.75036,0.06774,0.70614,-0.70954,0.68212,0.65256,273,50,17,116,50,294,118,20,233,47,25,148,221,72,6,150
1762571336.3916976,2.78225,0.06927,0.70772,-0.68966,0.6682,0.71667,294,53,17,115,53,289,103,19,241,34,38,121,184,40,11,125
1762571344.690181,2.65783,0.07081,0.63636,-0.73455,0.62264,0.66427,287,71,21,127,43,276,103,15,205,51,29,139,220,53,17,127
1762571352.9790857,2.68087,0.06958,0.60575,-0.64539,0.69397,0.73576,283,82,14,108,52,258,90,23,244,40,31,149,229,50,8,152
1762571361.286341,2.75181,0.06933,0.67785,-0.69752,0.67473,0.70171,263,57,15,112,48,278,98,19,242,30,44,139,209,52,9,139
1762571369.5697825,2.61737,0.07078,0.57962,-0.66387,0.72273,0.65116,239,75,24,133,53,291,105,27,241,36,25,138,221,68,7,134
1762571377.8587859,2.66635,0.06986,0.65199,-0.73742,0.64384,0.63311,258,66,17,136,40,283,114,20,246,48,30,114,226,71,11,139
1762571386.1646478,2.75982,0.06615,0.65306,-0.71429,0.71548,0.67699,274,68,17,131,51,312,114,20,243,36,32,167,226,55,18,153
1762571394.4632711,2.76967,0.0688,0.68685,-0.69476,0.73023,0.65783,269,54,21,135,46,272,100,21,235,25,33,137,207,56,15,137
1762571402.7644832,2.76897,0.06764,0.72574,-0.73874,0.66942,0.63507,272,52,13,137,38,267,119,20,275,47,33,129,203,64,13,142
1762571411.0570867,2.79855,0.06773,0.68627,-0.72903,0.68791,0.69533,270,50,22,117,47,275,127,16,247,33,38,137,206,51,11,139
1762571419.3332005,2.73322,0.06995,0.70213,-0.7,0.66443,0.66667,263,52,11,97,47,268,106,19,243,45,30,129,221,63,9,139
1762571427.625909,2.68877,0.07033,0.63169,-0.70404,0.65548,0.69756,260,63,23,121,43,271,109,23,224,40,37,146,209,48,14,139
1762571435.9049575,2.67176,0.07092,0.68037,-0.67917,0.68345,0.62877,253,53,17,115,58,295,108,19,223,37,29,128,217,66,14,134
1762571444.1796324,2.78203,0.07059,0.68837,-0.80549,0.62413,0.66404,244,54,13,119,25,250,112,14,225,43,38,125,191,51,13,126
1762571452.4677706,2.52306,0.07576,0.63964,-0.70698,0.58151,0.59494,258,66,14,106,46,276,91,17,201,42,44,124,197,64,16,118
1762571460.7467163,2.70676,0.07005,0.68966,-0.69365,0.62812,0.69533,264,52,20,128,58,275,112,12,234,51,31,125,205,48,14,140
1762571469.0478115,2.71976,0.06934,0.7004,-0.74775,0.66667,0.60494,287,53,21,133,40,272,116,16,254,48,28,126,193,54,26,132
1762571477.3606524,2.82583,0.06716,0.6383,-0.75111,0.73068,0.70574,270,68,17,115,34,293,101,22,218,29,32,174,204,47,12,138
1762571485.6293604,2.79636,0.0662,0.65703,-0.73543,0.68103,0.72286,290,64,25,140,41,293,94,18,248,41,33,142,232,47,13,141
1762571493.9179204,2.67428,0.07208,0.65596,-0.71703,0.66893,0.63235,260,58,17,101,40,262,96,19,220,41,32,148,199,68,7,134
1762571502.2031224,2.72164,0.07043,0.66437,-0.7226,0.64811,0.68657,250,55,18,112,48,280,105,14,232,46,33,138,189,47,16,150
1762571510.4878564,2.67547,0.06964,0.67002,-0.69043,0.63223,0.6828,277,60,22,138,53,292,123,23,247,48,41,148,193,49,10,120
1762571518.7698333,2.7787,0.06785,0.6646,-0.72494,0.68056,0.70861,274,57,24,128,44,272,98,15,246,37,32,117,239,54,12,148
1762571527.0623198,2.59285,0.07202,0.61674,-0.67048,0.62791,0.67773,266,60,27,101,44,264,101,28,241,54,34,144,217,56,12,137
1762571535.3713424,2.82879,0.06788,0.71689,-0.74505,0.72431,0.64253,258,41,21,118,44,273,124,14,205,36,19,139,233,60,19,130
1762571543.679209,2.70902,0.07022,0.61884,-0.72383,0.67241,0.69393,269,68,21,109,44,282,105,18,250,37,39,138,200,52,6,121
1762571552.016369,2.70353,0.06913,0.6646,-0.69265,0.70233,0.64396,275,63,18,127,51,281,99,18,253,35,29,113,212,69,12,162
1762571560.3536477,2.78302,0.06792,0.71667,-0.73415,0.6422,0.69,286,57,11,126,41,293,131,24,218,38,40,140,202,51,11,136
1762571568.6945267,2.75882,0.0679,0.6405,-0.74753,0.64792,0.72286,267,65,22,130,47,327,116,17,215,42,30,122,221,55,5,152
1762571576.992448,2.60287,0.07264,0.62214,-0.73832,0.59809,0.64433,286,78,21,139,42,262,110,14,216,42,42,118,192,62,7,127
1762571585.2826786,2.78482,0.06736,0.68444,-0.77232,0.6681,0.65996,264,59,12,115,35,294,103,16,244,41,36,143,237,61,15,134
1762571593.5633097,2.7984,0.06911,0.72052,-0.71749,0.72028,0.6401,268,48,16,126,46,283,100,17,245,33,27,124,182,57,13,137
1762571601.8545563,2.67323,0.0712,0.62009,-0.66287,0.693,0.69727,256,65,22,115,47,264,101,27,243,37,31,132,204,54,7,138
1762571610.1477292,2.81381,0.06674,0.65833,-0.75276,0.70629,0.69643,280,66,16,118,35,260,137,21,220,38,25,146,238,56,12,142
1762571618.4442844,2.71192,0.06908,0.67932,-0.75286,0.65011,0.62963,283,56,20,115,39,281,102,15,229,44,37,153,209,66,14,143
1762571626.716306,2.73729,0.06873,0.65587,-0.77253,0.63256,0.67633,302,62,23,107,42,311,102,11,225,41,38,126,205,62,5,142
1762571635.0109622,2.77349,0.06821,0.7006,-0.71429,0.67568,0.68293,296,56,19,130,49,277,101,14,241,41,31,131,203,59,6,142
1762571643.3482826,2.66377,0.07038,0.64783,-0.68421,0.70175,0.62998,269,66,15,110,58,292,92,14,249,40,28,139,212,67,12,136
1762571651.634848,2.72964,0.06844,0.66803,-0.69955,0.71366,0.6484,276,63,18,131,46,271,108,21,253,35,30,136,210,68,9,151
1762571659.9208202,2.76546,0.06906,0.66038,-0.76744,0.69725,0.64039,281,67,14,115,36,262,118,14,237,33,33,133,202,60,13,131
1762571668.2057285,2.81808,0.06542,0.71855,-0.7113,0.68317,0.70507,280,55,11,123,48,317,92,21,265,47,33,160,212,56,8,158
1762571676.5022643,2.76288,0.06843,0.64733,-0.7355,0.71053,0.66953,238,56,20,117,40,287,87,17,251,35,31,139,236,65,12,153
1762571684.787587,2.71721,0.07115,0.65297,-0.70642,0.69697,0.66085,255,67,9,107,42,267,105,22,244,34,31,120,203,49,19,130
1762571693.0885952,2.69779,0.06874,0.62035,-0.70513,0.70241,0.6699,294,76,21,120,45,284,115,24,243,42,26,146,210,57,11,134
1762571701.37608,2.72287,0.06936,0.74783,-0.70213,0.64396,0.62896,275,43,15,127,41,262,98,22,250,42,39,124,233,69,13,127
1762571709.6793792,2.76937,0.06837,0.73516,-0.69091,0.68511,0.6582,264,47,11,116,42,258,114,26,246,47,27,150,215,61,13,144
1762571717.9721599,2.6897,0.07097,0.65,-0.6699,0.70546,0.66434,268,68,16,128,39,245,99,29,237,34,28,122,225,53,19,132
1762571726.2445962,2.6263,0.07174,0.64944,-0.65011,0.67273,0.65403,243,53,25,124,53,271,111,28,229,36,36,139,217,59,14,132
1762571734.5215034,2.7215,0.0696,0.65066,-0.73523,0.66977,0.66585,264,57,23,114,48,320,106,17,223,43,28,136,222,60,8,117
1762571742.824571,2.6887,0.07127,0.63341,-0.71616,0.65596,0.68317,242,62,17,110,45,285,108,20,228,42,33,133,209,54,10,131
1762571751.139513,2.83284,0.06729,0.74262,-0.73121,0.68018,0.67883,299,49,12,114,41,274,106,18,218,34,37,155,210,61,5,135
1762571759.42313,2.73245,0.0695,0.66882,-0.68085,0.68129,0.70149,279,55,22,109,58,282,113,17,220,41,28,144,202,50,10,140
1762571767.7131953,2.75268,0.06863,0.63597,-0.73663,0.69803,0.68205,257,63,22,125,46,318,104,18,249,41,28,139,182,52,10,146
1762571776.0028353,2.76455,0.06729,0.63482,-0.72851,0.70961,0.69161,257,59,27,128,43,273,109,17,257,38,33,161,239,54,14,134
1762571784.2883282,2.6907,0.06942,0.66738,-0.75105,0.63353,0.63874,279,64,14,112,43,290,125,16,262,50,44,157,186,58,11,127
1762571792.5987613,2.70685,0.06988,0.64092,-0.68565,0.67857,0.70171,266,62,24,127,55,268,102,14,232,34,38,144,220,51,10,128
1762571800.875378,2.78695,0.06698,0.72973,-0.72383,0.67462,0.65877,310,49,21,138,42,292,95,20,255,42,33,131,208,57,15,142
1762571809.1550944,2.75796,0.06634,0.67546,-0.72574,0.6788,0.67797,271,59,21,142,45,307,102,20,268,41,34,124,263,62,14,133
1762571817.4468567,2.76015,0.06975,0.63834,-0.74648,0.6815,0.69383,280,66,17,96,42,284,88,12,223,32,36,136,208,51,11,135
1762571825.7369432,2.79694,0.06803,0.67304,-0.69752,0.68868,0.7377,279,62,15,115,48,265,111,19,207,35,31,151,219,47,9,152
1762571834.0262492,2.68497,0.07254,0.68545,-0.66914,0.71703,0.61337,245,57,10,114,55,241,97,12,225,34,25,133,198,66,15,140
1762571842.340337,2.756,0.06819,0.66738,-0.74713,0.66094,0.68056,276,56,22,115,37,271,109,18,246,45,34,141,220,61,8,143
1762571850.626326,2.72268,0.06899,0.65145,-0.7131,0.69794,0.66019,278,57,27,120,53,291,121,16,234,38,28,137,199,59,11,143
1762571858.9161777,2.66955,0.07146,0.65401,-0.67048,0.67757,0.66749,250,68,14,142,57,277,88,15,231,32,37,128,209,56,11,127
1762571867.2315185,2.6292,0.07134,0.64114,-0.67982,0.64465,0.66359,262,64,18,113,52,271,112,21,215,46,32,146,192,62,11,169
1762571875.526716,2.69324,0.07151,0.65421,-0.71631,0.68636,0.63636,255,54,20,99,47,262,101,13,234,33,36,137,204,64,12,138
1762571883.820708,2.78055,0.06639,0.6345,-0.77143,0.68928,0.68534,273,70,19,125,37,300,103,15,255,40,31,131,254,63,10,137
1762571892.1234605,2.70482,0.07065,0.60722,-0.71363,0.67654,0.70743,246,64,23,110,45,258,113,17,238,36,35,130,206,45,16,150
1762571900.4098718,2.72923,0.06909,0.63907,-0.75281,0.65217,0.68519,278,64,21,108,35,289,101,20,223,42,34,138,225,53,15,139
1762571908.7185946,2.73364,0.06998,0.69068,-0.76812,0.63182,0.64303,283,60,13,116,35,261,105,13,219,41,40,140,195,57,16,141
1762571917.0279937,2.69553,0.06794,0.69352,-0.69362,0.64854,0.65986,310,63,15,121,44,269,129,28,261,52,32,133,214,61,14,152
1762571925.312543,2.79,0.06896,0.65072,-0.7479,0.71831,0.67308,240,49,24,105,41,310,106,19,244,35,25,122,202,53,15,146
1762571933.6332843,2.73788,0.06813,0.6396,-0.6967,0.74304,0.65854,285,77,14,129,43,279,107,26,263,32,28,144,211,62,8,129
1762571941.9232852,2.73385,0.06875,0.67078,-0.71364,0.65929,0.69014,283,66,14,123,46,272,105,17,238,47,30,137,229,60,6,131
1762571950.232633,2.81593,0.0679,0.69021,-0.69438,0.68849,0.74286,254,53,15,117,47,278,99,21,228,38,31,146,227,44,10,139
1762571958.5037737,2.70438,0.07019,0.65164,-0.67347,0.68276,0.69652,261,67,18,142,53,263,106,19,232,40,29,134,193,49,12,148
1762571966.8361099,2.85,0.06578,0.65574,-0.78495,0.66594,0.74872,271,64,20,133,32,301,114,18,241,48,29,143,205,39,10,136
1762571975.117739,2.74218,0.06911,0.65376,-0.65823,0.75,0.68019,261,60,16,102,56,292,101,25,243,31,24,142,220,58,9,132
1762571983.4237137,2.73983,0.06897,0.676,-0.73636,0.64651,0.68095,302,57,24,117,40,282,100,18,228,29,47,126,224,58,9,129
1762571991.7185624,2.71088,0.07055,0.70192,-0.71946,0.7,0.5895,260,51,11,94,41,272,108,21,247,43,26,144,213,69,17,120
1762571999.9959908,2.68353,0.07018,0.68789,-0.66457,0.71298,0.61809,267,54,22,144,55,279,118,25,241,32,31,135,188,60,16,134
1762572008.2882085,2.73927,0.06951,0.66364,-0.72414,0.68879,0.66271,252,51,23,114,40,282,118,24,228,37,31,141,206,56,15,144
1762572016.584572,2.57231,0.07255,0.62527,-0.69658,0.62232,0.62814,252,69,17,121,53,294,103,18,239,51,37,139,208,57,17,116
1762572024.8968637,2.77591,0.06771,0.64979,-0.71674,0.71101,0.69838,277,72,11,114,48,285,115,18,245,31,32,128,221,51,14,145
1762572033.1873732,2.82129,0.06631,0.74292,-0.72152,0.69469,0.66216,273,43,16,127,43,299,109,23,235,44,25,148,234,64,11,135
1762572041.4756558,2.78639,0.06813,0.64822,-0.72986,0.67532,0.73298,272,66,23,145,47,264,101,10,241,42,33,146,202,44,7,129
1762572049.752138,2.78395,0.06878,0.73499,-0.75267,0.6545,0.64179,277,44,20,142,32,284,127,26,221,38,33,119,206,59,13,124
1762572058.0993826,2.77496,0.06988,0.68,-0.73604,0.70306,0.65586,258,52,20,120,33,257,85,19,260,34,34,130,226,57,12,106
1762572066.3719656,2.77478,0.06785,0.68273,-0.71429,0.67593,0.70183,297,57,22,122,46,274,104,17,237,39,31,125,219,57,8,152
1762572074.6615481,2.78902,0.06789,0.64454,-0.76777,0.64516,0.73154,276,61,22,108,33,278,95,16,227,41,36,130,239,53,7,148
1762572082.9364398,2.75558,0.06994,0.67699,-0.71905,0.72447,0.63507,257,56,17,122,38,262,99,21,231,38,20,132,205,61,16,140
1762572091.2467806,2.84035,0.06721,0.65895,-0.74723,0.7381,0.69608,282,62,19,112,44,276,118,13,233,35,20,132,218,54,8,128
1762572099.5504835,2.62707,0.07252,0.64579,-0.71619,0.66204,0.60305,263,61,21,118,47,278,109,17,219,38,35,140,200,61,17,115
1762572107.8523443,2.83848,0.0673,0.67672,-0.70588,0.72286,0.73301,270,56,19,119,48,268,109,17,241,35,25,132,224,45,10,133
1762572116.138849,2.61844,0.07084,0.61943,-0.71734,0.66147,0.62019,279,84,10,121,44,280,121,22,250,39,37,123,219,65,14,118
1762572124.4247613,2.64333,0.07203,0.63239,-0.67961,0.67568,0.65566,261,61,23,112,47,242,104,19,243,39,33,129,216,56,17,135
1762572132.7004435,2.60813,0.07162,0.62771,-0.64865,0.65986,0.67191,257,69,17,119,59,268,98,19,241,40,35,125,235,62,11,137
1762572141.0025024,2.70389,0.06898,0.62118,-0.70522,0.71754,0.65996,256,63,30,142,49,275,101,16,246,33,29,131,235,60,16,136
1762572149.3040822,2.64794,0.07061,0.6,-0.66953,0.6278,0.75061,261,69,24,111,52,293,96,25,239,46,37,124,201,40,11,157
1762572157.5939817,2.62175,0.07288,0.68192,-0.64545,0.6875,0.60688,284,63,10,102,59,243,119,19,221,36,29,130,194,61,19,133
1762572165.907813,2.72465,0.0704,0.63839,-0.67832,0.70917,0.69877,253,62,19,114,50,270,90,19,243,36,29,139,201,52,9,143
1762572174.206243,2.74239,0.07017,0.72532,-0.73427,0.66118,0.62162,270,55,9,132,41,268,104,16,241,36,36,112,193,64,13,137
1762572182.4962826,2.73296,0.06958,0.70741,-0.69087,0.64569,0.689,311,59,14,115,52,251,110,14,228,38,38,125,205,54,11,148
1762572190.8103905,2.56657,0.0725,0.62368,-0.62092,0.7027,0.61928,263,66,23,121,58,255,117,29,216,36,30,162,209,62,17,127
1762572199.1258156,2.67974,0.07017,0.69102,-0.68707,0.70439,0.59725,286,55,19,119,50,261,111,19,234,34,30,135,228,68,20,121
1762572207.4149976,2.70807,0.06883,0.70661,-0.62874,0.69231,0.68041,275,54,17,138,63,298,110,30,259,37,35,137,204,47,15,122
1762572215.6982453,2.75711,0.0692,0.73483,-0.73069,0.63819,0.6534,250,51,8,136,55,304,133,13,218,35,37,108,221,60,14,132
1762572223.999817,2.61657,0.07079,0.67579,-0.67728,0.58963,0.67386,265,63,14,133,52,290,105,24,230,62,33,138,213,58,10,136
1762572232.291248,2.79989,0.06674,0.67015,-0.73729,0.75652,0.63593,283,59,20,117,39,303,107,23,259,24,32,145,212,63,14,134
1762572240.584424,2.69961,0.06818,0.66599,-0.70751,0.67227,0.65385,289,65,17,120,54,306,126,20,249,43,35,149,211,54,18,133
1762572248.8699431,2.70617,0.06972,0.71488,-0.70339,0.61625,0.67164,304,51,17,105,51,301,101,19,235,41,44,123,210,55,11,126
1762572257.1627882,2.66858,0.07009,0.66379,-0.67257,0.70722,0.625,249,56,22,137,54,284,94,20,273,31,40,141,218,71,7,120
1762572265.47505,2.73378,0.06747,0.67623,-0.73707,0.60752,0.71296,262,57,22,147,47,287,116,14,242,50,44,143,226,48,14,144
1762572273.7717774,2.6392,0.07131,0.67521,-0.65517,0.6298,0.67901,271,56,20,121,60,274,110,20,236,40,42,125,209,55,10,131
1762572282.0911868,2.72951,0.06927,0.6833,-0.70601,0.67043,0.66977,256,59,14,132,45,272,111,21,246,37,36,124,213,55,16,146
1762572290.3696742,2.75245,0.06845,0.67391,-0.72,0.71175,0.64679,265,54,21,120,48,272,115,15,246,35,30,140,224,62,15,135
1762572298.6769173,2.6286,0.07072,0.57895,-0.72577,0.64859,0.67529,264,87,17,126,39,258,107,19,233,44,37,147,196,58,11,160
1762572306.9634697,2.73789,0.06774,0.70297,-0.73187,0.68467,0.61839,297,56,19,133,40,286,108,21,241,48,25,149,229,62,21,123
1762572315.267869,2.65948,0.07042,0.63057,-0.67241,0.6974,0.65909,249,70,17,135,41,270,118,35,225,35,29,134,229,59,16,136
1762572323.6197746,2.69885,0.06971,0.59833,-0.7155,0.67619,0.70883,272,73,23,110,46,301,103,21,232,30,38,120,196,50,11,162
1762572331.9010217,2.72609,0.07019,0.67982,-0.72766,0.69267,0.62594,272,62,11,111,45,275,131,19,237,38,27,121,193,61,14,133
1762572340.196758,2.78242,0.06828,0.63319,-0.78899,0.65238,0.70787,256,66,18,118,30,281,109,16,216,46,27,131,232,54,11,148
1762572348.4898415,2.59653,0.07113,0.6453,-0.67364,0.67382,0.60377,258,62,21,127,55,280,120,23,237,48,28,153,201,73,11,139
1762572356.7643611,2.81606,0.06679,0.71138,-0.69845,0.72385,0.68238,307,55,16,114,47,276,107,21,276,34,32,136,192,53,11,147
1762572365.060716,2.62028,0.07179,0.68399,-0.66063,0.63593,0.63972,272,60,16,133,52,259,108,23,203,33,44,143,199,66,12,156
1762572373.3417149,2.60066,0.07223,0.62372,-0.73086,0.58108,0.665,276,68,24,121,43,276,97,15,214,49,44,137,195,59,8,138
1762572381.6182323,2.73968,0.06961,0.67019,-0.68276,0.74771,0.63902,266,55,23,129,48,266,100,21,250,24,31,131,201,56,18,135
1762572389.9087691,2.85,0.0662,0.73276,-0.72398,0.693,0.72104,291,50,12,111,38,279,102,23,245,31,37,130,226,46,13,138
1762572398.2161217,2.73136,0.06858,0.69369,-0.6962,0.65702,0.68444,269,52,16,107,54,289,113,18,222,48,29,150,233,56,15,146
1762572406.4980347,2.65689,0.07202,0.61165,-0.69374,0.66968,0.68182,236,57,23,96,50,267,98,16,229,46,27,140,232,54,16,138
1762572414.8238115,2.66605,0.07185,0.63719,-0.713,0.68493,0.63092,238,60,20,123,48,284,98,16,228,31,38,141,193,58,16,134
1762572423.1205988,2.69965,0.06986,0.64629,-0.6971,0.70233,0.65393,257,63,18,120,48,261,120,20,253,32,32,113,243,62,15,125
1762572431.424269,2.72741,0.06855,0.59833,-0.6868,0.74545,0.69683,258,69,27,124,51,279,98,19,255,31,25,129,241,56,11,134
1762572439.7200644,2.75843,0.06825,0.66998,-0.76211,0.66047,0.66587,282,66,17,138,40,292,108,14,222,38,35,135,218,60,10,131
1762572448.0132525,2.77977,0.06914,0.65254,-0.74194,0.69021,0.69509,265,63,19,125,39,278,100,17,234,45,23,137,190,52,7,138
1762572456.29746,2.76123,0.06874,0.72399,-0.74178,0.63274,0.66271,269,52,13,137,41,264,107,14,231,41,42,138,210,57,14,140
1762572464.5778081,2.68662,0.06975,0.68357,-0.71304,0.64523,0.64477,286,54,24,129,44,285,109,22,242,52,28,129,201,59,14,137
1762572472.8832107,2.69592,0.07043,0.65678,-0.6758,0.67257,0.69077,268,58,23,123,56,270,97,15,241,46,28,137,209,51,11,130
1762572481.1834066,2.61355,0.07062,0.66191,-0.69197,0.625,0.63466,268,62,21,140,51,284,106,20,234,53,34,143,200,55,23,149
1762572489.4806411,2.75554,0.06978,0.69323,-0.74822,0.66977,0.64433,285,58,19,140,34,260,108,19,228,37,34,131,195,62,7,124
1762572497.7823055,2.80663,0.06857,0.72269,-0.66887,0.69784,0.71722,282,44,22,128,54,280,98,21,231,30,33,123,187,47,8,147
1762572506.077547,2.75876,0.0683,0.65293,-0.69444,0.71116,0.70022,262,62,18,119,53,253,113,13,229,42,24,162,221,61,6,159
1762572514.3626266,2.68442,0.06991,0.57537,-0.69828,0.7037,0.70707,255,78,22,116,47,283,111,23,253,35,33,138,211,43,15,127
1762572522.65143,2.69756,0.07092,0.66869,-0.64574,0.74046,0.64268,290,64,18,123,58,267,100,21,203,38,13,139,202,61,11,129
1762572530.9378376,2.70994,0.07056,0.68182,-0.68109,0.63341,0.71362,235,54,16,135,51,266,103,19,224,45,34,128,229,51,10,136
1762572539.215132,2.6864,0.07075,0.63522,-0.74667,0.68075,0.62376,257,69,18,133,40,295,98,17,235,40,28,123,194,60,16,134
1762572547.5049353,2.81283,0.06701,0.6541,-0.73474,0.7355,0.68849,264,59,19,109,48,306,106,15,232,37,20,142,229,59,10,145
1762572555.8056233,2.67794,0.07035,0.66324,-0.71488,0.63723,0.66259,271,62,20,134,57,304,111,12,231,47,29,112,197,59,10,143
1762572564.1064079,2.74285,0.06866,0.63975,-0.70901,0.71111,0.68298,254,63,24,142,45,265,105,18,243,28,37,142,216,55,13,145
1762572572.400953,2.68741,0.06904,0.64143,-0.70711,0.64066,0.6982,294,80,10,118,49,293,115,21,227,47,29,120,234,53,14,143
1762572580.676588,2.6302,0.07157,0.64271,-0.63274,0.66897,0.68579,293,63,24,107,62,267,102,21,221,39,33,142,189,50,13,149
1762572588.970466,2.7037,0.0708,0.65021,-0.678,0.67757,0.69792,268,72,13,133,49,270,100,22,230,37,32,129,193,52,6,133
1762572597.3183265,2.73668,0.0682,0.61864,-0.71759,0.61555,0.7849,265,69,21,117,46,270,101,15,236,53,36,138,240,35,12,150
1762572605.6492176,2.74271,0.06901,0.68653,-0.70337,0.68534,0.66746,252,53,18,130,48,267,112,18,244,43,30,147,208,51,19,143
1762572613.9378319,2.65577,0.07097,0.64957,-0.7,0.689,0.6172,266,62,20,120,48,266,91,15,223,38,27,130,227,71,18,149
1762572622.2486968,2.85,0.0644,0.71493,-0.76072,0.74236,0.73723,249,47,16,130,36,288,102,17,255,28,31,144,218,44,10,139
1762572630.5315845,2.69904,0.07002,0.66222,-0.69369,0.66818,0.67494,258,51,25,116,46,272,104,22,243,47,26,124,234,58,14,137
1762572638.82741,2.70081,0.06934,0.63107,-0.69725,0.69231,0.68019,287,73,22,133,47,268,102,19,253,30,38,121,226,55,12,126
1762572647.1164463,2.79109,0.06789,0.704,-0.73272,0.6982,0.65617,303,64,10,123,41,273,103,17,237,44,23,140,209,61,10,133
1762572655.4119785,2.691,0.07063,0.62642,-0.68958,0.68981,0.68519,245,66,16,112,49,277,104,21,231,41,26,134,236,54,14,128
1762572663.6905472,2.85,0.06624,0.74728,-0.68722,0.73617,0.68193,275,46,12,126,43,278,105,28,252,34,28,156,216,53,13,133
1762572671.9908628,2.79178,0.0666,0.67002,-0.68081,0.7246,0.71635,295,69,13,120,49,311,105,30,257,29,32,125,210,49,10,147
1762572680.2896357,2.7251,0.06823,0.68421,-0.65966,0.64819,0.73304,281,52,20,103,59,323,111,30,220,40,33,122,245,47,14,151
1762572688.5660946,2.70751,0.07011,0.68722,-0.69469,0.64378,0.68182,268,53,18,115,49,271,112,20,249,41,42,134,195,53,10,138
1762572696.8569512,2.83692,0.06757,0.68337,-0.72932,0.74208,0.68215,296,65,14,124,43,251,94,11,247,32,25,138,218,53,12,126
1762572705.1474473,2.69339,0.06963,0.67158,-0.65789,0.68445,0.67946,279,59,19,118,53,263,115,25,222,42,26,141,195,56,15,177
1762572713.4175725,2.65663,0.06898,0.60624,-0.71121,0.64653,0.69265,283,76,25,129,51,279,118,16,231,54,25,137,235,51,18,145
1762572721.6901684,2.69131,0.06911,0.66337,-0.69296,0.69469,0.64029,280,66,19,140,57,289,108,15,255,41,28,128,205,60,15,137
1762572729.9955482,2.59312,0.07107,0.61088,-0.68842,0.65996,0.63387,266,78,15,119,49,276,125,25,230,39,37,141,219,58,22,138
1762572738.304249,2.64621,0.07276,0.67544,-0.68298,0.60656,0.68123,257,57,17,125,51,259,102,17,218,44,40,125,205,51,11,122
1762572746.599342,2.81198,0.06742,0.67006,-0.7013,0.71562,0.725,269,67,14,141,45,282,111,24,250,24,37,118,208,43,12,137
1762572754.898576,2.77559,0.0683,0.67896,-0.72926,0.71749,0.64988,265,62,12,122,42,306,90,20,224,38,25,159,226,61,12,118
1762572763.1923847,2.7592,0.06891,0.69631,-0.65702,0.71429,0.69159,263,54,16,128,53,280,92,24,223,27,34,143,210,57,9,152
1762572771.4657001,2.81847,0.06742,0.66739,-0.73626,0.68018,0.73464,270,58,19,116,43,292,103,17,237,38,33,136,196,45,9,157
1762572779.766502,2.72135,0.06907,0.61649,-0.74654,0.67111,0.6872,280,73,20,112,40,270,109,15,244,36,38,132,214,54,12,142
1762572788.0656934,2.69644,0.06913,0.69138,-0.66359,0.65975,0.68171,288,60,17,134,44,274,87,29,255,45,37,145,202,57,10,152
1762572796.3652968,2.7429,0.06883,0.71429,-0.73059,0.64626,0.65176,288,64,6,132,34,278,101,25,233,36,42,130,206,59,15,145
1762572804.6417837,2.71579,0.06898,0.65474,-0.75676,0.68192,0.62238,263,69,13,130,35,286,104,19,243,39,34,143,233,71,10,115
1762572812.9317067,2.72576,0.06879,0.66887,-0.74292,0.64807,0.66589,265,62,13,113,31,284,116,28,245,41,41,139,207,61,11,152
1762572821.2162006,2.73208,0.0698,0.63478,-0.70753,0.73148,0.65829,271,67,17,105,43,299,98,25,245,28,30,129,192,61,7,138
1762572829.4912388,2.79532,0.06763,0.63834,-0.73815,0.70776,0.71106,262,66,17,114,40,284,101,18,242,25,39,132,229,54,10,150
1762572837.82824,2.57287,0.07219,0.58367,-0.67742,0.67981,0.63196,264,84,18,124,55,284,106,20,239,35,34,123,203,62,14,134
1762572846.1180778,2.70196,0.07135,0.67347,-0.70833,0.69053,0.62963,250,52,20,119,49,268,101,14,242,30,37,124,207,56,19,123
1762572854.4237242,2.80194,0.06753,0.65762,-0.73148,0.70655,0.70629,279,63,19,118,43,275,99,15,245,36,29,133,219,52,11,147
1762572862.7183075,2.7683,0.06744,0.70732,-0.71306,0.66302,0.6849,263,53,13,122,49,297,103,18,249,44,33,131,223,60,12,162
1762572871.0156865,2.72594,0.06975,0.6652,-0.76682,0.59368,0.70025,253,56,20,125,40,280,114,12,220,37,53,133,210,53,8,136
1762572879.2856498,2.80738,0.0675,0.63596,-0.75431,0.70419,0.71292,241,67,14,123,36,293,114,21,262,36,31,124,213,52,8,145
1762572887.5832677,2.80675,0.0671,0.72565,-0.73695,0.67667,0.66748,309,57,12,125,47,315,101,16,229,45,25,134,209,56,12,132
1762572895.8696756,2.71199,0.06817,0.65854,-0.7,0.66079,0.69266,289,65,19,119,41,288,120,31,234,41,36,143,224,52,15,145
1762572904.1664748,2.62981,0.07233,0.6281,-0.66071,0.63107,0.70992,282,63,27,112,51,269,103,25,221,41,35,115,196,46,11,140
1762572912.439026,2.77922,0.06774,0.67257,-0.74004,0.67742,0.68919,255,59,15,123,45,293,122,17,239,41,29,125,215,59,10,160
1762572920.7398622,2.74114,0.06887,0.68288,-0.78795,0.66376,0.60656,281,61,14,117,31,258,113,13,242,41,36,139,197,66,18,146
1762572929.0114458,2.81225,0.06766,0.70763,-0.70742,0.71759,0.67961,282,52,17,121,44,275,116,23,230,33,28,141,206,51,15,140
1762572937.3279343,2.71909,0.06979,0.68539,-0.66379,0.72687,0.64303,251,52,18,124,56,265,121,22,243,37,25,149,218,62,11,118
1762572945.6233456,2.6438,0.07304,0.70721,-0.66019,0.65321,0.62319,265,49,16,114,48,234,108,22,222,35,38,126,189,69,9,147
1762572953.9106221,2.69334,0.07,0.67896,-0.71034,0.69462,0.60941,263,55,19,124,45,271,101,18,239,36,35,155,202,69,14,140
1762572962.188681,2.83173,0.06687,0.65532,-0.73077,0.77974,0.6659,269,64,17,120,39,264,96,17,263,25,25,141,229,54,19,135
1762572970.470514,2.55334,0.07391,0.64017,-0.7011,0.65063,0.56145,272,61,25,120,48,284,103,20,220,37,32,106,193,76,15,131
1762572978.7663019,2.76575,0.06967,0.71429,-0.69499,0.67727,0.6792,253,49,12,113,51,276,113,19,247,46,25,122,192,50,14,143
1762572987.0581706,2.73559,0.0679,0.66667,-0.71908,0.69231,0.65753,284,65,15,116,53,286,124,14,243,42,28,142,216,65,10,147
1762572995.3468874,2.78253,0.06768,0.70105,-0.75115,0.66592,0.6644,277,54,17,127,42,276,104,12,246,43,32,128,215,59,15,152
1762573003.6349332,2.77609,0.06888,0.6822,-0.74766,0.62857,0.71765,269,64,11,128,42,280,94,12,228,41,37,114,215,51,9,150
1762573011.96169,2.67743,0.07016,0.65142,-0.66879,0.68129,0.67593,276,59,21,103,56,270,123,22,240,34,35,124,218,58,12,144
1762573020.2867382,2.72889,0.0686,0.64135,-0.71681,0.73602,0.6347,277,67,18,112,52,284,104,12,257,30,29,131,218,62,18,140
1762573028.589543,2.81345,0.06663,0.68842,-0.72234,0.70293,0.69976,277,57,17,124,47,304,93,17,250,42,29,157,209,52,10,142
1762573036.8928113,2.69647,0.07075,0.66592,-0.73696,0.67742,0.61616,253,59,16,121,40,285,98,18,252,43,32,138,189,64,12,131
1762573045.2033002,2.78103,0.0678,0.75163,-0.71922,0.68282,0.62736,285,46,11,117,47,304,94,18,234,40,32,148,207,69,10,138
1762573053.5032175,2.62699,0.07166,0.61021,-0.66949,0.6621,0.68519,225,67,17,122,46,292,102,32,224,37,37,140,212,58,10,152
1762573061.7820475,2.69767,0.06921,0.66063,-0.73363,0.63169,0.67171,244,65,10,123,42,274,110,17,244,46,40,137,234,66,10,153
1762573070.0757587,2.60569,0.07124,0.64179,-0.69462,0.65548,0.61379,270,69,15,115,47,278,116,24,231,44,33,139,220,67,17,131
1762573078.4130049,2.76076,0.06953,0.65864,-0.69536,0.68627,0.72048,274,57,21,105,53,289,95,16,221,38,26,123,209,46,12,148
1762573086.7270224,2.85,0.06533,0.74004,-0.72371,0.69336,0.71905,271,54,8,144,48,283,135,19,225,36,31,145,225,50,9,136
1762573095.05008,2.74274,0.0697,0.69643,-0.70089,0.70561,0.63981,261,51,17,119,40,280,101,27,234,30,33,131,210,66,10,136
1762573103.3312476,2.759,0.07007,0.70815,-0.74596,0.67686,0.62803,277,47,21,121,39,277,101,16,239,38,36,145,195,53,16,107
1762573111.6190171,2.71419,0.06931,0.69102,-0.68352,0.70156,0.6381,286,53,21,119,51,273,110,21,232,38,29,150,213,57,19,131
1762573119.9047394,2.76864,0.06947,0.68602,-0.74419,0.60998,0.72846,268,61,12,124,35,267,108,20,234,41,45,121,198,38,14,133
1762573128.1879122,2.74403,0.06845,0.65112,-0.72443,0.70507,0.66341,275,65,21,132,51,301,112,15,235,29,35,135,225,61,8,116
1762573136.4745896,2.73019,0.07096,0.70431,-0.69444,0.6691,0.66234,277,52,20,138,43,267,99,23,220,37,31,123,211,56,9,109
1762573144.7603753,2.76148,0.06862,0.68553,-0.7045,0.71362,0.65783,276,56,19,126,45,283,115,24,213,32,29,152,198,61,10,146
1762573153.0739167,2.75726,0.06905,0.68737,-0.72146,0.62914,0.7193,271,52,21,123,46,271,106,15,243,49,35,126,209,43,13,134
1762573161.3618689,2.75649,0.06824,0.70124,-0.72314,0.68056,0.65155,260,63,9,150,43,298,119,24,238,39,30,125,209,57,16,137
1762573169.6383286,2.70765,0.06912,0.71726,-0.7069,0.69091,0.59259,288,53,15,125,52,295,101,16,237,41,27,135,217,77,11,127
1762573177.925058,2.82011,0.06815,0.66514,-0.75169,0.7094,0.69388,251,58,15,112,38,287,101,17,262,43,25,138,214,49,11,118
1762573186.225165,2.74709,0.06821,0.66953,-0.68317,0.69087,0.70353,252,59,18,137,60,306,119,20,230,38,28,131,222,50,13,140
1762573194.5093858,2.68571,0.07096,0.6749,-0.68397,0.65929,0.66755,280,62,17,127,52,285,88,18,245,41,36,130,172,50,13,144
1762573202.7995932,2.76836,0.06852,0.69462,-0.72018,0.71429,0.63927,284,51,20,110,47,253,122,14,241,34,28,131,222,60,19,137
1762573211.087162,2.64891,0.07043,0.66393,-0.67702,0.63895,0.669,287,61,21,119,51,304,101,27,226,39,37,119,213,57,14,145
1762573219.3819284,2.70373,0.07071,0.65532,-0.7226,0.6872,0.63861,272,63,18,117,44,269,116,18,235,32,34,121,192,58,15,139
1762573227.6580677,2.75437,0.06915,0.65864,-0.72286,0.70222,0.67064,266,57,21,113,36,287,86,24,239,37,30,144,208,55,14,142
1762573235.9498472,2.63557,0.07148,0.70044,-0.6875,0.64186,0.60577,248,50,18,138,50,295,110,25,224,46,31,129,193,64,18,141
1762573244.2332778,2.69453,0.06859,0.67123,-0.70563,0.69267,0.625,286,62,22,141,48,286,108,20,239,35,30,119,231,72,15,146
1762573252.5260289,2.85,0.06666,0.70886,-0.73636,0.6833,0.72362,286,57,12,119,45,292,90,13,240,43,30,148,211,45,10,132
1762573260.8245175,2.77936,0.06816,0.68996,-0.70492,0.6967,0.68778,293,55,16,94,37,277,87,26,246,36,33,140,243,64,5,130
1762573269.1100304,2.72627,0.06948,0.74043,-0.65864,0.69362,0.63359,288,47,14,121,55,272,107,23,248,40,32,150,198,60,12,123
1762573277.385732,2.70844,0.0701,0.65044,-0.6422,0.67506,0.74074,250,60,19,123,58,258,100,20,242,36,35,124,228,44,12,148
1762573285.6904368,2.77898,0.06863,0.69058,-0.73333,0.67431,0.68075,255,55,14,122,42,277,113,18,239,37,34,126,225,53,15,133
1762573293.9820054,2.73405,0.06734,0.63825,-0.7364,0.68467,0.67473,270,74,13,124,46,299,116,17,260,40,33,130,234,58,16,147
1762573302.2767994,2.5251,0.07149,0.67702,-0.64255,0.58025,0.62528,268,64,14,137,60,271,115,24,229,59,43,155,222,62,21,138
1762573310.580472,2.72471,0.06842,0.69811,-0.69539,0.63556,0.69565,291,51,21,114,52,306,117,24,250,52,30,118,200,52,11,151
1762573318.878765,2.77156,0.06775,0.67967,-0.71789,0.66825,0.70575,271,55,23,138,45,288,120,22,231,35,35,121,224,57,7,147
1762573327.1754787,2.65821,0.07033,0.70678,-0.65948,0.64655,0.64539,279,47,20,111,59,276,109,20,248,49,33,134,210,63,12,138
1762573335.4621854,2.71134,0.07134,0.65217,-0.71111,0.66827,0.67979,245,60,20,135,44,266,119,21,220,34,35,127,196,49,12,124
1762573343.7572134,2.72259,0.06965,0.65275,-0.73756,0.66809,0.6642,265,65,14,111,49,290,94,9,248,40,38,144,208,54,14,129
1762573352.0271204,2.69288,0.07006,0.66874,-0.69555,0.65639,0.67221,272,66,14,131,42,270,92,23,238,41,37,138,212,58,11,140
1762573360.3328862,2.67082,0.06944,0.65587,-0.69565,0.63239,0.68692,286,58,27,123,45,284,106,25,236,48,36,137,202,60,7,159
1762573368.6112113,2.73434,0.06934,0.66071,-0.66372,0.74324,0.66667,270,53,23,102,48,270,106,28,252,35,22,135,222,59,12,133
1762573376.9056668,2.70863,0.07076,0.65801,-0.74447,0.68056,0.62559,253,60,19,130,34,253,102,18,245,39,30,118,210,66,13,133
1762573385.1882424,2.77115,0.06944,0.68577,-0.70883,0.6758,0.70075,276,54,20,121,41,266,92,20,228,35,36,139,206,52,8,135
1762573393.4757185,2.76097,0.07013,0.70588,-0.71707,0.64494,0.69307,253,52,13,124,39,260,92,19,246,42,37,120,214,54,8,128
1762573401.7583485,2.72217,0.06986,0.64035,-0.73068,0.67963,0.6715,245,64,18,129,45,282,110,16,236,50,20,131,211,53,15,135
1762573410.0480936,2.71196,0.06961,0.67364,-0.70982,0.59284,0.73566,277,59,19,123,43,277,106,22,211,54,37,145,226,42,11,122
1762573418.3324475,2.73932,0.06807,0.68064,-0.72286,0.67227,0.66355,296,65,15,125,41,272,101,19,258,44,34,140,209,59,13,147
1762573426.602262,2.70253,0.07061,0.69266,-0.6427,0.7037,0.66346,255,56,11,114,54,275,102,28,232,34,30,136,206,63,7,140
1762573434.8948734,2.70348,0.06937,0.66472,-0.71236,0.69091,0.63549,292,62,24,135,43,259,122,21,246,45,23,126,211,61,15,130
1762573443.1847272,2.77669,0.06936,0.70787,-0.74312,0.65421,0.6715,257,49,16,123,39,264,116,17,246,41,33,108,226,53,15,120
1762573451.4636207,2.85,0.06628,0.71247,-0.71364,0.72182,0.72477,281,53,15,124,44,283,94,19,239,29,29,120,232,49,11,144
1762573459.7666538,2.70507,0.07033,0.63557,-0.68276,0.65596,0.73077,260,68,16,117,44,255,111,25,244,41,34,117,217,48,8,143
1762573468.0412192,2.75694,0.06917,0.68724,-0.69469,0.65482,0.72018,284,50,26,126,47,261,122,22,206,41,27,120,238,53,8,137
1762573476.3476603,2.71077,0.06817,0.68399,-0.69957,0.67411,0.6531,273,60,16,132,51,286,110,19,246,44,29,129,245,69,12,141
1762573484.6424823,2.70179,0.07022,0.6513,-0.70115,0.67568,0.67366,271,61,26,141,47,264,106,18,205,42,24,136,223,58,12,136
1762573492.9353995,2.57868,0.07183,0.64017,-0.69432,0.63755,0.60664,263,63,23,129,57,266,122,13,236,41,42,139,202,68,15,137
1762573501.2247436,2.73536,0.06954,0.6043,-0.68591,0.71429,0.73086,260,74,18,113,43,269,96,25,230,35,25,130,225,50,8,148
1762573509.5005171,2.72918,0.07025,0.63678,-0.66748,0.72336,0.70156,254,64,15,102,50,252,89,18,232,26,35,148,225,53,14,157
1762573517.7792819,2.76969,0.06916,0.69021,-0.67873,0.69955,0.7012,272,59,9,99,52,270,101,19,239,29,38,140,208,50,12,145
1762573526.0753796,2.61211,0.07267,0.62174,-0.70419,0.63048,0.6557,280,67,20,93,51,267,119,16,219,36,44,134,201,56,12,126
1762573534.3622973,2.72881,0.06938,0.73077,-0.72146,0.6531,0.62347,277,42,21,128,42,256,121,19,258,52,29,128,200,59,18,132
1762573542.6546822,2.73671,0.07054,0.62946,-0.72811,0.67059,0.70854,247,60,23,118,39,281,94,20,240,38,32,115,203,47,11,137
1762573550.9454098,2.72095,0.07007,0.60722,-0.72603,0.72429,0.66341,263,70,17,93,43,254,124,17,246,30,33,148,199,53,16,142
1762573559.261901,2.6128,0.07261,0.60377,-0.70068,0.64091,0.66744,234,66,18,106,37,267,108,29,234,43,36,127,226,61,11,135
1762573567.5288043,2.76898,0.06824,0.67432,-0.69397,0.67249,0.72821,277,63,15,124,56,282,111,15,239,38,37,144,206,50,3,131
1762573575.8320136,2.85,0.06475,0.68775,-0.74449,0.71678,0.73206,282,60,19,145,42,285,111,16,259,30,35,135,227,50,6,135
1762573584.1171277,2.73474,0.06877,0.66885,-0.67462,0.67568,0.7156,271,52,24,112,53,280,106,22,265,38,34,107,226,50,12,148
1762573592.4039314,2.68865,0.06981,0.68233,-0.69133,0.72354,0.59145,250,60,11,126,49,303,97,24,263,29,35,136,223,73,13,112
1762573600.6762784,2.81471,0.06698,0.69157,-0.66525,0.74672,0.71116,237,47,17,114,53,293,100,26,248,34,24,152,223,54,12,168
1762573608.964714,2.76267,0.06973,0.65471,-0.74359,0.66437,0.7,245,61,16,124,48,273,135,12,231,35,38,131,204,46,11,119
1762573617.287512,2.73647,0.0694,0.70143,-0.66047,0.64889,0.72569,278,57,16,138,51,257,100,22,248,51,28,123,201,45,10,145
1762573625.5721288,2.71062,0.06963,0.67033,-0.72197,0.7013,0.61702,246,66,9,134,50,293,91,12,248,44,25,145,204,68,13,138
1762573633.857821,2.66362,0.06986,0.64807,-0.68996,0.65739,0.6682,284,63,19,100,50,271,116,21,250,47,33,137,225,55,17,137
1762573642.1400874,2.71339,0.06968,0.63223,-0.72124,0.71616,0.64377,266,74,15,129,43,277,112,20,252,40,25,141,204,57,13,119
1762573650.4394352,2.82224,0.06746,0.67756,-0.67857,0.71429,0.75182,274,56,18,111,46,256,120,26,234,37,26,144,211,41,10,149
1762573658.7415614,2.65489,0.07081,0.68192,-0.68514,0.63265,0.65517,261,59,14,125,52,266,114,19,234,46,35,126,206,61,14,154
1762573667.0240698,2.7568,0.06866,0.73305,-0.68791,0.68791,0.64792,277,43,20,132,49,281,103,22,254,32,39,130,201,60,12,136
1762573675.3203783,2.7336,0.0702,0.69388,-0.65049,0.68322,0.70602,277,60,15,138,56,237,103,16,216,38,29,140,211,49,12,143
1762573683.6057775,2.67496,0.0709,0.66527,-0.64871,0.66346,0.69752,284,63,17,114,53,242,110,22,225,46,24,121,247,57,10,129
1762573691.9105334,2.78555,0.06843,0.66946,-0.69752,0.71759,0.70098,270,65,14,129,51,269,107,16,222,37,24,149,213,52,9,134
1762573700.1912918,2.59478,0.07195,0.59091,-0.65315,0.62864,0.72208,269,81,18,116,54,249,118,23,241,47,36,123,222,41,15,125
1762573708.4798372,2.73439,0.0674,0.6405,-0.71313,0.68778,0.69298,267,61,26,130,59,320,104,12,235,48,21,138,248,55,15,138
1762573716.7961316,2.72029,0.06895,0.68337,-0.68511,0.66216,0.68966,293,64,15,127,51,282,114,23,243,43,32,126,200,51,12,143
1762573725.0852485,2.73713,0.07017,0.66307,-0.74888,0.63721,0.68798,270,56,22,115,42,274,116,14,218,39,39,134,196,49,12,134
1762573733.410251,2.70449,0.07178,0.68856,-0.68707,0.6872,0.64165,237,55,9,110,52,261,111,17,221,40,26,135,200,57,17,139
1762573741.6916308,2.70004,0.06929,0.69328,-0.71226,0.70419,0.59031,281,48,25,122,42,261,102,19,244,32,35,142,229,76,17,132
1762573750.0068123,2.58754,0.07076,0.63048,-0.61319,0.72062,0.62326,299,77,20,129,61,264,103,27,257,33,30,131,223,64,17,126
1762573758.3044786,2.68475,0.06958,0.64198,-0.67143,0.64754,0.72381,266,71,16,133,46,249,102,23,260,43,43,142,225,54,4,137
1762573766.60306,2.71032,0.07029,0.67089,-0.70709,0.63927,0.69307,270,60,18,126,47,286,87,17,227,38,41,132,217,51,11,125
1762573774.8970683,2.71604,0.06985,0.64465,-0.73009,0.64545,0.69585,235,57,21,126,37,280,111,24,233,39,39,129,220,51,15,148
1762573783.227993,2.71065,0.06968,0.67511,-0.66957,0.68636,0.67961,261,60,17,136,61,283,101,15,251,33,36,120,220,51,15,126
1762573791.5279324,2.76884,0.06878,0.6749,-0.6611,0.73187,0.70098,266,63,16,141,57,241,107,14,250,39,22,144,200,55,6,147
1762573799.836872,2.62947,0.07346,0.62077,-0.67742,0.65865,0.67263,242,59,25,117,43,275,89,27,212,36,35,133,192,53,11,135
1762573808.1126902,2.84839,0.06666,0.74279,-0.68849,0.66297,0.75414,259,45,13,134,47,272,102,22,245,41,35,130,231,41,11,140
1762573816.3780575,2.7301,0.0706,0.64811,-0.71707,0.73105,0.63387,257,62,17,113,32,248,104,26,212,26,29,142,213,66,14,144
1762573824.6708786,2.81997,0.06711,0.71667,-0.71678,0.73478,0.65174,275,53,15,137,44,286,108,21,257,34,27,142,198,60,10,134
1762573832.9547105,2.76948,0.06819,0.64389,-0.73246,0.70476,0.68837,274,76,10,123,49,299,96,12,228,32,30,130,199,59,8,164
1762573841.243663,2.6497,0.07291,0.62393,-0.71495,0.6391,0.67172,264,65,23,116,44,270,97,17,206,39,33,121,202,52,13,129
1762573849.5292401,2.738,0.07018,0.6824,-0.67757,0.68966,0.68837,274,57,17,118,48,263,96,21,227,36,27,116,227,50,17,136
1762573857.8589272,2.85,0.06458,0.7037,-0.75104,0.74831,0.67532,280,55,13,111,38,309,113,22,244,32,24,145,235,69,6,152
1762573866.1541016,2.67857,0.07054,0.65919,-0.6674,0.69231,0.65967,249,58,18,121,53,277,104,23,245,37,31,129,208,61,12,148
1762573874.4541035,2.75096,0.06747,0.61719,-0.75105,0.7193,0.66341,287,84,14,127,40,309,106,19,250,34,30,142,212,54,15,129
1762573882.74281,2.63926,0.07176,0.6468,-0.71905,0.6478,0.62562,262,67,13,111,41,253,108,18,239,47,37,154,206,64,12,124
1762573891.0168154,2.75841,0.06957,0.66541,-0.72397,0.6798,0.68922,298,72,17,145,31,248,108,26,214,36,29,127,218,47,15,119
1762573899.3004265,2.73488,0.06752,0.66939,-0.71613,0.68116,0.6682,295,68,13,114,47,289,110,19,256,34,43,150,206,58,14,156
1762573907.5932496,2.68751,0.07048,0.67423,-0.71364,0.72018,0.57946,270,66,13,136,37,270,107,26,234,28,33,141,185,69,17,138
1762573915.8803759,2.67748,0.07076,0.60563,-0.72018,0.68171,0.66995,279,80,18,120,49,263,112,12,220,31,36,134,194,56,11,145
1762573924.1902444,2.78142,0.06746,0.63889,-0.70667,0.77156,0.6643,284,74,17,129,47,273,111,19,227,27,22,153,203,57,14,149
1762573932.4680562,2.70744,0.0695,0.71667,-0.75057,0.69091,0.5493,276,56,12,136,38,292,94,17,254,42,26,118,188,80,16,142
1762573940.758249,2.76772,0.06886,0.68602,-0.69888,0.72665,0.65617,263,63,10,129,48,272,106,19,236,34,26,143,212,57,14,130
1762573949.0658078,2.69656,0.07,0.64706,-0.71363,0.63355,0.70233,265,60,21,113,47,270,101,15,239,37,46,131,222,60,4,144
1762573957.3742404,2.78751,0.06841,0.69008,-0.71556,0.6982,0.68367,282,59,16,127,45,296,90,19,231,37,30,146,205,52,10,125
1762573965.6685224,2.69779,0.07031,0.62857,-0.65727,0.72616,0.68579,272,74,17,127,56,280,102,23,217,25,31,136,196,50,13,142
1762573973.965106,2.64273,0.07199,0.65385,-0.70044,0.64977,0.63868,255,61,20,132,48,265,121,20,221,43,33,137,192,58,13,130
1762573982.2846875,2.76879,0.06985,0.61739,-0.73756,0.67581,0.73804,258,57,31,114,42,270,114,16,206,36,29,130,217,40,12,128
1762573990.5954864,2.79662,0.06857,0.67038,-0.69231,0.7129,0.72104,263,50,24,112,51,270,115,19,221,33,26,131,230,50,9,134
1762573998.8823698,2.73453,0.06888,0.66275,-0.71496,0.64114,0.71569,287,64,22,137,44,267,94,16,243,38,44,132,231,46,12,119
1762574007.168037,2.78766,0.06913,0.70642,-0.72115,0.66742,0.69267,267,48,16,105,42,260,98,16,227,47,27,144,207,52,13,151
1762574015.450065,2.6236,0.07087,0.62963,-0.76891,0.60986,0.6152,228,56,24,124,41,310,111,14,252,56,39,140,214,64,17,126
1762574023.7533922,2.74787,0.06999,0.66332,-0.69978,0.68017,0.7046,226,52,15,105,47,268,117,21,247,45,30,147,216,45,16,136
1762574032.0219667,2.74085,0.0694,0.62389,-0.73068,0.70588,0.68039,240,65,20,127,38,293,99,23,247,32,33,130,200,57,9,147
1762574040.3281803,2.85,0.06588,0.69978,-0.73913,0.71429,0.71223,261,57,11,124,44,303,117,19,245,35,29,139,237,47,13,120
1762574048.616629,2.82458,0.06713,0.64238,-0.75319,0.73488,0.69412,243,62,19,129,42,301,111,16,222,41,16,151,221,55,10,139
1762574056.932906,2.75141,0.06847,0.69365,-0.70277,0.64315,0.71183,264,55,15,123,41,237,101,18,249,55,31,147,227,53,14,171
1762574065.237536,2.73935,0.06932,0.67249,-0.74505,0.63636,0.68545,269,56,19,114,37,306,91,21,216,38,40,135,226,57,10,133
1762574073.530938,2.63953,0.07139,0.63596,-0.71494,0.66071,0.62791,249,66,17,124,42,271,102,20,231,46,30,141,219,64,16,131
1762574081.8075166,2.74271,0.06896,0.72008,-0.66893,0.7155,0.63819,283,56,13,141,51,278,90,22,256,43,24,148,181,50,22,145
1762574090.130513,2.79638,0.06795,0.64835,-0.72082,0.75529,0.67191,255,62,18,120,39,289,87,22,241,23,29,132,220,58,15,152
1762574098.4343314,2.85,0.06748,0.70732,-0.73474,0.7032,0.70822,272,49,17,113,38,295,117,25,233,34,31,140,178,49,6,144
1762574106.72127,2.63239,0.07286,0.63889,-0.69811,0.65022,0.64516,248,61,17,106,51,326,79,21,241,43,35,127,197,57,9,109
1762574115.0037541,2.73126,0.06814,0.66871,-0.7155,0.68565,0.6614,281,56,25,127,46,291,113,21,234,32,37,136,219,58,17,149
1762574123.2814465,2.74016,0.07002,0.66013,-0.72093,0.6878,0.6713,273,62,16,108,42,265,105,18,215,32,32,131,204,60,11,157
1762574131.573926,2.69185,0.07021,0.68067,-0.69536,0.65158,0.66423,274,57,19,126,60,264,120,9,222,43,34,143,197,54,15,145
1762574139.8622668,2.67741,0.06908,0.68763,-0.72489,0.70337,0.56152,289,58,19,127,47,283,112,16,243,33,33,136,217,79,19,132
1762574148.1548884,2.68378,0.07088,0.66667,-0.70772,0.66351,0.64589,254,61,16,131,48,295,114,22,211,37,34,140,207,59,12,123
1762574156.458758,2.64814,0.07111,0.67755,-0.65675,0.63551,0.67832,283,64,15,128,46,269,93,29,227,48,30,123,221,59,10,139
1762574164.7664492,2.79007,0.06724,0.67967,-0.766,0.67689,0.66751,272,67,11,137,42,282,118,11,268,46,33,142,197,54,12,134
1762574173.0520575,2.64164,0.07117,0.67442,-0.66372,0.65702,0.64649,273,61,16,123,60,283,93,16,235,31,46,137,201,58,15,139
1762574181.3482533,2.81701,0.06751,0.70989,-0.70323,0.72584,0.67805,270,51,15,119,53,274,122,16,231,35,26,153,193,58,8,151
1762574189.636836,2.7153,0.07114,0.69265,-0.71622,0.6338,0.67263,261,51,18,119,50,280,101,13,227,40,38,121,191,51,13,136
1762574197.9139829,2.66644,0.07057,0.66214,-0.66216,0.66055,0.68159,301,69,18,127,49,261,108,26,224,43,31,138,205,47,17,133
1762574206.1972654,2.76649,0.06924,0.66443,-0.7087,0.69336,0.7,253,56,19,119,41,278,115,26,251,38,29,119,211,50,10,129
1762574214.474613,2.85,0.06502,0.70385,-0.71888,0.70852,0.74346,319,63,14,124,52,309,119,18,251,34,31,130,213,41,8,120
1762574222.7641969,2.72931,0.07078,0.70588,-0.71556,0.68736,0.62051,258,52,13,119,50,280,106,14,232,36,32,135,193,67,7,123
1762574231.0664575,2.77155,0.06847,0.6386,-0.72922,0.70021,0.70352,287,67,21,112,43,259,105,14,251,41,29,146,210,49,10,129
1762574239.3406718,2.67224,0.07207,0.6682,-0.69575,0.67633,0.63196,241,56,16,121,49,263,116,19,216,34,33,131,181,65,11,156
1762574247.6566527,2.7216,0.06934,0.65919,-0.75229,0.62393,0.68618,257,58,18,113,34,270,112,20,249,51,37,131,217,53,14,143
1762574255.9441352,2.75158,0.06929,0.6614,-0.72062,0.70614,0.66341,228,62,13,140,44,263,125,19,246,35,32,143,192,52,17,149
1762574264.2429729,2.7215,0.07109,0.69102,-0.67254,0.68396,0.67397,268,52,22,137,43,238,94,22,224,36,31,133,217,51,16,127
1762574272.5484626,2.75261,0.07016,0.63063,-0.70483,0.74082,0.67633,235,65,17,127,40,236,99,18,268,30,30,135,198,55,12,149
1762574280.8295603,2.82417,0.0682,0.66524,-0.72596,0.6974,0.73558,285,66,12,103,39,266,93,18,229,35,29,130,215,45,10,146
1762574289.1110046,2.78712,0.06871,0.67932,-0.71296,0.7096,0.68523,272,61,15,126,47,260,110,15,250,36,26,115,214,52,13,134
1762574297.388971,2.70963,0.07006,0.66239,-0.71306,0.68345,0.65072,276,59,20,113,45,280,120,22,236,32,34,115,219,57,16,126
1762574305.6688056,2.70073,0.06962,0.67019,-0.71179,0.64889,0.66986,251,58,20,144,50,276,116,16,225,49,30,146,217,55,14,132
1762574313.9658506,2.60698,0.06943,0.59443,-0.7011,0.69136,0.62009,270,84,18,131,48,278,109,20,261,36,39,150,239,69,18,132
1762574322.2587457,2.85,0.06619,0.6888,-0.73504,0.73483,0.70277,294,50,25,113,47,294,112,15,238,30,29,148,189,49,10,149
1762574330.5596151,2.72099,0.07072,0.64017,-0.67254,0.70142,0.70686,270,67,19,122,46,229,103,19,235,33,30,124,225,55,7,136
1762574338.8674045,2.74744,0.06964,0.67715,-0.74942,0.65258,0.66829,282,55,22,118,30,277,100,24,240,34,40,112,200,53,15,142
1762574347.1629057,2.67557,0.06924,0.69565,-0.68736,0.62208,0.67048,281,58,19,148,52,250,117,16,247,49,40,135,243,59,13,122
1762574355.4481378,2.7071,0.0703,0.66742,-0.66234,0.6891,0.68825,276,57,17,95,56,275,109,22,236,40,27,128,216,52,13,136
1762574363.7651927,2.68679,0.06845,0.63793,-0.7351,0.6478,0.66596,269,73,11,111,38,279,114,22,252,46,38,141,250,65,14,144
1762574372.0510447,2.6945,0.07013,0.68996,-0.69882,0.65393,0.65179,277,55,16,110,48,253,108,16,251,45,32,117,229,69,9,141
1762574380.3661003,2.62855,0.07194,0.65427,-0.66228,0.68764,0.62437,258,66,13,120,56,281,98,21,242,42,30,147,214,54,20,106
1762574388.661248,2.75911,0.06854,0.7234,-0.69604,0.65471,0.68496,271,52,13,134,51,281,104,18,231,41,36,138,225,57,9,128
1762574396.9551702,2.67707,0.06931,0.69136,-0.65021,0.72336,0.61215,275,58,17,136,60,281,120,25,215,37,24,165,201,68,15,144
1762574405.242086,2.67796,0.0719,0.66276,-0.71041,0.6555,0.64929,258,53,19,97,50,275,103,14,204,41,31,142,212,60,14,136
1762574413.5230136,2.61559,0.07128,0.60268,-0.69231,0.62979,0.69082,225,65,24,134,49,270,126,23,254,50,37,129,206,49,15,144
1762574421.8063562,2.7324,0.06785,0.65984,-0.68696,0.70419,0.68142,275,62,21,130,50,267,121,22,251,38,29,135,226,61,11,154
1762574430.1073654,2.67328,0.07086,0.63115,-0.66746,0.64165,0.73303,262,78,12,136,48,273,78,22,217,41,33,122,242,50,9,141
1762574438.4033628,2.84477,0.06697,0.71245,-0.78795,0.69365,0.65072,283,52,15,116,24,292,79,20,260,42,28,127,210,60,13,135
1762574446.6974669,2.79316,0.06771,0.66452,-0.72234,0.71106,0.69524,266,62,16,121,42,291,106,22,234,32,32,145,208,56,8,148
1762574455.0067651,2.66355,0.07102,0.67615,-0.64434,0.67483,0.66822,253,51,23,130,54,254,102,23,245,28,45,131,209,54,17,148
1762574463.2893863,2.71737,0.06951,0.68519,-0.65812,0.66359,0.71047,250,55,13,114,55,265,123,25,216,46,27,145,221,56,9,163
1762574471.5753403,2.80794,0.06926,0.66379,-0.73604,0.66079,0.74731,266,63,15,120,29,257,85,23,244,40,37,133,178,39,8,147
1762574479.8530774,2.78799,0.06714,0.68889,-0.73913,0.6933,0.66667,274,56,21,144,41,268,112,16,247,39,32,145,227,63,9,133
1762574488.1544094,2.82258,0.06627,0.66876,-0.71938,0.67756,0.75688,259,62,17,139,42,273,113,21,247,37,37,138,247,45,8,136
1762574496.4381113,2.57736,0.07197,0.57918,-0.71922,0.66667,0.61229,249,73,24,115,51,288,110,14,251,40,36,129,203,64,18,138
1762574504.723587,2.67431,0.07015,0.62839,-0.72354,0.67591,0.64646,279,73,16,111,47,286,113,17,245,46,30,148,196,60,10,130
1762574513.0135367,2.71749,0.07106,0.70996,-0.67494,0.64736,0.68523,256,51,16,139,46,264,107,26,210,42,28,117,215,47,18,133
1762574521.3094585,2.71234,0.06887,0.66802,-0.66667,0.70642,0.67123,282,61,21,130,52,257,123,24,229,38,26,143,210,58,14,156
1762574529.587046,2.81204,0.06877,0.69907,-0.74107,0.69565,0.67624,245,46,19,122,39,294,96,19,263,35,35,127,201,53,9,120
1762574537.8867652,2.7611,0.06904,0.65932,-0.67873,0.69305,0.73,285,67,18,129,52,252,119,19,235,39,25,118,199,38,16,147
1762574546.1883533,2.82147,0.0676,0.6882,-0.74118,0.67191,0.72018,260,49,21,119,45,256,114,10,230,38,35,142,221,47,14,154
1762574554.4829164,2.79597,0.0695,0.69767,-0.71897,0.67981,0.69951,247,45,20,118,38,278,89,22,223,40,29,139,210,49,12,135
1762574562.77886,2.70077,0.07128,0.65727,-0.75455,0.64846,0.64051,258,63,16,124,38,279,107,16,228,33,41,119,177,59,12,147
1762574571.0520036,2.73048,0.07015,0.68282,-0.69263,0.69392,0.66111,251,53,19,131,56,295,107,17,256,37,36,148,183,54,7,116
1762574579.3420303,2.68325,0.06974,0.6383,-0.64898,0.6789,0.71707,248,66,19,137,63,298,106,23,248,32,38,118,217,50,8,135
1762574587.644509,2.68613,0.07099,0.5875,-0.70476,0.70233,0.69154,237,75,24,144,46,260,98,16,230,33,31,136,217,46,16,123
1762574595.9287603,2.77099,0.06739,0.68602,-0.70385,0.6713,0.70982,263,58,15,129,49,296,124,24,247,45,26,114,230,52,13,153
1762574604.2174377,2.5908,0.0721,0.61845,-0.73636,0.55,0.68599,262,74,17,124,40,269,113,18,207,56,43,134,210,53,12,139
1762574612.5036101,2.66189,0.0701,0.67615,-0.70168,0.57674,0.70732,261,59,15,122,48,297,108,23,201,54,37,138,236,55,11,149
1762574620.7974706,2.71362,0.06884,0.69358,-0.62527,0.69752,0.69725,278,59,15,131,67,262,111,19,248,38,29,128,232,49,17,138
1762574629.0995522,2.82267,0.06661,0.64407,-0.70136,0.75439,0.72286,264,62,22,124,39,273,103,27,255,29,27,145,242,51,9,131
1762574637.4395223,2.77183,0.06904,0.65665,-0.70575,0.66434,0.7451,248,57,23,138,46,265,106,18,229,41,31,128,218,41,11,138
1762574645.7397907,2.8414,0.06627,0.66302,-0.74728,0.71298,0.71812,274,55,22,106,40,287,114,18,223,39,24,153,228,54,9,156
1762574654.0247726,2.7371,0.0691,0.71663,-0.67164,0.6317,0.71712,283,56,13,135,57,299,93,20,215,42,37,135,190,38,19,156
1762574662.2919521,2.69375,0.06969,0.64331,-0.7,0.6868,0.66364,279,62,22,108,43,263,111,23,253,37,33,124,236,61,13,130
1762574670.594016,2.54293,0.07302,0.64319,-0.59236,0.66087,0.64651,227,59,17,123,68,263,112,28,259,48,30,123,209,61,15,145
1762574678.8767831,2.77886,0.06973,0.70194,-0.67907,0.64337,0.75448,267,53,16,127,52,263,98,17,226,35,39,115,216,39,9,127
1762574687.188729,2.65168,0.07209,0.60173,-0.67742,0.71566,0.65686,243,69,23,127,48,263,101,22,237,38,21,119,198,55,15,140
1762574695.463322,2.77018,0.06968,0.71749,-0.7364,0.67619,0.6401,271,47,16,112,47,307,108,16,224,33,35,128,187,54,16,132
1762574703.7618206,2.6186,0.07231,0.64629,-0.66079,0.60563,0.70588,269,68,13,108,57,286,91,20,230,49,35,112,213,49,11,135
1762574712.0423355,2.81961,0.0674,0.67785,-0.73874,0.73333,0.66968,259,58,14,116,44,276,110,14,251,34,24,126,224,58,15,145
1762574720.3330445,2.58681,0.07278,0.60417,-0.67907,0.61682,0.68675,265,66,29,120,44,255,106,25,230,44,38,116,218,51,14,132
1762574728.619974,2.58209,0.07405,0.71253,-0.64733,0.60294,0.61929,281,54,16,136,55,249,106,21,218,42,39,109,188,64,11,131
1762574736.915614,2.58226,0.07378,0.66311,-0.6882,0.57921,0.65174,253,62,17,137,48,273,106,22,190,47,38,129,191,55,15,141
1762574745.2087433,2.62477,0.07323,0.66972,-0.66667,0.6385,0.64988,250,53,19,114,47,255,95,23,228,59,18,121,210,58,15,134
1762574753.4892702,2.67517,0.07006,0.71429,-0.62609,0.68444,0.65035,281,56,10,115,56,271,103,30,249,35,36,130,231,58,17,123
1762574761.7853076,2.69842,0.06959,0.66004,-0.69748,0.65596,0.68493,256,65,12,120,56,295,109,16,234,42,33,127,227,53,16,142
1762574770.1009417,2.82124,0.06666,0.74403,-0.72646,0.69604,0.65471,272,47,12,130,43,290,95,18,255,38,31,130,227,62,15,142
1762574778.3892038,2.58047,0.07232,0.58785,-0.66667,0.67462,0.65133,230,78,17,136,60,272,103,15,251,33,42,135,219,62,10,122
1762574786.6781986,2.73773,0.06929,0.68443,-0.69851,0.67111,0.68367,278,57,17,117,51,303,97,20,244,47,27,132,204,52,10,126
1762574794.9734247,2.73536,0.07022,0.69892,-0.67421,0.68203,0.6802,280,50,20,115,48,264,106,24,232,37,32,133,203,50,13,128
1762574803.2860212,2.77177,0.06901,0.6888,-0.73742,0.67229,0.67327,264,58,17,143,44,300,97,16,221,38,30,126,189,53,13,149
1762574811.5538206,2.74981,0.06861,0.70943,-0.67452,0.68293,0.68293,299,59,18,154,49,286,105,27,210,31,34,135,220,52,13,125
1762574819.8356879,2.74113,0.06847,0.69762,-0.71236,0.66525,0.66589,253,50,20,140,42,281,100,22,234,36,43,159,194,62,10,165
1762574828.1430473,2.85,0.06594,0.65256,-0.76444,0.72358,0.71021,255,54,24,116,46,299,98,7,281,38,30,143,231,46,15,129
1762574836.4512038,2.63953,0.07218,0.62553,-0.72829,0.657,0.62871,273,67,21,109,49,271,117,12,205,39,32,138,191,65,10,138
1762574844.754106,2.66738,0.07062,0.63033,-0.71749,0.62948,0.69007,231,55,23,113,39,283,100,24,260,55,38,149,219,52,12,130
1762574853.0520523,2.70279,0.06904,0.65217,-0.70445,0.65739,0.68878,275,64,20,124,56,299,122,17,248,43,37,139,191,53,8,140
1762574861.3333237,2.70745,0.07057,0.65293,-0.66814,0.69596,0.69042,258,61,19,123,53,255,122,22,239,34,30,118,220,54,9,124
1762574869.606627,2.75433,0.0692,0.68103,-0.72577,0.66154,0.68599,265,56,18,125,44,257,108,14,237,43,34,141,209,50,15,140
1762574877.9276116,2.80969,0.06672,0.68085,-0.70732,0.71366,0.70787,276,57,18,119,46,273,112,20,254,36,29,135,239,42,23,141
1762574886.2258375,2.7727,0.06734,0.70281,-0.68203,0.69979,0.68807,284,57,17,140,54,276,89,15,255,40,31,147,217,54,14,151
1762574894.5060444,2.79999,0.06849,0.62851,-0.71625,0.74596,0.70927,259,68,18,118,44,251,124,18,239,28,27,139,215,50,8,126
1762574902.7954159,2.75808,0.06851,0.67033,-0.70386,0.6696,0.71429,245,61,14,135,42,285,112,27,233,42,33,146,218,49,10,136
1762574911.1014292,2.78035,0.06878,0.65351,-0.69762,0.69492,0.7343,265,54,25,112,42,264,129,28,224,35,28,126,228,49,6,131
1762574919.384156,2.77624,0.07036,0.68421,-0.63981,0.6872,0.76501,250,54,15,118,53,258,88,23,222,34,32,134,203,40,5,135
1762574927.6847186,2.69147,0.07148,0.6309,-0.70093,0.68734,0.67229,273,69,17,107,38,259,105,26,235,38,25,105,200,60,8,147
1762574935.9709039,2.67338,0.07107,0.69469,-0.67849,0.66029,0.63991,248,49,20,135,42,263,92,26,221,36,35,126,232,68,15,146
1762574944.2496605,2.65245,0.07149,0.62389,-0.64731,0.69159,0.68966,255,71,14,112,58,288,95,24,236,28,38,126,210,54,9,133
1762574952.5412183,2.70865,0.07016,0.58862,-0.68,0.70136,0.73867,249,76,18,114,55,286,113,21,246,36,30,130,214,43,6,112
1762574960.833521,2.72714,0.07005,0.68053,-0.75824,0.7,0.58838,260,60,13,124,41,293,107,14,210,38,25,147,201,74,11,127
1762574969.1177902,2.71922,0.06879,0.68333,-0.66986,0.73913,0.6269,287,61,15,117,49,245,104,20,268,34,26,132,233,76,10,142
1762574977.3959284,2.67093,0.0708,0.68519,-0.63441,0.65831,0.69302,246,54,14,118,68,264,116,17,227,45,30,137,227,52,14,137
1762574985.6884434,2.63032,0.0717,0.55819,-0.69697,0.67281,0.70235,280,87,25,115,39,259,105,26,248,37,34,115,177,45,12,149
1762574993.9790297,2.85,0.0642,0.70323,-0.72188,0.74603,0.71566,280,49,20,116,51,293,128,17,301,31,33,139,213,52,7,143
1762575002.254892,2.68498,0.06897,0.66603,-0.67544,0.67442,0.6691,290,63,24,144,47,293,89,27,253,49,28,143,203,55,13,140
1762575010.5480216,2.70313,0.06846,0.6952,-0.72135,0.61148,0.67511,282,56,17,124,45,260,123,17,231,52,36,134,231,66,11,166
1762575018.8321438,2.81821,0.0671,0.76724,-0.69979,0.67981,0.67136,291,42,12,119,54,286,116,17,235,39,30,127,224,59,11,132
1762575027.1215,2.75652,0.06938,0.73116,-0.68203,0.66512,0.67822,294,49,17,131,49,254,111,20,225,43,29,133,221,51,14,118
1762575035.4076908,2.63215,0.07117,0.65714,-0.63596,0.68421,0.65485,282,64,20,124,55,248,116,26,238,42,27,130,203,56,17,147
1762575043.6884544,2.77096,0.06764,0.68337,-0.72121,0.65485,0.71154,292,60,19,128,52,306,120,17,232,37,36,118,200,49,11,156
1762575051.96854,2.77856,0.06658,0.6652,-0.71053,0.73991,0.66292,265,64,12,113,53,340,115,24,244,34,24,144,230,59,16,140
1762575060.2577286,2.63168,0.07034,0.55224,-0.70626,0.68707,0.6861,262,76,29,102,47,273,122,21,235,44,25,137,222,57,13,154
1762575068.536026,2.74188,0.06879,0.68233,-0.66228,0.71183,0.68545,248,61,10,128,52,283,96,25,249,30,37,149,208,54,13,151
1762575076.8048437,2.59301,0.07365,0.62727,-0.6691,0.63554,0.6611,249,67,15,109,50,265,78,18,218,31,49,141,205,60,11,143
1762575085.0968804,2.73932,0.0685,0.6494,-0.74396,0.66807,0.67788,279,69,19,135,37,278,83,16,250,38,41,147,204,51,16,145
1762575093.3737874,2.72523,0.06921,0.63147,-0.72444,0.68973,0.67959,273,77,12,121,43,280,108,19,273,41,33,130,202,57,5,123
1762575101.6582577,2.69175,0.0697,0.63095,-0.70213,0.72632,0.63235,288,75,18,123,43,262,98,20,266,35,30,144,171,61,14,162
1762575109.9478958,2.65934,0.07168,0.61607,-0.71685,0.69604,0.63038,253,67,19,109,46,281,101,17,261,33,36,124,198,59,14,124
1762575118.3014545,2.65394,0.07067,0.59121,-0.67411,0.69095,0.69767,241,70,23,121,48,296,79,25,242,32,38,141,226,57,8,139
1762575126.5900452,2.85,0.0649,0.65805,-0.74222,0.74359,0.73464,299,68,18,118,32,289,103,26,251,33,27,157,209,43,11,144
1762575134.8956835,2.68211,0.07033,0.67983,-0.69593,0.68539,0.62095,277,57,20,127,45,282,114,26,234,33,37,141,203,64,12,122
1762575143.1948543,2.76754,0.06726,0.58763,-0.71613,0.76522,0.69856,265,82,18,120,46,298,101,20,265,28,26,141,215,52,11,140
1762575151.4798245,2.75268,0.0684,0.60691,-0.67462,0.75546,0.71569,262,70,21,110,53,274,112,22,251,26,30,151,199,48,10,151
1762575159.7800508,2.59667,0.072,0.61174,-0.70478,0.62613,0.65403,230,62,24,127,47,309,101,24,229,40,43,132,201,65,8,148
1762575168.0692508,2.60473,0.07195,0.67702,-0.6408,0.65358,0.63333,286,61,17,119,58,280,90,23,220,42,33,138,196,67,10,147
1762575176.3522058,2.72685,0.06885,0.68399,-0.68109,0.66013,0.70163,279,65,11,126,48,253,116,22,241,51,27,140,228,59,5,137
1762575184.6532342,2.62122,0.07184,0.64103,-0.65823,0.63981,0.68215,263,65,19,121,57,274,119,24,226,42,34,120,209,54,11,135
1762575192.9388106,2.74772,0.0699,0.67356,-0.68192,0.71838,0.67386,249,58,13,115,47,288,98,26,215,29,30,145,220,59,9,129
1762575201.2354548,2.77963,0.06826,0.74689,-0.69421,0.68037,0.65816,274,50,11,147,51,284,126,23,229,40,30,139,203,56,11,122
1762575209.5306692,2.66701,0.07054,0.67431,-0.7375,0.63319,0.62201,259,59,12,106,44,296,121,19,245,46,38,129,227,67,12,112
1762575217.8016522,2.84275,0.06773,0.70248,-0.72637,0.69195,0.72195,288,57,15,124,38,248,99,17,225,38,29,143,209,50,7,144
1762575226.1132324,2.71355,0.06963,0.61842,-0.74396,0.65502,0.69615,257,69,18,112,41,253,108,12,226,39,40,153,229,56,11,145
1762575234.4159462,2.77366,0.06767,0.71429,-0.73094,0.67832,0.65011,280,53,15,128,42,287,99,18,239,29,40,121,227,66,15,155
1762575242.708287,2.79053,0.06943,0.68958,-0.74074,0.67816,0.68205,251,58,12,130,33,279,97,23,239,38,32,126,201,55,7,127
1762575250.9807968,2.69934,0.07114,0.70046,-0.64523,0.70776,0.64589,258,50,15,111,54,262,109,26,230,41,23,144,205,62,9,125
1762575259.2832277,2.70231,0.07022,0.67006,-0.71429,0.66977,0.64819,282,60,21,128,38,262,110,24,211,42,29,148,213,61,12,129
1762575267.5737824,2.54973,0.07389,0.59732,-0.62857,0.693,0.63084,240,73,17,117,54,240,102,24,242,44,24,133,191,65,14,158
1762575275.8455963,2.69309,0.06877,0.61943,-0.6805,0.6809,0.71226,282,63,31,118,57,295,110,20,247,41,30,127,233,46,15,130
1762575284.1221545,2.84972,0.06785,0.72093,-0.71294,0.68664,0.72922,271,44,16,99,39,266,98,22,243,39,29,123,217,50,7,147
1762575292.421514,2.77851,0.06752,0.6952,-0.71429,0.6872,0.68182,272,62,11,134,47,295,119,22,225,35,31,131,229,60,10,141
1762575300.7301764,2.69682,0.07047,0.65517,-0.6603,0.68163,0.69972,257,65,15,127,57,272,119,23,257,42,36,155,189,47,6,111
1762575309.0340586,2.66558,0.07104,0.61382,-0.71759,0.68345,0.65072,293,83,12,104,44,284,87,17,212,34,32,139,204,58,15,141
1762575317.3186953,2.76935,0.06822,0.67473,-0.71625,0.72444,0.65393,271,58,16,110,49,250,125,13,247,33,29,141,228,61,16,140
1762575325.6175494,2.85,0.06689,0.69536,-0.71429,0.7305,0.723,250,57,12,134,42,263,115,21,231,29,28,135,231,46,13,136
1762575333.9195552,2.7909,0.06835,0.71138,-0.76224,0.68,0.63728,282,50,21,139,38,274,104,13,238,44,28,140,189,66,6,136
1762575342.2142365,2.72088,0.07093,0.67423,-0.69794,0.69157,0.65714,276,60,19,130,50,285,86,16,225,31,33,126,202,53,13,117
1762575350.5077422,2.77137,0.06841,0.7012,-0.73696,0.65753,0.67568,291,60,15,136,44,283,100,14,237,37,38,126,202,55,11,139
1762575358.8199456,2.60713,0.07181,0.66397,-0.71223,0.56828,0.66265,285,62,21,126,39,266,91,21,221,62,36,135,204,62,8,141
1762575367.118545,2.77412,0.06669,0.70638,-0.73499,0.6722,0.66055,257,54,15,144,46,311,108,18,261,45,34,142,195,61,13,167
1762575375.3959224,2.6637,0.07087,0.63761,-0.74672,0.63964,0.63972,247,54,25,110,38,301,99,20,230,46,34,134,218,63,15,137
1762575383.696685,2.67721,0.06935,0.68651,-0.70404,0.62162,0.66505,284,63,16,141,48,287,93,18,267,62,29,123,216,64,5,127
1762575392.0067925,2.77548,0.06858,0.68627,-0.66588,0.70968,0.71365,266,57,15,121,53,264,90,18,242,39,24,129,225,48,16,158
1762575400.279438,2.71246,0.07061,0.64396,-0.71364,0.65534,0.69953,255,52,29,119,46,282,95,17,231,40,31,110,210,52,12,152
1762575408.5886292,2.65998,0.07048,0.69323,-0.70655,0.65831,0.6019,294,60,17,131,46,273,105,19,250,33,42,114,207,68,16,131
1762575416.8742907,2.7664,0.06872,0.71779,-0.75904,0.67713,0.61244,280,55,14,140,38,272,93,12,229,40,32,145,210,69,12,127
1762575425.1707747,2.64357,0.07176,0.67411,-0.63462,0.62741,0.70743,262,58,15,113,58,253,87,18,239,50,37,141,228,51,10,128
1762575433.457574,2.70908,0.07017,0.68936,-0.63927,0.70975,0.6707,274,62,11,123,55,267,92,24,242,30,34,135,218,62,6,127
1762575441.7633648,2.79245,0.068,0.75246,-0.6934,0.67241,0.67419,316,50,13,130,42,269,90,23,238,49,27,150,217,51,14,117
1762575450.073611,2.75838,0.06651,0.65217,-0.75,0.65032,0.70588,265,68,16,134,50,308,133,13,253,53,29,134,224,56,9,153
1762575458.3590646,2.74477,0.0683,0.6748,-0.71843,0.66829,0.68326,276,60,20,136,44,302,113,24,226,39,29,116,234,59,11,138
1762575466.634112,2.76038,0.0692,0.6888,-0.71566,0.66287,0.69305,281,62,13,126,38,264,92,21,233,43,31,132,207,48,16,146
1762575474.9242702,2.74147,0.06848,0.7037,-0.67105,0.66596,0.70075,277,55,17,137,56,284,97,19,266,46,33,128,214,42,18,127
1762575483.201748,2.59427,0.07309,0.65179,-0.65702,0.61722,0.66825,255,65,13,115,53,270,102,24,227,40,40,111,209,62,8,143
1762575491.4773822,2.5923,0.0714,0.67483,-0.63248,0.67949,0.6055,248,62,11,128,57,274,108,29,254,39,36,139,217,69,17,133
1762575499.7595482,2.70347,0.06969,0.67715,-0.66964,0.69658,0.6601,276,59,18,124,59,271,103,15,245,39,32,152,180,49,20,157
1762575508.0303755,2.68898,0.07104,0.67123,-0.75166,0.67757,0.58852,252,61,11,114,35,272,123,21,228,35,34,131,206,69,17,126
1762575516.3525188,2.68173,0.07068,0.67265,-0.6933,0.60557,0.71021,267,58,15,106,49,295,97,22,227,43,42,119,221,51,10,139
1762575524.651165,2.74317,0.06914,0.6888,-0.71369,0.65647,0.68421,286,56,19,121,50,312,101,19,224,38,35,128,198,51,12,138
1762575532.9618793,2.66643,0.07036,0.65462,-0.68941,0.62037,0.70203,275,68,18,137,52,254,105,14,208,49,33,142,223,58,8,154
1762575541.251016,2.85,0.06652,0.72146,-0.70353,0.70492,0.73723,244,52,9,133,45,259,103,18,261,36,36,155,197,42,12,160
1762575549.549032,2.69323,0.06835,0.64158,-0.68539,0.6392,0.72706,311,80,20,147,44,268,107,26,235,48,33,133,223,48,10,144
1762575557.8499196,2.72043,0.06956,0.68919,-0.68737,0.65,0.69388,254,54,15,121,53,294,100,20,252,50,34,144,190,52,8,142
1762575566.1509356,2.78453,0.06766,0.68018,-0.71074,0.71034,0.68326,232,50,21,141,50,298,116,20,228,36,27,144,234,59,11,138
1762575574.4280825,2.76107,0.06856,0.7065,-0.67506,0.66239,0.71712,279,53,17,128,50,257,109,21,244,47,32,145,211,45,12,135
1762575582.7200654,2.78858,0.06832,0.69643,-0.73423,0.66449,0.69343,274,53,15,106,41,270,115,18,228,46,31,154,209,52,11,139
1762575591.003103,2.65489,0.07074,0.62879,-0.7254,0.67184,0.62887,288,74,24,142,37,265,112,23,239,40,34,138,195,63,9,121
1762575599.2992187,2.73999,0.06906,0.70149,-0.69556,0.6891,0.65385,278,50,20,121,50,296,105,22,223,37,30,141,206,58,14,138
1762575607.5990238,2.85,0.06525,0.72124,-0.72689,0.67982,0.75598,265,50,13,124,44,296,115,21,254,42,31,129,214,40,11,153
1762575615.9085295,2.71499,0.07169,0.66516,-0.6674,0.68041,0.70202,260,52,22,108,58,268,113,18,209,33,29,117,236,47,12,101
1762575624.2169874,2.74727,0.06943,0.65919,-0.71754,0.6422,0.72834,261,51,25,109,41,277,100,21,233,41,37,125,235,45,13,134
1762575632.5226548,2.64507,0.07049,0.66316,-0.65864,0.62869,0.69458,265,60,20,130,55,274,105,23,246,45,43,140,211,55,7,133
1762575640.8206127,2.69525,0.07009,0.6882,-0.68053,0.65297,0.67356,263,59,11,116,55,281,103,18,227,44,32,135,224,55,16,140
1762575649.0898151,2.75067,0.06986,0.72249,-0.66372,0.68276,0.68171,240,43,15,120,50,282,94,26,233,35,34,133,219,50,17,135
1762575657.4183638,2.79648,0.06695,0.6888,-0.69787,0.67619,0.73362,289,58,17,118,47,284,115,24,229,42,26,123,231,46,15,166
1762575665.7139416,2.6101,0.07254,0.63248,-0.66443,0.67464,0.63855,275,68,18,107,43,258,114,32,211,42,26,139,188,59,16,152
1762575673.9967527,2.68662,0.0714,0.68035,-0.65714,0.70093,0.64819,277,55,19,112,45,254,94,27,249,36,28,115,195,61,12,147
1762575682.2670705,2.8308,0.06696,0.62733,-0.71,0.73876,0.75472,261,57,33,132,45,235,107,13,243,38,23,163,235,43,9,137
1762575690.5409422,2.51175,0.07499,0.63793,-0.68396,0.63761,0.55224,265,64,20,115,47,258,99,20,228,51,28,129,204,74,16,108
1762575698.8373291,2.76098,0.06839,0.64606,-0.70825,0.69794,0.70874,262,62,21,124,50,299,105,19,237,37,29,134,212,50,10,140
1762575707.1311207,2.73428,0.06866,0.70933,-0.67686,0.64789,0.70021,261,48,19,133,49,274,110,25,215,46,29,136,229,54,16,168
1762575715.411579,2.80989,0.06763,0.70276,-0.70575,0.71492,0.68646,263,52,18,138,39,278,93,25,250,36,28,135,211,53,13,144
1762575723.686098,2.70739,0.06917,0.64059,-0.6484,0.69328,0.72512,266,60,25,122,55,243,118,22,261,46,27,142,205,46,12,159
1762575731.9792242,2.64215,0.07218,0.65432,-0.67866,0.67681,0.63235,260,63,21,142,45,241,109,22,231,36,33,127,209,69,6,124
1762575740.2495599,2.73819,0.06994,0.69556,-0.65919,0.69378,0.68966,290,49,23,111,45,246,124,31,228,36,28,126,214,47,16,129
1762575748.5246987,2.76412,0.06843,0.67421,-0.68644,0.68776,0.71571,265,51,21,105,51,286,112,23,256,39,35,144,208,44,13,136
1762575756.8359349,2.67024,0.07081,0.68966,-0.63596,0.6317,0.71292,256,54,18,136,61,286,87,22,228,45,34,122,225,48,12,133
1762575765.1108458,2.7872,0.06806,0.67111,-0.72473,0.65321,0.73815,249,61,13,127,46,285,116,18,238,34,39,110,233,48,10,152
1762575773.4007936,2.82905,0.0679,0.67312,-0.72,0.71429,0.72165,275,58,18,114,42,296,91,21,234,36,26,138,199,44,10,135
1762575781.697058,2.81471,0.06778,0.72685,-0.69262,0.74038,0.65485,259,45,14,114,47,285,128,28,214,32,22,148,220,61,12,130
1762575790.002145,2.56467,0.07183,0.65368,-0.678,0.56025,0.67273,243,62,18,139,52,252,118,19,241,56,48,128,229,55,17,139
1762575798.2790756,2.65072,0.07194,0.64588,-0.7012,0.61814,0.6855,276,66,22,133,44,264,89,18,215,46,34,124,213,51,13,130
1762575806.5691464,2.79322,0.06747,0.66597,-0.72093,0.6875,0.71882,267,56,24,132,44,271,99,16,231,41,29,147,230,51,11,149
1762575814.8359544,2.71351,0.0697,0.70213,-0.68421,0.66591,0.66125,285,47,23,115,49,272,96,20,235,37,37,134,233,63,10,125
1762575823.1286323,2.69603,0.07153,0.68308,-0.66897,0.64423,0.69975,275,59,15,118,52,256,107,20,226,36,38,116,211,46,13,123
1762575831.4084938,2.69026,0.06925,0.68737,-0.65751,0.70337,0.642,299,56,22,122,63,275,117,18,252,31,35,127,195,66,9,149
1762575839.719074,2.66987,0.07113,0.70276,-0.62555,0.66351,0.67805,287,52,18,114,58,257,112,27,217,44,27,134,202,50,16,142
1762575848.0228503,2.65163,0.07188,0.70791,-0.63981,0.70288,0.60102,293,58,14,128,48,246,100,28,247,37,30,137,183,60,18,130
1762575856.3281915,2.69822,0.06933,0.64133,-0.72949,0.68831,0.6391,298,76,16,123,46,277,113,15,252,34,38,138,197,61,11,130
1762575864.6094408,2.77668,0.06643,0.67227,-0.74468,0.68116,0.67857,258,65,13,140,42,295,115,18,255,51,26,151,235,56,16,141
1762575872.8972166,2.65252,0.07197,0.64147,-0.65176,0.68203,0.67726,250,62,21,130,51,258,93,23,241,41,28,124,204,53,13,139
1762575881.1682944,2.74468,0.06874,0.70661,-0.73799,0.59242,0.70766,287,57,14,126,41,285,113,19,211,49,37,125,237,47,16,131
1762575889.4719691,2.68111,0.06989,0.66167,-0.63596,0.70464,0.67883,268,63,16,120,52,274,99,31,249,34,36,155,206,52,14,139
1762575897.7716312,2.66322,0.07097,0.67364,-0.67059,0.71008,0.60891,280,64,14,120,45,253,102,25,256,39,30,151,195,69,10,130
1762575906.0511472,2.76959,0.06753,0.69263,-0.68421,0.67329,0.71946,290,60,13,112,44,274,110,28,245,35,39,134,238,48,14,142
1762575914.3304136,2.72923,0.06889,0.7364,-0.65022,0.65939,0.68322,287,50,13,128,52,257,111,26,234,42,36,146,209,55,12,147
1762575922.6187935,2.57152,0.07389,0.65358,-0.69263,0.59276,0.63255,249,57,18,109,57,301,101,16,240,44,46,112,208,55,15,103
1762575930.910523,2.5989,0.07351,0.66885,-0.6534,0.6247,0.65196,253,65,11,130,51,255,98,23,219,51,28,123,217,60,11,120
1762575939.2122893,2.69338,0.07004,0.6994,-0.69838,0.62979,0.66582,299,57,18,125,47,282,84,18,251,50,37,132,206,55,11,123
1762575947.4857883,2.8072,0.06825,0.73102,-0.73362,0.72792,0.61463,273,47,15,126,44,280,117,17,219,37,20,143,199,65,14,132
1762575955.7835603,2.77409,0.06794,0.70186,-0.71564,0.63834,0.71824,282,56,16,129,37,258,104,23,234,37,46,142,215,55,6,157
1762575964.0754259,2.66779,0.07164,0.69008,-0.66282,0.63196,0.68293,289,55,20,120,54,281,79,19,217,39,37,120,207,52,13,138
1762575972.349345,2.61044,0.07165,0.6696,-0.63983,0.621,0.68,255,56,19,124,60,287,100,25,213,43,40,142,212,60,8,145
1762575980.6305878,2.77632,0.0696,0.65376,-0.76098,0.64929,0.7123,257,61,15,106,33,254,107,16,227,44,30,121,222,52,10,147
1762575988.9234226,2.85,0.06514,0.68293,-0.75355,0.7155,0.73621,271,61,17,143,35,267,103,17,259,37,30,145,215,45,10,147
1762575997.19802,2.67087,0.07065,0.61135,-0.69976,0.66598,0.69378,247,73,16,122,42,271,80,20,255,41,40,149,209,50,14,145
1762576005.4930427,2.76916,0.07044,0.69021,-0.71496,0.67048,0.69351,267,55,13,104,37,243,118,23,240,38,34,125,203,47,12,123
1762576013.8175173,2.77483,0.0696,0.69955,-0.69794,0.70982,0.66752,254,56,11,125,43,273,98,23,246,37,28,137,190,52,13,136
1762576022.0988772,2.74836,0.06893,0.69631,-0.69264,0.62929,0.73012,270,51,19,121,47,284,107,24,235,43,38,121,229,46,10,130
1762576030.3938837,2.65594,0.07137,0.65751,-0.61674,0.69907,0.68262,258,62,19,134,60,258,109,27,230,37,28,137,192,53,10,142
1762576038.679882,2.82864,0.06683,0.73876,-0.69647,0.67421,0.71921,257,44,17,149,52,306,102,21,228,36,36,142,218,46,11,131
1762576046.988121,2.72342,0.0683,0.64961,-0.66946,0.66825,0.73611,291,66,23,128,60,289,110,19,224,36,34,128,239,53,4,136
1762576055.2687714,2.72471,0.07013,0.64969,-0.65281,0.66972,0.75248,278,62,24,127,46,242,96,25,236,41,31,128,217,42,8,137
1762576063.5571876,2.69525,0.0699,0.64854,-0.70259,0.70909,0.63504,290,70,14,104,47,282,113,22,235,40,24,141,202,53,22,134
1762576071.8511484,2.71783,0.06921,0.67111,-0.66125,0.67188,0.71359,254,55,19,122,44,254,104,29,264,48,36,164,209,51,8,144
1762576080.1501276,2.70607,0.07087,0.66167,-0.69194,0.63387,0.71859,279,60,19,109,42,264,93,23,224,41,39,133,228,47,9,114
1762576088.4427576,2.68596,0.06962,0.69857,-0.68261,0.61247,0.69231,282,57,17,135,54,284,103,19,228,45,42,134,218,55,9,134
1762576096.7451434,2.66373,0.07047,0.66355,-0.68559,0.5957,0.71889,240,59,13,116,50,275,111,22,259,50,44,112,242,53,8,131
1762576105.055868,2.72074,0.06976,0.67611,-0.67483,0.70753,0.66227,283,63,17,131,53,280,96,20,277,38,30,120,193,49,15,122
1762576113.3586204,2.69476,0.06917,0.64173,-0.64865,0.7156,0.68879,286,67,24,131,52,263,103,26,240,35,27,134,232,57,11,137
1762576121.6523404,2.66241,0.07198,0.64681,-0.68941,0.63348,0.69271,274,64,19,113,41,267,92,25,237,44,37,124,198,53,6,127
1762576129.9318821,2.78629,0.06691,0.71888,-0.67423,0.71963,0.67356,279,55,15,149,52,287,119,27,237,30,30,131,227,62,9,137
1762576138.2610474,2.67143,0.07163,0.64865,-0.73973,0.61395,0.6691,258,62,16,108,36,273,108,21,226,42,41,121,204,59,9,139
1762576146.55291,2.85,0.06617,0.69165,-0.71492,0.71889,0.72646,279,50,22,116,45,277,108,19,250,38,23,123,223,51,10,162
1762576154.8415396,2.72561,0.06935,0.6618,-0.70492,0.64882,0.71007,266,60,21,132,37,273,91,26,239,45,37,146,212,49,10,136
1762576163.123088,2.71069,0.06791,0.61905,-0.69427,0.69803,0.69935,266,64,28,125,54,274,125,18,246,38,31,142,236,52,17,154
1762576171.4223876,2.76065,0.06945,0.6867,-0.71739,0.61765,0.73892,262,55,18,131,44,275,120,21,206,50,28,124,221,45,8,132
1762576179.7091072,2.65435,0.0708,0.63424,-0.68584,0.66351,0.67076,288,75,19,132,39,273,108,32,217,41,30,134,222,58,9,118
1762576187.991137,2.55245,0.07396,0.5644,-0.63436,0.68932,0.66437,232,75,18,102,59,273,98,24,220,36,28,128,222,61,12,140
1762576196.2970767,2.77399,0.06937,0.70435,-0.68591,0.66514,0.71859,256,55,13,136,51,262,103,17,235,42,31,128,203,49,7,139
1762576204.584655,2.61952,0.07257,0.62173,-0.68825,0.64545,0.66408,259,74,20,144,56,265,87,9,226,39,39,136,199,52,13,123
1762576212.865326,2.71727,0.0703,0.66094,-0.65967,0.66893,0.72772,278,57,22,109,49,242,114,24,248,42,31,120,215,50,5,134
1762576221.1591775,2.69461,0.07121,0.68996,-0.68059,0.6468,0.67726,268,59,12,119,41,252,90,24,246,48,32,127,195,51,15,148
1762576229.4728394,2.76985,0.06741,0.68172,-0.65631,0.69545,0.73636,274,52,22,117,59,281,119,24,249,31,36,124,223,50,8,159
1762576237.7585304,2.71874,0.06797,0.65182,-0.67015,0.68444,0.71233,271,65,21,137,59,292,108,20,231,45,26,148,230,51,12,145
1762576246.0549207,2.59248,0.07312,0.65929,-0.6674,0.60352,0.66227,257,53,24,118,50,266,115,26,234,48,42,130,179,55,9,136
1762576254.345264,2.71792,0.06815,0.67241,-0.69328,0.63404,0.71818,252,56,20,136,45,293,110,28,238,45,41,146,228,49,13,150
1762576262.6472807,2.73074,0.06939,0.64882,-0.78366,0.67788,0.62037,266,66,16,119,30,292,112,19,218,40,27,131,229,71,11,121
1762576270.9413023,2.63609,0.07046,0.65437,-0.69374,0.61451,0.67347,290,69,20,136,48,256,109,18,222,43,42,134,224,60,12,145
1762576279.224696,2.8109,0.0659,0.70076,-0.76271,0.70065,0.64678,308,62,17,141,36,303,113,20,238,39,30,154,220,60,14,125
1762576287.516651,2.78829,0.06798,0.65256,-0.74945,0.70901,0.67727,248,62,16,123,41,293,105,16,231,30,33,139,231,55,16,138
1762576295.8173308,2.80779,0.06762,0.65885,-0.71678,0.72414,0.70803,257,55,25,132,51,278,116,14,247,32,28,128,232,47,13,119
1762576304.1098392,2.75722,0.06823,0.69874,-0.69684,0.64944,0.7122,281,57,15,125,48,281,122,24,247,40,38,120,205,50,9,146
1762576312.3974643,2.68937,0.07122,0.672,-0.72566,0.66093,0.63077,301,67,15,117,41,277,113,21,223,38,31,115,185,61,11,133
1762576320.696099,2.71308,0.06939,0.63991,-0.69697,0.72519,0.65101,248,63,20,130,54,318,102,21,203,23,31,136,218,64,14,151
1762576328.9823434,2.84814,0.06449,0.72854,-0.76101,0.65835,0.70025,291,57,11,142,39,298,122,18,276,58,31,156,195,50,11,151
1762576337.2679358,2.80248,0.06722,0.66154,-0.68161,0.76975,0.68958,262,67,10,116,53,278,97,18,245,26,25,147,239,56,14,142
1762576345.5787501,2.85,0.06261,0.73243,-0.74423,0.75372,0.75714,262,45,14,120,46,294,122,15,248,30,28,165,231,40,11,138
1762576353.88748,2.72671,0.07056,0.7,-0.64602,0.70312,0.67757,281,52,17,110,50,253,119,30,211,31,26,116,230,52,17,129
1762576362.1900764,2.73362,0.06867,0.66068,-0.72494,0.63839,0.7096,278,63,22,138,38,268,102,21,232,49,32,135,210,51,11,155
1762576370.4702082,2.61161,0.07148,0.69293,-0.62998,0.60889,0.67981,285,60,16,134,59,264,84,20,229,45,43,133,227,55,14,135
1762576378.770987,2.83482,0.0666,0.74066,-0.72025,0.68122,0.69268,280,50,9,116,34,290,122,33,252,42,31,133,213,55,8,134
1762576387.058943,2.74247,0.06935,0.61194,-0.70046,0.70561,0.72447,251,69,22,127,54,267,102,11,250,32,31,115,237,46,12,126
1762576395.3357491,2.72976,0.07145,0.68192,-0.7129,0.71154,0.62341,268,61,12,118,37,249,103,22,225,33,27,131,207,62,12,112
1762576403.6252673,2.73602,0.06858,0.67689,-0.71779,0.63814,0.7032,282,50,29,128,48,306,114,21,211,48,26,124,231,54,11,142
1762576411.8916934,2.69005,0.07085,0.6875,-0.69697,0.65403,0.65155,264,54,16,114,49,268,124,21,242,37,36,107,213,59,14,133
1762576420.180146,2.81567,0.06915,0.71495,-0.72038,0.65376,0.72658,266,51,10,101,38,254,109,21,238,38,38,125,199,41,13,142
1762576428.4635284,2.68609,0.06993,0.64562,-0.74049,0.68246,0.61751,290,61,26,114,39,276,113,19,217,34,33,138,195,68,15,156
1762576436.7663913,2.84395,0.06787,0.67699,-0.76818,0.6983,0.70048,274,54,19,105,38,275,114,13,223,36,26,126,219,51,11,133
1762576445.066096,2.85,0.06758,0.71546,-0.72152,0.70302,0.72127,299,49,20,117,39,253,87,16,238,29,35,129,216,50,7,136
1762576453.37388,2.63591,0.0714,0.69068,-0.6934,0.59483,0.657,285,53,20,114,46,262,97,19,224,50,44,146,218,65,6,125
1762576461.6653504,2.72627,0.06905,0.70085,-0.62963,0.68349,0.7123,265,51,19,133,58,250,124,27,240,36,33,127,223,53,9,146
1762576469.944815,2.72309,0.06981,0.70222,-0.69978,0.67213,0.64896,268,58,9,115,43,270,115,25,231,39,31,126,209,63,13,148
1762576478.2676573,2.75471,0.06626,0.6466,-0.7094,0.68313,0.71558,283,70,21,141,49,271,129,19,259,45,32,150,220,49,14,160
1762576486.5559673,2.67244,0.07086,0.60385,-0.68545,0.68856,0.69458,275,76,27,142,47,265,94,20,214,32,32,133,215,58,4,129
1762576494.834113,2.69415,0.07085,0.66311,-0.65164,0.69383,0.68557,258,59,20,132,55,294,109,30,210,38,24,133,196,47,14,131
1762576503.1042166,2.67796,0.07072,0.70917,-0.62528,0.65385,0.68966,254,47,18,128,61,274,86,22,249,44,37,138,218,52,11,125
1762576511.4205453,2.72362,0.06887,0.66383,-0.72549,0.66524,0.66906,289,57,22,102,48,295,101,15,256,38,40,132,206,56,13,142
1762576519.722977,2.795,0.0676,0.71121,-0.65011,0.73034,0.70335,267,53,14,130,56,273,109,25,244,36,24,141,208,53,9,148
1762576528.0059886,2.80458,0.0693,0.73893,-0.68523,0.67654,0.70388,257,42,14,116,47,251,97,18,235,37,34,133,231,47,14,120
1762576536.2990057,2.63872,0.07028,0.68699,-0.65823,0.64811,0.64539,277,59,18,138,49,296,97,32,254,46,33,116,207,64,11,141
1762576544.5894597,2.85,0.06628,0.71429,-0.75336,0.70796,0.69727,284,44,23,118,40,283,108,15,246,28,38,140,208,52,9,134
1762576552.8814478,2.69401,0.07097,0.65086,-0.73141,0.64758,0.66416,271,61,20,112,36,249,112,20,249,39,41,125,193,59,8,139
1762576561.1703637,2.72925,0.06899,0.67304,-0.65948,0.67411,0.72263,263,61,16,131,52,282,103,27,234,43,30,141,207,49,8,147
1762576569.4627564,2.77058,0.06784,0.68421,-0.71014,0.70402,0.67221,292,65,16,140,46,255,99,14,261,39,31,142,210,61,8,142
1762576577.7365663,2.59152,0.07232,0.6696,-0.64678,0.6639,0.61124,269,59,16,110,50,251,94,24,266,41,40,135,210,61,22,134
1762576586.0114596,2.80042,0.06798,0.67983,-0.73661,0.65321,0.73077,281,66,11,123,39,282,107,20,215,40,33,133,213,51,5,147
1762576594.3165612,2.64437,0.07124,0.66964,-0.66814,0.65073,0.65586,249,57,17,125,51,275,102,24,242,45,39,155,208,56,13,124
1762576602.6124034,2.84037,0.06689,0.73611,-0.71625,0.69265,0.69536,253,44,13,122,47,279,96,15,233,37,32,147,219,57,12,165
1762576610.90895,2.77425,0.06919,0.68996,-0.72789,0.73621,0.62019,277,60,11,110,42,281,100,18,236,32,23,126,189,69,10,148
1762576619.2417014,2.84569,0.06721,0.71913,-0.67391,0.67742,0.77523,230,39,19,125,49,290,95,26,233,34,36,131,236,38,11,151
1762576627.5390067,2.80337,0.06739,0.7047,-0.67198,0.70925,0.71744,262,55,11,119,46,271,96,26,228,35,31,160,244,53,11,145
1762576635.8139932,2.78405,0.06703,0.67296,-0.67949,0.74382,0.68778,268,64,14,131,59,270,123,16,233,25,32,155,247,58,11,126
1762576644.126453,2.72183,0.0705,0.65843,-0.70192,0.71765,0.64384,250,61,15,119,45,252,102,17,231,37,23,134,216,68,10,144
1762576652.4124298,2.74936,0.06975,0.67647,-0.66341,0.69725,0.71223,291,60,17,108,56,246,95,13,233,38,28,137,237,52,8,120
1762576660.707227,2.73384,0.06909,0.62791,-0.72113,0.68737,0.69744,251,59,29,134,47,280,115,17,256,40,33,138,195,51,8,136
1762576669.0270426,2.81927,0.0664,0.70552,-0.70766,0.68928,0.71681,291,52,20,126,45,250,118,18,229,34,37,157,249,53,11,139
1762576677.3873265,2.83189,0.06703,0.72889,-0.6875,0.69492,0.72059,266,44,17,123,44,261,117,26,247,39,33,153,217,43,14,134
1762576685.6718867,2.84601,0.06638,0.69231,-0.7316,0.71875,0.70335,283,55,17,113,48,295,105,14,244,36,27,141,224,54,8,132
1762576693.9757173,2.6903,0.07006,0.67591,-0.71365,0.67198,0.62877,276,49,27,117,50,278,105,14,229,41,31,138,211,67,13,140
1762576702.2515619,2.68125,0.07111,0.68261,-0.63466,0.71749,0.64649,272,55,18,115,50,255,94,28,249,43,20,134,197,60,13,143
1762576710.5477278,2.74162,0.06824,0.67967,-0.65854,0.66594,0.73747,282,60,18,127,53,272,102,24,231,45,32,153,220,45,10,144
1762576718.8422399,2.64197,0.07216,0.65101,-0.60626,0.67606,0.70864,253,54,24,116,64,258,101,24,223,36,33,134,203,48,11,143
1762576727.1318383,2.68721,0.06925,0.59653,-0.68852,0.68919,0.71296,260,71,22,108,52,294,118,24,245,35,34,130,213,55,7,157
1762576735.4269993,2.69044,0.07002,0.62633,-0.6732,0.71365,0.67726,256,62,26,127,54,294,90,21,249,33,31,134,199,54,12,144
1762576743.7090628,2.69386,0.07,0.68153,-0.71685,0.67048,0.625,269,61,14,127,42,275,107,21,231,33,39,134,207,69,12,144
1762576752.0092108,2.8125,0.06644,0.70281,-0.71125,0.70796,0.69048,303,61,13,121,48,285,118,20,244,29,37,142,219,47,18,136
1762576760.2919333,2.80595,0.06896,0.71368,-0.68627,0.70302,0.70297,273,49,19,134,45,248,96,19,218,40,24,149,203,53,7,141
1762576768.5788171,2.68539,0.07209,0.74728,-0.68254,0.65657,0.59901,294,44,14,107,42,270,101,28,213,43,25,115,212,67,14,111
1762576776.887001,2.79135,0.06904,0.66744,-0.71111,0.73647,0.67633,258,59,13,103,50,274,111,15,241,25,31,128,204,56,11,143
1762576785.1843002,2.66453,0.0715,0.65702,-0.66738,0.62654,0.7136,259,61,16,113,50,283,108,28,225,41,35,106,210,53,7,149
1762576793.486167,2.81103,0.06748,0.71492,-0.73423,0.68989,0.67198,263,48,16,122,45,273,112,14,240,40,29,136,224,51,21,143
1762576801.7747111,2.775,0.06677,0.71368,-0.71429,0.68487,0.66216,275,53,14,126,46,299,109,22,262,48,27,139,221,65,10,148
1762576810.0544715,2.73655,0.0703,0.6707,-0.7045,0.61135,0.75,233,48,20,112,45,268,130,24,249,42,47,120,218,45,2,111
1762576818.345951,2.64768,0.07053,0.6674,-0.66897,0.60345,0.70787,273,62,14,108,56,269,94,16,234,52,40,138,234,48,17,146
1762576826.6469612,2.68485,0.06936,0.62917,-0.65625,0.63561,0.76382,272,56,33,119,54,261,110,23,269,48,40,126,223,37,10,128
1762576834.9376163,2.68338,0.06879,0.71678,-0.71179,0.61456,0.64026,272,52,13,122,50,270,122,16,243,50,40,134,234,67,17,149
1762576843.227382,2.70154,0.07122,0.70175,-0.71496,0.62291,0.6619,250,50,18,138,37,253,108,23,220,35,44,120,197,55,16,152
1762576851.523033,2.69616,0.07163,0.69469,-0.70065,0.64885,0.65196,274,54,15,109,45,286,106,24,221,35,34,103,199,63,8,138
1762576859.8017962,2.78837,0.06836,0.64228,-0.71845,0.693,0.73464,278,73,15,126,44,258,96,14,253,41,27,122,216,44,10,137
1762576868.0852294,2.8096,0.06867,0.68398,-0.69684,0.73522,0.69355,273,54,19,116,45,280,123,27,224,32,24,143,193,39,18,122
1762576876.3860173,2.64562,0.07324,0.6186,-0.74382,0.57107,0.71212,238,67,15,110,43,284,104,14,193,37,49,122,213,45,12,126
1762576884.655911,2.62444,0.07194,0.684,-0.67711,0.70927,0.55405,290,56,23,131,48,249,99,19,203,34,24,138,207,79,20,138
1762576892.9923568,2.64248,0.07235,0.67184,-0.68395,0.65652,0.63017,260,61,13,117,41,243,98,23,252,47,32,129,178,65,11,157
1762576901.2703323,2.74764,0.06994,0.66812,-0.69469,0.6555,0.72932,247,53,23,135,46,266,117,23,205,45,27,141,215,46,8,130
1762576909.5484228,2.76082,0.06866,0.64192,-0.66827,0.70791,0.74272,250,64,18,126,49,256,91,20,282,42,30,139,199,46,7,160
1762576917.872559,2.68941,0.06968,0.65639,-0.68397,0.67932,0.66972,248,61,17,128,47,271,102,23,260,36,40,138,219,61,11,145
1762576926.161517,2.73215,0.06931,0.66527,-0.7226,0.6713,0.67299,289,60,20,109,44,283,102,18,238,36,35,123,206,52,17,147
1762576934.4545019,2.74578,0.06874,0.71726,-0.66446,0.6982,0.66587,273,47,21,140,58,284,93,18,233,35,32,144,219,54,16,130
1762576942.768033,2.78153,0.06935,0.72985,-0.69596,0.62802,0.7277,259,42,20,138,45,247,110,19,218,38,39,119,215,48,10,153
1762576951.0549972,2.70312,0.0707,0.67146,-0.62759,0.70531,0.69877,288,60,20,119,60,252,102,21,236,34,27,117,221,53,8,123
1762576959.3555179,2.70529,0.06966,0.65702,-0.68627,0.67699,0.685,278,65,18,123,52,268,119,20,236,45,28,143,211,56,7,126
1762576967.6578717,2.79288,0.06846,0.63941,-0.73366,0.7207,0.69912,259,68,18,132,36,245,113,19,229,28,28,116,229,56,12,155
1762576975.9563994,2.72224,0.0685,0.68172,-0.61028,0.68443,0.7458,253,55,19,138,66,280,96,25,258,37,37,137,211,44,9,153
1762576984.2495751,2.63991,0.07257,0.67544,-0.68053,0.66914,0.61481,257,62,12,125,52,280,104,21,196,41,26,142,201,63,15,126
1762576992.5506294,2.77305,0.06825,0.6386,-0.70259,0.70127,0.73059,281,66,22,118,46,270,125,23,221,35,24,115,204,48,11,175
1762577000.8357933,2.68652,0.07153,0.71855,-0.66972,0.63158,0.66667,285,47,19,118,57,257,107,15,218,39,38,123,214,56,11,121
1762577009.1278067,2.65011,0.07256,0.68276,-0.71698,0.62712,0.62326,250,55,14,116,41,263,101,19,215,42,35,121,212,67,14,137
1762577017.4266446,2.74628,0.06942,0.69658,-0.69264,0.66359,0.69347,277,53,18,120,53,273,118,18,216,36,37,145,210,54,7,127
1762577025.7128165,2.77149,0.06936,0.69499,-0.72834,0.72464,0.62353,257,57,13,132,33,272,97,25,218,38,19,139,220,68,12,125
1762577034.050508,2.80343,0.06781,0.70701,-0.74134,0.61174,0.74334,283,48,21,119,42,254,123,14,235,45,41,122,214,45,8,146
1762577042.3262107,2.83476,0.06703,0.67949,-0.75281,0.73182,0.67064,281,54,21,112,38,273,117,17,238,33,26,143,213,59,10,137
1762577050.595627,2.70516,0.06981,0.70306,-0.69888,0.66518,0.63805,283,52,16,107,42,265,113,25,238,39,36,135,207,63,15,146
1762577058.8806486,2.74033,0.06984,0.74576,-0.60274,0.65947,0.73236,280,48,12,132,61,242,109,26,224,41,30,122,225,49,6,131
1762577067.2001665,2.72249,0.06903,0.69325,-0.6614,0.64626,0.72158,296,57,18,118,53,281,87,22,237,46,32,126,223,50,10,148
1762577075.4988773,2.7379,0.06889,0.69231,-0.6639,0.67946,0.70223,273,54,18,123,54,284,117,27,240,39,32,132,196,47,13,147
1762577083.7937856,2.76547,0.06828,0.71484,-0.69095,0.70813,0.65155,306,53,21,139,50,275,108,20,238,31,30,119,214,58,15,132
1762577092.0823479,2.85,0.06637,0.68831,-0.70071,0.73576,0.74266,282,52,20,108,42,255,103,21,265,33,25,116,234,48,9,152
1762577100.3568554,2.79091,0.06838,0.70288,-0.69935,0.66368,0.725,270,51,16,114,45,262,128,24,237,44,31,134,207,45,10,138
1762577108.686298,2.68586,0.06901,0.63745,-0.67038,0.68966,0.68837,277,70,21,134,50,266,109,24,229,39,33,163,230,52,15,133
1762577116.9656813,2.76139,0.06695,0.68313,-0.74021,0.6849,0.65315,281,61,16,128,48,295,127,15,260,50,22,125,221,63,14,146
1762577125.2410908,2.60667,0.07383,0.68577,-0.6624,0.58369,0.6748,258,60,14,139,44,236,89,22,228,49,48,141,178,49,11,131
1762577133.5239346,2.74496,0.06903,0.7418,-0.69432,0.63801,0.67082,304,48,15,121,49,282,106,21,233,49,31,129,206,57,9,129
1762577141.8014498,2.68939,0.07014,0.61826,-0.73077,0.65158,0.68878,259,72,20,131,46,300,105,17,230,41,36,135,203,52,9,128
1762577150.0814474,2.71371,0.07118,0.67421,-0.65957,0.64322,0.73671,246,52,20,124,60,284,106,20,215,44,27,112,202,41,11,141
1762577158.396327,2.7512,0.06953,0.71625,-0.69937,0.65057,0.685,261,45,17,114,52,307,100,20,217,38,38,142,204,50,13,133
1762577166.6870198,2.76176,0.06868,0.69959,-0.72549,0.70335,0.63333,262,58,15,151,41,285,111,22,245,45,17,111,202,66,11,141
1762577174.976844,2.70794,0.06884,0.61942,-0.67713,0.69369,0.7177,287,80,18,130,50,268,106,22,222,32,36,154,219,41,18,140
1762577183.246378,2.68309,0.0703,0.64948,-0.70062,0.65197,0.68101,269,67,18,131,56,301,108,16,222,44,31,134,190,48,15,142
1762577191.5448658,2.58435,0.07218,0.67078,-0.67672,0.61574,0.6211,261,62,18,145,59,274,115,16,216,44,39,133,226,60,19,112
1762577199.851535,2.72611,0.06829,0.71542,-0.68298,0.63676,0.69095,320,52,20,114,45,258,103,23,243,46,37,131,237,61,9,146
1762577208.1483312,2.66455,0.06956,0.65145,-0.70175,0.58737,0.72397,269,56,28,129,54,275,113,14,259,58,40,118,230,49,8,126
1762577216.4128299,2.68912,0.07054,0.66885,-0.64092,0.7046,0.67476,259,52,24,124,61,275,118,25,228,38,23,124,219,49,18,126
1762577224.7090895,2.75662,0.06929,0.72786,-0.69161,0.65753,0.67961,281,49,14,119,51,271,102,17,229,41,34,134,218,55,11,128
1762577232.9921243,2.77874,0.06841,0.70186,-0.63721,0.69953,0.74014,273,56,16,138,52,250,102,26,228,36,28,134,228,51,5,147
1762577241.2923326,2.70855,0.06996,0.69962,-0.63294,0.67965,0.69634,292,60,19,155,57,264,83,21,255,39,35,133,197,45,13,127
1762577249.5771463,2.70713,0.06904,0.64731,-0.72222,0.61574,0.72185,269,62,20,114,41,261,142,24,223,41,42,126,228,51,12,162
1762577257.8883727,2.68181,0.07286,0.66133,-0.69053,0.68974,0.64021,256,51,23,107,44,254,112,23,231,38,27,123,200,57,11,110
1762577266.1663113,2.7783,0.06801,0.68919,-0.71368,0.68699,0.68844,256,53,16,119,52,289,112,15,267,43,34,148,195,57,5,141
1762577274.449405,2.64885,0.07191,0.63111,-0.66667,0.65877,0.69231,254,62,21,113,65,287,113,15,217,47,25,133,193,51,9,137
1762577282.7532055,2.67906,0.07113,0.63596,-0.70115,0.6713,0.67064,254,58,25,119,43,258,112,22,221,38,33,140,215,56,13,135
1762577291.0574155,2.77612,0.06828,0.68722,-0.72447,0.64758,0.71685,263,54,17,120,42,263,100,16,246,38,42,128,236,51,12,146
1762577299.3551,2.72347,0.0698,0.68776,-0.65929,0.62945,0.74696,267,57,17,133,57,274,101,20,215,44,34,128,219,44,8,140
1762577307.642452,2.75099,0.07063,0.63393,-0.73,0.68246,0.7046,259,58,24,107,43,243,103,11,229,38,29,126,217,46,15,135
1762577315.9317875,2.66706,0.0708,0.71247,-0.62473,0.64317,0.68668,287,49,19,118,56,282,99,32,226,45,36,147,182,47,13,141
1762577324.2181442,2.59897,0.07372,0.64255,-0.68919,0.62312,0.64411,274,58,26,112,54,266,109,15,221,42,33,102,205,61,10,123
1762577332.5072932,2.73208,0.06927,0.6569,-0.69099,0.6798,0.70439,282,65,17,114,52,279,115,20,215,36,29,126,226,55,9,143
1762577340.8164349,2.76301,0.06967,0.68618,-0.68602,0.68675,0.70406,234,44,23,126,52,278,114,21,229,40,25,121,218,51,11,139
1762577349.1273258,2.67323,0.07082,0.67951,-0.67873,0.58333,0.73165,288,56,23,126,51,266,105,20,214,56,34,128,206,44,9,136
1762577357.420856,2.84765,0.06697,0.73518,-0.70952,0.63678,0.76617,287,47,20,152,45,261,98,16,219,51,28,137,215,40,7,140
1762577365.6940827,2.77737,0.06758,0.69723,-0.65941,0.68837,0.73236,262,58,13,136,58,294,125,28,217,39,28,146,223,46,9,133
1762577373.9942718,2.65963,0.07042,0.68463,-0.66903,0.64882,0.65714,287,56,23,135,49,267,86,21,245,50,32,140,205,57,15,143
1762577382.288404,2.73607,0.07009,0.65179,-0.69725,0.7,0.68704,241,63,15,129,43,268,102,23,249,36,30,125,214,52,12,131
1762577390.5720992,2.67825,0.07108,0.68354,-0.64912,0.64815,0.69744,269,60,15,130,56,266,110,24,224,49,27,132,210,49,10,121
1762577398.8873916,2.72856,0.06998,0.66667,-0.64039,0.70522,0.71628,267,62,17,128,49,240,93,24,245,35,30,131,220,49,12,149
1762577407.1986713,2.73826,0.06981,0.69027,-0.71558,0.625,0.70742,258,52,18,124,43,277,103,20,221,45,30,104,223,62,5,168
1762577415.5074823,2.78053,0.06788,0.704,-0.64269,0.71824,0.7156,288,49,25,138,54,255,99,23,227,34,27,145,221,54,8,153
1762577423.7947702,2.65297,0.07253,0.6531,-0.72222,0.66667,0.61097,259,59,22,127,42,275,97,18,211,36,32,129,197,58,20,126
1762577432.0679321,2.62439,0.07271,0.66887,-0.66184,0.59813,0.69555,273,56,19,105,47,251,93,23,224,50,36,118,224,57,8,138
1762577440.3787167,2.74058,0.07082,0.71946,-0.68636,0.66204,0.67273,269,49,13,111,50,275,96,19,232,36,37,127,201,50,13,121
1762577448.6803606,2.66722,0.07128,0.64912,-0.69484,0.61472,0.70854,263,61,19,113,42,268,93,23,243,46,43,130,208,43,15,132
1762577456.9580562,2.66744,0.07042,0.69492,-0.6082,0.68304,0.68129,293,61,11,107,64,254,99,22,244,51,20,133,208,57,12,156
1762577465.2328146,2.85,0.06565,0.68399,-0.72247,0.68,0.76744,282,57,19,123,45,280,111,18,220,35,37,158,232,41,9,148
1762577473.5362272,2.70687,0.06922,0.67094,-0.67816,0.73333,0.62443,256,59,18,135,55,273,92,15,243,31,31,160,233,73,10,126
1762577481.8482668,2.80734,0.06742,0.70355,-0.68261,0.7096,0.71158,284,52,19,124,37,267,120,36,240,32,30,125,230,51,10,132
1762577490.140731,2.69908,0.07019,0.7011,-0.66739,0.62151,0.70909,277,56,12,110,52,295,91,25,238,44,44,139,218,45,11,111
1762577498.4340053,2.62968,0.07037,0.64865,-0.65333,0.64523,0.68246,281,76,15,146,58,262,110,20,236,43,37,135,221,52,15,134
1762577506.7388322,2.79557,0.068,0.64758,-0.76754,0.67038,0.71007,261,60,20,113,45,290,113,8,232,38,36,143,213,49,10,135
1762577515.0284562,2.74403,0.06902,0.65751,-0.71493,0.72789,0.64371,271,72,9,121,40,281,98,23,239,33,27,142,204,64,11,142
1762577523.3143568,2.73956,0.06906,0.66739,-0.67615,0.70852,0.6875,275,59,18,111,52,288,95,22,236,39,26,145,201,55,10,150
1762577531.6115787,2.75792,0.06789,0.67967,-0.68724,0.70233,0.68868,276,66,12,133,58,308,102,18,224,35,29,142,219,53,13,139
1762577539.8979828,2.78566,0.06833,0.74004,-0.68493,0.68919,0.6715,273,52,10,142,52,267,102,17,245,31,38,130,210,54,14,136
1762577548.1893694,2.82273,0.06732,0.69198,-0.67832,0.74588,0.70655,284,58,15,117,47,253,107,22,228,24,30,143,219,54,11,159
1762577556.461694,2.75776,0.06758,0.68201,-0.73626,0.64238,0.6971,280,60,16,122,38,295,100,22,239,35,46,133,225,56,12,156
1762577564.7474768,2.68371,0.07202,0.65919,-0.63092,0.70492,0.68868,265,60,16,105,47,230,97,27,219,36,27,145,212,50,16,146
1762577573.0359936,2.82286,0.0674,0.7125,-0.68981,0.6674,0.75315,273,52,17,138,50,274,91,17,230,40,36,151,220,42,7,128
1762577581.318288,2.62258,0.07208,0.64835,-0.66667,0.67257,0.635,252,70,10,123,52,264,116,24,237,34,40,141,199,61,12,128
1762577589.597475,2.69719,0.0693,0.65605,-0.69803,0.67105,0.67206,269,64,17,121,48,272,116,21,241,37,38,140,224,59,12,138
1762577597.8921177,2.7807,0.06676,0.72399,-0.71744,0.67871,0.66055,269,53,12,137,43,276,113,21,285,37,43,133,231,63,11,131
1762577606.1754649,2.60122,0.0707,0.65328,-0.61739,0.63789,0.69266,264,68,14,127,58,267,105,30,254,45,41,135,224,54,13,145
1762577614.4511063,2.64894,0.07041,0.63636,-0.69231,0.68018,0.64009,263,70,16,124,49,266,119,21,224,40,31,149,204,65,14,156
1762577622.743652,2.82096,0.06784,0.72597,-0.71954,0.62673,0.74872,292,60,7,130,45,268,106,16,224,50,31,129,207,39,10,134
1762577631.0347204,2.80216,0.0671,0.69478,-0.69163,0.72197,0.69378,286,61,15,136,57,287,97,13,256,28,34,128,207,55,9,147
1762577639.3313055,2.67502,0.06781,0.66075,-0.68699,0.67089,0.65639,281,65,21,140,56,288,127,21,249,42,36,147,232,65,13,144
1762577647.6203122,2.72101,0.07105,0.69643,-0.68941,0.62857,0.7066,258,48,20,122,51,255,104,15,225,40,38,117,229,55,5,120
1762577655.9103413,2.66671,0.07121,0.72829,-0.74603,0.55769,0.6347,269,41,20,119,37,281,104,19,208,47,45,116,203,71,9,155
1762577664.1807084,2.85,0.06645,0.68376,-0.73154,0.69615,0.75309,266,56,18,128,36,281,106,24,228,43,24,146,227,42,8,128
1762577672.4684172,2.77078,0.0673,0.64777,-0.71548,0.6815,0.72603,272,62,25,135,55,300,110,13,251,37,31,108,231,48,12,147
1762577680.773587,2.6878,0.06984,0.76033,-0.67376,0.65888,0.59483,290,44,14,136,47,261,93,22,230,32,41,125,212,80,14,158
1762577689.0740125,2.78067,0.06741,0.63846,-0.73778,0.66359,0.74083,297,75,19,129,39,287,104,20,231,46,27,130,206,41,12,150
1762577697.4306326,2.77734,0.06944,0.6758,-0.67742,0.67857,0.74555,249,51,20,118,52,258,106,18,236,39,33,140,227,40,10,116
1762577705.7177238,2.79794,0.06815,0.71674,-0.70996,0.67742,0.69383,276,53,13,124,48,290,105,19,235,29,41,129,203,52,10,140
1762577714.0146177,2.78729,0.06716,0.64211,-0.72458,0.70563,0.71498,273,62,23,117,48,299,108,17,278,37,31,116,208,48,11,147
1762577722.2927818,2.72542,0.06966,0.66351,-0.71175,0.65895,0.69121,232,57,14,119,46,272,114,19,242,48,33,152,217,56,9,139
1762577730.588529,2.63048,0.07123,0.65657,-0.62587,0.7037,0.64434,273,65,20,137,60,250,102,21,248,35,29,120,207,66,11,149
1762577738.87959,2.70311,0.069,0.6887,-0.66379,0.69231,0.65831,269,56,17,127,57,271,115,21,254,47,23,131,222,60,15,142
1762577747.187264,2.75995,0.0694,0.67213,-0.6967,0.69955,0.69157,258,54,16,99,51,258,128,18,225,41,26,154,230,49,15,121
1762577755.465613,2.77727,0.06788,0.70105,-0.65652,0.67633,0.74336,278,60,11,126,58,270,111,21,207,41,26,140,228,41,17,166
1762577763.7488909,2.74883,0.06846,0.6375,-0.73499,0.63134,0.745,250,67,20,143,44,312,107,20,206,44,36,148,225,40,11,124
1762577772.0443795,2.69563,0.06953,0.67213,-0.69336,0.64206,0.68807,279,55,25,129,50,260,110,17,246,50,30,121,215,58,10,153
1762577780.3484557,2.80472,0.0681,0.7096,-0.67473,0.67338,0.74702,259,52,10,106,55,276,105,19,237,37,36,137,217,39,14,149
1762577788.632754,2.69196,0.07043,0.72257,-0.63793,0.63146,0.7,286,57,10,130,63,281,99,21,242,44,38,121,198,38,19,125
1762577796.9252195,2.66803,0.07171,0.64944,-0.66588,0.67579,0.67692,252,57,21,115,55,252,102,16,264,44,33,134,210,49,14,117
1762577805.2411647,2.72576,0.07023,0.67171,-0.69343,0.71971,0.64091,276,60,16,111,44,260,88,19,217,38,21,145,215,68,11,146
1762577813.5396845,2.60778,0.07214,0.65217,-0.67483,0.63029,0.65049,246,56,24,134,50,279,97,23,228,46,37,138,193,63,9,147
1762577821.8442388,2.66924,0.0709,0.62083,-0.69631,0.6729,0.6792,263,75,16,126,49,291,100,21,224,45,25,134,214,56,8,121
1762577830.1645527,2.73175,0.0693,0.69231,-0.64602,0.70824,0.68519,275,58,14,121,54,271,101,26,224,29,33,139,232,56,12,132
1762577838.4583075,2.5895,0.07191,0.67579,-0.65438,0.58874,0.67059,283,56,21,115,50,257,102,25,242,57,38,125,222,61,9,133
1762577846.7487981,2.70261,0.07043,0.63941,-0.67191,0.72113,0.67016,258,67,19,133,51,254,118,22,258,41,23,137,209,56,7,110
1762577855.0281138,2.80043,0.06771,0.71121,-0.70721,0.67111,0.7109,281,52,15,116,41,271,108,24,249,37,37,127,231,53,8,130
1762577863.310428,2.7529,0.06735,0.72428,-0.67339,0.67506,0.68018,266,41,26,153,57,279,136,24,244,39,32,122,232,50,21,141
1762577871.6227376,2.69047,0.07103,0.69021,-0.63326,0.67726,0.68974,268,47,21,103,62,279,104,24,217,29,37,126,212,51,14,142
1762577879.9152727,2.66715,0.07021,0.64567,-0.65502,0.65217,0.71429,293,69,21,125,57,283,96,22,232,39,33,110,227,47,14,139
1762577888.1975803,2.8221,0.06639,0.67689,-0.75,0.65751,0.7377,271,63,16,139,39,264,107,14,233,50,31,159,250,44,12,121
1762577896.4833064,2.74636,0.07134,0.6621,-0.68837,0.71359,0.68229,236,57,17,128,54,259,104,13,235,32,27,118,195,50,11,128
1762577904.7859035,2.73828,0.06864,0.6853,-0.67483,0.67117,0.70698,286,54,22,121,49,273,103,24,251,38,35,120,220,54,9,147
1762577913.0786247,2.75355,0.06831,0.62047,-0.7109,0.67511,0.74707,248,71,18,132,43,240,121,18,241,39,38,156,221,43,11,152
1762577921.3600273,2.82396,0.0675,0.69485,-0.70588,0.70766,0.71558,299,58,16,112,41,270,78,19,241,30,33,127,252,52,11,128
1762577929.653721,2.74891,0.06931,0.66239,-0.65714,0.69888,0.7305,267,63,16,122,56,273,75,16,246,35,32,132,236,51,6,130
1762577937.9490972,2.81933,0.06587,0.66871,-0.73301,0.68916,0.72845,275,62,19,133,41,273,84,14,262,49,27,151,242,53,10,159
1762577946.2414162,2.71251,0.06985,0.65789,-0.66055,0.7,0.69406,282,53,25,96,47,246,116,27,221,40,26,153,223,51,16,148
1762577954.5341382,2.70769,0.07219,0.73709,-0.67568,0.62648,0.66845,259,38,18,111,57,243,129,15,225,36,43,119,182,50,12,130
1762577962.8351665,2.68216,0.07062,0.72234,-0.69863,0.61468,0.64651,279,51,13,118,47,275,97,19,230,48,36,122,225,64,12,129
1762577971.1234827,2.71767,0.07126,0.66957,-0.70235,0.64384,0.70192,284,53,23,100,39,228,98,18,233,48,30,127,224,48,14,130
1762577979.4324787,2.77113,0.06804,0.7161,-0.66359,0.70982,0.68161,291,53,14,114,47,259,102,26,248,40,25,135,226,58,13,149
1762577987.7350814,2.71428,0.07084,0.67171,-0.71106,0.65072,0.6808,270,58,18,117,47,269,110,17,219,35,38,126,195,55,9,142
1762577996.027372,2.71833,0.06993,0.68053,-0.65831,0.67949,0.7,265,53,20,119,51,262,102,24,266,47,28,127,207,52,8,133
1762578004.3425531,2.81189,0.06794,0.70386,-0.69007,0.71179,0.70616,266,53,16,131,37,253,96,27,242,30,36,150,219,55,7,141
1762578012.628693,2.78809,0.06717,0.68653,-0.66814,0.70513,0.72829,263,52,19,119,57,262,115,18,249,39,30,150,240,45,16,148
1762578020.9119043,2.76131,0.06901,0.73856,-0.68399,0.64103,0.69773,269,46,14,130,55,289,116,21,220,46,31,132,205,50,10,132
1762578029.18945,2.84186,0.06853,0.70796,-0.77143,0.66747,0.695,266,56,10,120,34,273,99,14,215,37,32,131,205,46,15,134
1762578037.4622989,2.69662,0.06931,0.65269,-0.68267,0.65368,0.70757,274,66,21,140,47,286,117,29,236,45,35,146,206,44,12,121
1762578045.788855,2.66747,0.07154,0.59574,-0.70558,0.6764,0.68974,263,72,23,112,40,234,102,18,260,43,29,113,213,53,12,141
1762578054.0722003,2.73979,0.06992,0.68519,-0.67401,0.68421,0.69639,251,52,16,113,55,276,104,19,242,35,34,126,216,48,15,136
1762578062.3818772,2.78822,0.06864,0.66154,-0.70222,0.705,0.71946,247,63,14,131,53,290,93,14,225,38,21,116,239,53,9,141
1762578070.6959043,2.70215,0.07127,0.74359,-0.6298,0.61949,0.70927,243,40,15,131,58,266,95,24,235,43,39,114,204,48,10,137
1762578078.9986942,2.77025,0.0712,0.71971,-0.68565,0.65366,0.71123,250,42,17,112,47,277,93,22,205,40,31,134,194,44,10,126
1762578087.2925358,2.706,0.07009,0.69365,-0.669,0.65939,0.68396,269,52,18,118,49,250,108,22,246,45,33,134,213,56,11,144
1762578095.5869253,2.73306,0.06999,0.62762,-0.72082,0.66514,0.71948,267,65,24,122,41,256,120,20,228,42,31,135,210,43,11,121
1762578103.876111,2.78971,0.06787,0.67785,-0.7087,0.71302,0.69014,259,56,16,116,53,273,120,14,260,47,18,128,218,57,9,142
1762578112.1508174,2.65979,0.07065,0.66968,-0.69008,0.64126,0.65877,252,52,21,117,55,305,104,20,225,53,27,141,213,62,10,137
1762578120.4459727,2.8346,0.06833,0.74713,-0.7305,0.66903,0.68794,270,45,10,110,49,270,96,8,233,39,31,120,207,53,13,150
1762578128.727972,2.69437,0.07044,0.66942,-0.61446,0.71367,0.69682,284,59,21,120,60,223,112,20,239,36,30,156,222,52,10,125
1762578137.0208988,2.78561,0.06804,0.7316,-0.69762,0.64929,0.70709,281,50,12,119,51,285,108,19,232,46,28,116,223,49,15,150
1762578145.3141108,2.65551,0.07154,0.63758,-0.69121,0.63877,0.68794,260,66,15,106,47,262,94,18,215,40,42,157,233,53,13,124
1762578153.6088276,2.74537,0.06874,0.64551,-0.64706,0.70337,0.74943,267,62,19,109,58,253,111,20,252,38,28,127,238,46,9,146
1762578161.9104328,2.80807,0.06774,0.72281,-0.70803,0.66161,0.71562,275,50,15,129,43,252,99,17,265,41,37,118,245,50,11,123
1762578170.2130775,2.72995,0.06953,0.63283,-0.65217,0.72286,0.72208,246,65,20,132,55,255,125,25,242,28,32,131,189,47,9,158
1762578178.5226083,2.59831,0.07254,0.67532,-0.69133,0.59529,0.63636,266,54,21,121,47,291,109,26,215,47,39,124,213,61,13,120
1762578186.8352184,2.65458,0.06989,0.59588,-0.65533,0.71674,0.68664,266,80,18,121,54,270,95,22,254,41,25,146,220,58,10,146
1762578195.1190941,2.74915,0.0688,0.65843,-0.72082,0.68153,0.68837,268,57,19,101,47,273,103,14,258,42,33,138,222,52,15,141
1762578203.4075158,2.67065,0.07223,0.66457,-0.71084,0.68844,0.6068,278,67,13,119,45,278,77,15,219,36,26,117,205,71,10,126
1762578211.6986043,2.77351,0.06916,0.72052,-0.67896,0.66903,0.705,265,49,15,129,52,278,109,22,225,42,28,128,217,49,10,124
1762578219.982805,2.68685,0.07014,0.66529,-0.625,0.68085,0.71571,275,59,22,128,61,260,91,20,249,42,33,146,208,42,15,136
1762578228.2698133,2.65769,0.07025,0.69772,-0.63717,0.64523,0.67757,285,56,17,125,61,255,115,21,242,45,35,129,231,56,13,128
1762578236.5703464,2.65075,0.0708,0.71047,-0.69333,0.63956,0.60739,258,55,10,126,50,274,107,19,236,48,34,137,207,76,9,141
1762578244.863364,2.64667,0.07046,0.69432,-0.62914,0.62637,0.69683,260,50,20,128,62,252,117,22,233,52,33,137,232,61,6,143
1762578253.1442878,2.68685,0.07144,0.695,-0.67431,0.67603,0.64151,232,41,20,107,57,259,106,14,247,46,29,141,211,70,6,137
1762578261.4309888,2.65463,0.07002,0.65201,-0.62115,0.67742,0.70406,292,68,23,140,64,267,101,22,233,34,36,131,238,50,12,119
1762578269.7169538,2.72788,0.06941,0.63719,-0.68602,0.66514,0.73953,246,53,27,115,51,286,106,22,233,37,36,130,216,40,16,158
1762578278.0017135,2.69164,0.06948,0.67917,-0.63265,0.64286,0.73696,284,67,10,119,55,248,112,26,230,42,38,138,227,47,11,156
1762578286.300316,2.72428,0.06942,0.71302,-0.62712,0.72072,0.66341,264,50,15,124,58,247,137,30,243,33,29,139,208,60,9,133
1762578294.5963883,2.61557,0.0727,0.62054,-0.68397,0.68085,0.63021,247,68,17,116,47,271,102,23,258,46,29,137,185,58,13,128
1762578302.8878691,2.71843,0.07049,0.71116,-0.6476,0.70485,0.65482,277,53,13,114,52,259,101,25,267,40,27,120,184,56,12,142
1762578311.1817555,2.66646,0.07134,0.71183,-0.55408,0.66423,0.73632,270,50,17,128,71,250,102,30,211,36,33,131,207,39,14,142
1762578319.461961,2.82904,0.06725,0.69199,-0.73568,0.66972,0.73165,291,54,21,121,40,287,107,20,237,42,30,127,218,43,10,124
1762578327.740736,2.60569,0.07116,0.6172,-0.65126,0.6347,0.70252,256,70,19,120,63,292,101,20,230,40,40,128,225,55,10,147
1762578336.0537517,2.71028,0.06961,0.69737,-0.64579,0.66509,0.70203,259,56,13,128,63,286,95,19,241,40,31,112,212,57,9,165
1762578344.335334,2.78749,0.06768,0.73733,-0.65443,0.72177,0.67397,259,44,13,118,58,274,109,22,262,44,25,165,201,55,12,143
1762578352.623197,2.673,0.07013,0.65631,-0.71047,0.61947,0.68675,268,69,14,132,50,283,101,15,240,54,32,126,208,55,10,142
1762578360.92019,2.6245,0.07114,0.65669,-0.6545,0.63474,0.67857,296,62,24,119,54,246,94,17,238,47,35,129,223,53,19,153
1762578369.2161477,2.69199,0.0708,0.67715,-0.68445,0.59705,0.73333,269,57,20,131,49,264,99,19,201,54,28,124,223,47,11,154
1762578377.5135865,2.61426,0.07057,0.64822,-0.63991,0.61739,0.70874,277,67,22,140,52,261,117,31,228,40,48,144,222,51,9,130
1762578385.7993536,2.68746,0.0701,0.57384,-0.67143,0.74775,0.69444,241,72,29,132,50,254,97,19,245,38,18,143,227,54,12,139
1762578394.069414,2.73628,0.06788,0.65092,-0.71304,0.69737,0.67494,261,61,24,141,43,294,100,23,265,29,40,122,227,62,10,144
1762578402.3584738,2.68015,0.07132,0.68803,-0.6582,0.64944,0.68448,268,58,15,127,48,255,104,26,242,49,29,125,207,51,11,124
1762578410.6613467,2.7415,0.0699,0.71096,-0.70419,0.66047,0.66588,248,45,17,119,50,272,114,17,228,48,25,129,206,61,10,148
1762578418.9545996,2.73015,0.06875,0.63636,-0.72949,0.65258,0.71171,284,66,22,112,46,279,111,15,224,42,32,128,236,55,9,144
1762578427.2611675,2.67857,0.07073,0.63203,-0.713,0.63121,0.70233,255,68,17,122,49,290,92,15,215,40,38,130,214,53,11,152
1762578435.5610251,2.67254,0.0696,0.69231,-0.70878,0.58824,0.68322,248,51,19,137,49,280,119,19,231,57,41,147,223,51,16,133
1762578443.854003,2.73034,0.06945,0.61803,-0.69953,0.68849,0.7243,237,70,19,140,43,269,93,21,233,45,24,141,220,48,11,149
1762578452.1433105,2.66958,0.07102,0.68261,-0.68565,0.65427,0.64706,269,51,22,118,47,265,105,22,244,48,31,134,199,58,14,137
1762578460.4604704,2.64348,0.07156,0.73878,-0.62679,0.64811,0.62981,285,55,9,141,54,255,85,24,228,44,35,142,205,61,16,134
1762578468.7549987,2.78677,0.06763,0.73805,-0.75056,0.6492,0.64896,277,51,12,141,47,293,100,9,227,48,29,135,231,62,14,126
1762578477.0575633,2.85,0.06529,0.72025,-0.74888,0.69058,0.73333,285,53,14,127,35,275,115,21,231,43,26,146,230,47,9,134
1762578485.3525777,2.6959,0.07232,0.66829,-0.57942,0.73867,0.70952,239,51,17,103,66,269,84,28,204,24,25,122,234,44,17,125
1762578493.6503546,2.83039,0.06735,0.70356,-0.71625,0.67464,0.73594,288,54,21,143,41,258,117,21,221,44,24,129,228,48,6,127
1762578501.972121,2.70845,0.0709,0.68889,-0.65741,0.69803,0.66412,255,50,20,125,62,247,111,12,253,33,36,135,182,61,5,145
1762578510.2572007,2.7309,0.07073,0.68122,-0.64371,0.65661,0.74936,268,54,19,117,55,255,91,20,237,44,30,120,223,40,9,119
1762578518.5591702,2.75559,0.06727,0.63747,-0.70614,0.72707,0.6849,271,62,27,131,41,258,131,26,229,31,30,157,236,62,10,149
1762578526.839263,2.64357,0.07054,0.70194,-0.63753,0.66204,0.64206,261,58,11,133,56,283,101,29,233,41,32,126,219,67,13,148
1762578535.1253395,2.71328,0.07107,0.70194,-0.63462,0.71495,0.66176,273,53,16,121,60,243,97,16,219,41,20,148,205,56,13,134
1762578543.417992,2.6318,0.06989,0.60833,-0.69781,0.64384,0.68182,270,76,18,116,54,300,127,22,207,41,37,153,225,66,4,145
1762578551.7000904,2.78733,0.06762,0.7013,-0.67411,0.70563,0.70629,274,53,16,119,50,271,104,23,255,40,28,139,223,58,5,143
1762578559.987208,2.83896,0.06791,0.69684,-0.71754,0.7207,0.70388,267,57,15,136,47,255,122,15,220,34,22,125,208,50,11,143
1762578568.279131,2.78779,0.06799,0.66994,-0.7243,0.71901,0.67454,297,66,18,128,42,265,104,17,248,37,31,168,185,50,12,134
1762578576.5891292,2.7507,0.06797,0.68612,-0.70721,0.70105,0.65632,296,60,18,123,48,290,89,17,256,42,29,148,223,55,17,124
1762578584.8845448,2.83803,0.06479,0.69835,-0.72257,0.69737,0.71975,277,56,17,134,50,311,105,17,244,43,26,143,247,54,12,158
1762578593.1558027,2.65896,0.07067,0.63492,-0.71239,0.60739,0.70426,278,70,22,134,45,291,96,20,231,46,39,117,213,51,8,127
1762578601.441333,2.71773,0.07019,0.73218,-0.61969,0.64629,0.71958,274,47,15,127,57,240,122,28,261,46,35,116,195,45,8,130
1762578609.729524,2.65886,0.06971,0.6427,-0.70417,0.65368,0.65831,247,69,13,130,47,289,120,24,239,47,33,143,224,63,12,140
1762578618.0385582,2.71863,0.06985,0.67826,-0.67912,0.6682,0.69305,239,54,20,147,53,294,88,20,227,44,28,135,213,51,13,140
1762578626.3046365,2.6386,0.07213,0.61521,-0.67826,0.63805,0.70707,263,67,19,98,55,273,113,19,236,40,38,117,210,50,8,128
1762578634.5945344,2.64151,0.07126,0.63052,-0.69087,0.6381,0.68203,272,72,20,134,47,268,93,19,217,38,38,127,212,50,19,153
1762578642.8948846,2.71184,0.07026,0.63755,-0.68352,0.68233,0.70844,265,64,19,110,53,269,114,19,242,43,28,134,202,43,14,132
1762578651.1774843,2.65012,0.07031,0.64454,-0.70701,0.66129,0.63728,268,66,17,116,43,289,113,26,270,44,40,142,203,59,13,122
1762578659.460753,2.75123,0.06845,0.74949,-0.70536,0.62393,0.67246,290,56,5,136,43,277,105,23,241,53,35,139,206,49,17,131
1762578667.7515233,2.67833,0.06994,0.6713,-0.68831,0.6162,0.70252,240,54,17,121,53,285,105,19,240,50,40,139,215,46,19,157
1762578676.0472007,2.81316,0.06628,0.72881,-0.68122,0.6933,0.70982,264,44,20,144,56,273,112,17,240,31,40,152,199,50,15,184
1762578684.3387802,2.5771,0.07369,0.67603,-0.64045,0.63861,0.62201,261,53,22,127,54,242,123,26,219,43,30,112,199,60,19,140
1762578692.6207647,2.74658,0.06945,0.72803,-0.66968,0.63098,0.71788,284,49,16,129,54,274,95,19,235,39,42,123,197,46,10,144
1762578700.904291,2.6741,0.07111,0.66465,-0.6621,0.62557,0.72178,279,61,22,133,51,269,95,23,221,49,33,135,200,46,7,128
1762578709.1932101,2.64841,0.07195,0.6518,-0.68692,0.64055,0.66914,265,53,29,124,45,251,110,22,231,45,33,125,211,53,14,127
1762578717.521309,2.64857,0.07126,0.70186,-0.68791,0.63445,0.62434,290,59,13,121,53,287,97,18,247,51,36,142,180,56,15,127
1762578725.8163369,2.61569,0.07191,0.61863,-0.62332,0.66588,0.70787,244,61,25,121,61,262,100,23,230,39,32,124,226,53,12,154
1762578734.1065023,2.78665,0.06767,0.67715,-0.68944,0.70093,0.71913,283,57,20,117,57,309,99,18,231,38,26,133,223,47,11,132
1762578742.385422,2.74385,0.06965,0.66167,-0.75169,0.68,0.65049,278,56,23,110,40,292,96,15,245,36,32,112,218,57,15,122
1762578750.6723962,2.7415,0.06926,0.70933,-0.63983,0.69626,0.69608,263,50,17,131,63,281,106,22,234,39,26,129,212,48,14,134
1762578758.9569724,2.6928,0.0691,0.6157,-0.6933,0.73483,0.64896,267,70,23,124,45,294,98,26,251,29,30,135,207,66,10,150
1762578767.2392588,2.78864,0.06888,0.73717,-0.64286,0.69585,0.71277,285,48,16,138,56,262,106,24,237,39,27,131,210,45,9,112
1762578775.5437458,2.77774,0.06854,0.72646,-0.65533,0.67568,0.72028,261,47,14,124,48,231,134,28,240,42,30,132,230,48,12,139
1762578783.8327785,2.79507,0.06817,0.69978,-0.74941,0.69195,0.65393,257,47,21,128,32,267,103,21,235,35,32,133,237,56,21,131
1762578792.1301343,2.85,0.06463,0.71492,-0.72093,0.75117,0.7065,260,55,9,125,43,309,98,23,245,25,28,128,268,57,13,139
1762578800.4024305,2.65456,0.07129,0.71983,-0.66287,0.65217,0.61969,281,53,12,118,50,269,96,24,238,35,37,104,222,69,16,140
1762578808.6809785,2.78789,0.06797,0.70806,-0.65801,0.72398,0.69784,265,55,12,127,65,280,103,14,251,34,27,130,210,54,9,144
1762578816.9836724,2.62245,0.07083,0.63103,-0.62613,0.67265,0.69265,268,69,19,121,52,261,100,31,243,35,38,130,242,59,10,138
1762578825.2696795,2.73955,0.07075,0.72235,-0.64138,0.71824,0.65757,247,47,12,119,52,257,100,26,229,37,24,143,214,57,12,120
1762578833.5470023,2.68861,0.07119,0.68035,-0.64706,0.69374,0.66747,275,56,18,114,50,241,109,25,222,37,29,143,224,60,9,122
1762578841.8482583,2.63681,0.06919,0.67273,-0.69593,0.62083,0.64732,291,54,27,123,57,287,109,14,235,52,39,154,221,64,15,148
1762578850.1565006,2.74246,0.07098,0.69499,-0.64371,0.69951,0.70426,259,62,8,130,49,242,104,26,225,39,22,120,211,45,14,129
1762578858.4402332,2.72649,0.06868,0.67727,-0.6822,0.68852,0.67849,246,56,15,123,58,286,111,17,256,42,34,156,226,56,12,129
1762578866.7546437,2.70262,0.07074,0.68519,-0.66518,0.7087,0.64356,263,48,20,101,57,275,98,18,247,35,32,146,197,58,14,135
1762578875.0324662,2.60314,0.0721,0.64731,-0.63431,0.63431,0.6872,261,61,21,122,64,261,101,17,238,37,44,124,239,57,9,117
1762578883.3109875,2.78125,0.06973,0.71915,-0.75,0.59629,0.71582,295,55,11,109,36,264,107,17,211,50,37,133,193,42,11,127
1762578891.619502,2.67912,0.06975,0.67054,-0.67191,0.65517,0.6815,287,54,31,144,56,275,97,17,232,48,27,128,213,60,8,146
1762578899.914326,2.748,0.07077,0.69053,-0.72749,0.6476,0.68238,270,47,20,96,34,239,116,22,222,45,32,138,214,54,10,125
1762578908.21675,2.66509,0.07121,0.72889,-0.67667,0.60714,0.65238,253,46,15,136,41,264,99,29,226,52,36,134,204,63,10,143
1762578916.5038202,2.72226,0.06902,0.73102,-0.66882,0.61009,0.71233,277,50,12,122,53,283,105,24,233,43,42,118,244,54,9,131
1762578924.7926843,2.73317,0.06893,0.67821,-0.68122,0.64138,0.73236,272,59,20,140,53,275,110,20,223,54,24,134,224,47,8,132
1762578933.071121,2.7843,0.06741,0.69462,-0.76106,0.6468,0.68182,269,58,13,125,40,269,129,14,238,39,41,135,221,54,16,149
1762578941.3773654,2.73165,0.06935,0.70892,-0.66527,0.6861,0.67136,238,52,10,126,60,291,107,20,238,40,30,138,220,59,11,136
1762578949.6630445,2.78365,0.06899,0.68116,-0.7037,0.70022,0.69856,243,51,15,105,53,272,119,15,253,41,26,127,231,57,6,124
1762578958.0051064,2.79885,0.06669,0.68936,-0.68352,0.65727,0.76871,265,57,16,132,54,280,103,18,234,39,40,148,236,39,12,154
1762578966.3087177,2.85,0.06345,0.65784,-0.70954,0.7226,0.81567,284,68,16,123,49,307,105,21,236,40,22,149,254,30,10,140
1762578974.5934145,2.76001,0.06829,0.73577,-0.65843,0.67982,0.68599,321,51,14,106,57,263,106,19,237,36,37,146,221,51,14,128
1762578982.8741207,2.61352,0.07155,0.65939,-0.63229,0.61419,0.70766,253,55,23,127,62,262,102,20,235,48,39,129,212,45,18,156
1762578991.152515,2.75879,0.07,0.67356,-0.6855,0.70044,0.69928,265,52,19,99,46,245,98,18,249,38,30,137,219,51,12,137
1762578999.4537938,2.66621,0.07095,0.70787,-0.62801,0.63033,0.7,264,56,9,116,63,271,101,22,226,37,41,118,216,58,8,158
1762579007.7495754,2.76999,0.06824,0.65577,-0.71922,0.69476,0.70023,263,55,24,117,46,291,107,19,226,35,32,146,212,48,16,151
1762579016.035956,2.77606,0.06945,0.73109,-0.73067,0.63033,0.68396,289,50,14,123,37,262,85,17,209,44,34,135,229,55,12,128
1762579024.32706,2.75659,0.06886,0.7149,-0.7,0.61839,0.7233,272,48,18,125,47,270,121,22,243,45,38,109,209,49,8,146
1762579032.616206,2.67367,0.07115,0.64179,-0.67329,0.67517,0.68342,262,64,20,123,55,266,113,19,235,37,33,126,208,48,15,127
1762579040.905585,2.78596,0.06991,0.69585,-0.72749,0.68182,0.6808,247,46,20,121,41,250,105,15,235,34,36,135,212,49,15,125
1762579049.1973763,2.60216,0.07152,0.6386,-0.68959,0.68203,0.59194,262,67,21,137,56,310,120,23,243,36,33,122,201,72,9,115
1762579057.4676623,2.66894,0.0708,0.65392,-0.69383,0.57848,0.74272,299,60,26,112,49,251,92,13,220,54,40,132,212,40,13,147
1762579065.7423182,2.64078,0.07167,0.67053,-0.65751,0.62929,0.68345,238,58,13,122,60,284,108,21,224,45,36,132,229,55,11,122
1762579074.0498672,2.76262,0.07068,0.71021,-0.71154,0.67667,0.6642,252,48,13,108,43,247,109,17,217,36,34,146,218,55,13,119
1762579082.3311071,2.64219,0.07182,0.69198,-0.66743,0.66514,0.61765,273,55,18,128,50,269,97,23,234,47,26,129,200,64,14,130
1762579090.61558,2.67028,0.07013,0.61074,-0.66737,0.66311,0.72906,251,66,21,109,57,282,114,22,260,41,38,130,206,49,6,145
1762579098.9281156,2.71172,0.06885,0.67331,-0.63556,0.66589,0.73696,290,60,22,130,53,263,105,29,230,41,31,129,225,50,8,158
1762579107.2274246,2.68998,0.06875,0.66531,-0.61441,0.66454,0.74572,265,62,20,143,66,282,99,25,270,50,29,122,217,43,9,140
1762579115.5384986,2.78657,0.06918,0.75267,-0.66743,0.61379,0.75269,298,44,14,113,53,257,109,20,249,50,34,102,211,40,6,115
1762579123.8152163,2.6699,0.07017,0.67793,-0.68212,0.57753,0.73232,283,60,21,139,55,278,103,17,215,45,49,136,201,43,10,142
1762579132.1225805,2.85,0.06517,0.75701,-0.69915,0.70588,0.74253,259,44,8,117,50,295,106,21,239,38,27,138,229,39,17,150
1762579140.3906922,2.82542,0.06697,0.70806,-0.72516,0.70288,0.68932,272,52,15,120,43,300,108,22,245,35,32,139,209,53,11,139
1762579148.7143877,2.7071,0.06926,0.61711,-0.66393,0.68974,0.73632,269,74,20,128,62,296,110,20,231,37,28,123,205,44,9,144
1762579157.0059578,2.62554,0.07219,0.65199,-0.70337,0.63239,0.6378,257,68,15,137,47,262,117,19,219,57,27,154,199,60,9,113
1762579165.287361,2.64628,0.07249,0.71868,-0.65487,0.67273,0.6,261,46,18,130,57,248,126,21,248,45,27,120,189,63,13,115
1762579173.5869732,2.81117,0.06855,0.65501,-0.7494,0.68696,0.71981,247,48,26,108,38,260,103,14,248,37,35,140,208,49,9,148
1762579181.863063,2.68663,0.07139,0.69499,-0.65665,0.68539,0.6496,253,58,12,136,58,271,115,22,255,51,19,120,183,55,10,123
1762579190.1492517,2.70993,0.06863,0.65092,-0.6278,0.67591,0.75529,263,61,24,139,57,263,100,26,267,45,31,126,235,42,10,138
1762579198.4736552,2.6154,0.07316,0.66585,-0.55,0.65778,0.74177,233,48,20,106,72,243,98,27,257,44,33,116,220,41,10,124
1762579206.7574024,2.67916,0.06987,0.68357,-0.65158,0.67111,0.6729,265,50,28,150,47,274,91,30,242,38,36,134,219,58,12,139
1762579215.0481067,2.67174,0.07116,0.68443,-0.60259,0.64734,0.73737,278,52,22,117,64,256,115,28,206,43,30,135,228,45,7,116
1762579223.3480349,2.74417,0.06906,0.65417,-0.68193,0.70276,0.70531,284,58,25,113,45,253,96,21,261,46,24,140,233,49,12,120
1762579231.6317267,2.84612,0.06751,0.74945,-0.77143,0.64623,0.67901,285,43,14,113,37,275,128,15,220,39,36,129,215,52,13,125
1762579239.9148467,2.65446,0.07168,0.69857,-0.64796,0.625,0.68293,279,58,16,138,54,235,88,15,238,43,44,139,214,53,12,131
1762579248.2056844,2.64221,0.07196,0.64508,-0.684,0.64403,0.6691,228,51,23,115,62,304,117,17,209,43,33,142,232,59,9,111
1762579256.4897845,2.73363,0.06954,0.68053,-0.72124,0.65581,0.67606,270,60,13,114,45,292,97,18,243,45,29,113,217,56,13,140
1762579264.7581048,2.75252,0.06762,0.66879,-0.72074,0.63964,0.72336,286,58,20,107,46,307,112,22,222,46,34,142,218,50,11,162
1762579273.05927,2.81253,0.06785,0.68996,-0.70085,0.71106,0.71066,257,54,17,130,50,283,115,20,241,42,22,138,213,49,8,124
1762579281.3541875,2.82638,0.06846,0.6689,-0.76392,0.65741,0.73615,252,59,15,121,37,275,121,16,234,38,36,124,197,41,9,132
1762579289.6547985,2.64958,0.07088,0.68357,-0.64365,0.65487,0.66749,277,58,20,138,55,258,111,25,230,47,31,144,215,57,10,121
1762579297.9732406,2.80562,0.06735,0.64348,-0.71806,0.68161,0.76247,236,63,19,142,43,274,116,21,254,42,29,121,232,45,5,139
1762579306.2764883,2.71956,0.0697,0.68898,-0.6681,0.67453,0.68794,263,58,14,128,50,288,99,27,226,38,31,129,208,52,14,149
1762579314.5693636,2.56754,0.07208,0.6453,-0.60181,0.68565,0.63478,285,64,19,100,64,254,100,24,240,40,29,130,218,72,12,158
1762579322.8499103,2.6967,0.06937,0.68944,-0.78509,0.66818,0.55399,284,52,23,124,37,291,116,12,245,30,43,122,197,80,15,134
1762579331.1396618,2.83884,0.06621,0.73717,-0.75947,0.66667,0.67554,286,53,11,137,34,291,104,20,247,44,34,143,216,57,10,130
1762579339.4342387,2.6633,0.07043,0.64912,-0.64651,0.68696,0.68071,236,69,11,140,38,252,102,38,245,39,33,143,206,60,12,173
1762579347.7392805,2.63015,0.07045,0.6392,-0.63516,0.70168,0.6541,254,67,14,114,63,271,101,20,259,40,31,146,225,63,15,148
1762579356.0248659,2.85,0.06627,0.69388,-0.76068,0.65864,0.74074,263,55,20,152,34,294,118,22,228,36,42,151,198,37,12,131
1762579364.3192575,2.76384,0.06725,0.70196,-0.66879,0.72399,0.6691,293,63,13,141,48,280,113,30,257,34,31,149,204,54,14,139
1762579372.6109107,2.83196,0.06587,0.71026,-0.69697,0.73793,0.6868,301,50,22,124,47,286,106,23,237,22,35,141,225,56,14,152
1762579380.9071488,2.75534,0.06894,0.66531,-0.69266,0.66029,0.73709,303,65,17,105,48,260,109,19,222,32,39,125,239,45,11,131
1762579389.2232263,2.6614,0.0706,0.66739,-0.70614,0.625,0.66287,259,58,19,127,46,267,122,21,233,46,35,118,220,60,14,145
1762579397.5143278,2.81187,0.06906,0.71889,-0.70163,0.67213,0.71921,239,48,13,134,41,270,95,23,227,38,32,130,222,49,8,127
1762579405.7881315,2.66525,0.07123,0.67981,-0.64629,0.67329,0.66586,245,57,12,117,53,268,109,28,241,41,33,138,196,51,18,148
1762579414.073874,2.85,0.06624,0.67982,-0.69604,0.75115,0.75309,266,56,17,117,48,272,113,21,228,41,13,152,223,43,7,132
1762579422.3534846,2.85,0.06523,0.73053,-0.72103,0.71053,0.7233,286,55,9,125,44,281,120,21,260,35,31,130,220,46,11,135
1762579430.6387093,2.79708,0.06911,0.73023,-0.67483,0.66591,0.7261,245,40,18,127,44,278,98,29,233,41,33,136,207,42,11,127
1762579438.9416704,2.80692,0.06755,0.75397,-0.73522,0.64859,0.66914,314,47,15,128,43,259,108,13,252,35,46,128,204,58,9,134
1762579447.244527,2.76761,0.07036,0.69888,-0.72494,0.72622,0.61757,266,52,15,112,44,258,112,15,246,33,26,126,198,63,11,115
1762579455.5446725,2.67635,0.07067,0.66452,-0.68584,0.63991,0.68608,262,63,15,125,50,268,113,21,240,43,40,138,192,49,13,141
1762579463.8258176,2.71428,0.06972,0.69328,-0.65315,0.65778,0.71007,275,53,20,128,52,274,93,25,227,34,43,146,208,43,16,140
1762579472.1178555,2.74636,0.06887,0.69358,-0.60714,0.69856,0.74707,290,55,19,119,62,230,130,26,225,38,25,130,240,37,17,133
1762579480.406573,2.72989,0.06877,0.7,-0.678,0.67171,0.68018,268,59,10,123,51,265,105,20,253,39,37,134,224,55,16,149
1762579488.6761289,2.75377,0.06827,0.71674,-0.66297,0.65977,0.71429,262,49,17,138,51,271,104,25,240,42,32,121,243,51,14,147
1762579496.9995384,2.75917,0.07018,0.67907,-0.64679,0.70492,0.7284,257,50,19,104,61,257,102,16,232,37,26,132,219,41,14,131
1762579505.3150485,2.6387,0.07116,0.69106,-0.67925,0.65625,0.61215,283,58,18,133,48,246,110,20,248,42,35,123,210,65,18,135
1762579513.5996823,2.66813,0.07082,0.67785,-0.67241,0.64091,0.67696,254,58,14,121,52,290,98,24,240,41,38,121,222,59,9,131
1762579521.8904407,2.83504,0.06482,0.74757,-0.70741,0.63239,0.74766,291,47,18,159,54,304,122,19,249,45,39,124,219,41,13,155
1762579530.1749353,2.72485,0.06903,0.68487,-0.66004,0.66822,0.71171,273,51,24,128,55,268,108,22,249,36,35,108,225,49,15,155
1762579538.4633467,2.73298,0.07041,0.64179,-0.67281,0.66265,0.75573,265,64,20,120,47,266,97,24,207,37,33,138,227,37,11,118
1762579546.7410738,2.62129,0.07039,0.73518,-0.63098,0.57741,0.67773,291,47,20,148,57,246,112,24,241,64,37,136,208,57,11,146
1762579555.0399315,2.74204,0.06963,0.69778,-0.64352,0.72113,0.67961,273,49,19,109,49,258,97,28,241,36,28,154,203,55,11,143
1762579563.3272474,2.74919,0.06953,0.66133,-0.6689,0.693,0.72596,240,56,18,123,53,264,109,21,242,32,36,133,211,50,7,148
1762579571.606471,2.85,0.06573,0.70435,-0.71247,0.75104,0.68856,278,53,15,114,47,295,110,21,264,29,31,158,200,46,18,147
1762579579.903111,2.85,0.06489,0.72819,-0.7177,0.73991,0.71812,293,48,19,133,42,269,90,17,239,32,26,149,224,52,11,160
1762579588.2092896,2.58347,0.07323,0.64186,-0.6652,0.61927,0.65714,244,57,20,109,60,275,103,16,232,44,39,121,223,58,14,125
1762579596.4987533,2.8167,0.06607,0.67917,-0.71622,0.66239,0.75893,268,59,18,135,38,272,109,25,247,43,36,142,245,48,6,149
1762579604.8055935,2.80308,0.06736,0.75221,-0.67198,0.6449,0.73399,285,42,14,111,44,270,97,28,247,52,35,156,229,44,10,123
1762579613.1214192,2.70467,0.07045,0.67198,-0.68398,0.64444,0.70426,261,55,17,106,51,267,122,22,238,41,39,132,216,49,10,124
1762579621.4034674,2.76807,0.06851,0.65462,-0.7253,0.64948,0.73867,289,68,18,123,43,249,109,14,259,50,35,141,202,41,8,124
1762579629.7052813,2.78354,0.0679,0.74066,-0.7125,0.65238,0.678,253,51,8,143,47,302,109,22,233,45,28,114,229,63,8,141
1762579637.9880185,2.57184,0.07252,0.64317,-0.59821,0.62222,0.70824,252,60,21,121,59,242,116,31,233,47,38,132,211,54,8,152
1762579646.2698843,2.65799,0.07143,0.67073,-0.68941,0.61364,0.68421,275,55,26,136,46,248,111,20,243,50,35,112,212,44,19,124
1762579654.5617929,2.80355,0.06704,0.72365,-0.67511,0.68507,0.71971,247,38,21,121,59,291,106,18,246,38,39,166,233,50,9,129
1762579662.8428657,2.76325,0.06991,0.75937,-0.63457,0.67407,0.69524,306,45,16,140,59,224,107,15,223,38,28,116,205,51,13,151
1762579671.1437302,2.67865,0.07011,0.7155,-0.60421,0.67421,0.68473,266,46,21,138,64,275,106,30,222,41,31,148,204,51,13,138
1762579679.4430273,2.67021,0.07257,0.70302,-0.63474,0.66667,0.66578,241,51,13,126,64,274,93,18,225,42,30,135,205,45,18,109
1762579687.7297716,2.75994,0.06926,0.67967,-0.71368,0.6808,0.68579,275,60,18,134,44,297,110,24,215,27,37,122,215,52,11,123
1762579696.0355113,2.82843,0.06714,0.69161,-0.71739,0.69643,0.723,253,55,13,120,41,274,121,24,250,38,30,130,230,45,14,137
1762579704.3249943,2.75095,0.06908,0.72137,-0.67473,0.63768,0.71717,312,57,16,139,57,279,102,17,206,42,33,133,211,43,13,129
1762579712.6118069,2.72761,0.07012,0.72549,-0.69528,0.61735,0.6895,258,47,16,138,53,292,103,18,195,40,35,122,227,53,15,143
1762579720.9046257,2.78841,0.0676,0.69631,-0.66094,0.72727,0.70388,264,49,21,127,50,295,92,29,252,34,29,147,205,48,13,146
1762579729.2001443,2.68263,0.07044,0.68602,-0.67281,0.62613,0.69767,284,54,19,108,50,260,103,21,231,40,43,130,230,49,16,135
1762579737.5295374,2.84503,0.06526,0.75417,-0.70179,0.68376,0.70531,287,45,14,134,59,300,128,16,266,38,36,128,218,53,8,135
1762579745.808396,2.70637,0.06991,0.69631,-0.64865,0.6643,0.6971,263,51,19,128,55,264,102,23,216,40,31,136,218,60,8,163
1762579754.1331203,2.64938,0.0707,0.68588,-0.621,0.60766,0.73483,303,62,17,121,54,267,88,29,219,52,30,117,227,49,10,159
1762579762.432979,2.78424,0.06768,0.68936,-0.64935,0.68053,0.765,290,56,17,107,51,261,120,30,245,28,45,139,231,37,10,122
1762579770.7131896,2.81054,0.06721,0.70325,-0.69002,0.72685,0.69042,282,54,19,137,53,289,109,20,248,28,31,125,228,47,16,116
1762579779.015758,2.85,0.06463,0.79541,-0.72185,0.64979,0.73697,299,37,12,131,45,272,118,18,237,46,37,154,213,46,7,137
1762579787.3028395,2.7373,0.06895,0.70445,-0.64574,0.6815,0.70561,290,54,19,131,50,270,97,29,246,47,21,113,219,51,12,146
1762579795.5835621,2.64918,0.07098,0.64989,-0.64055,0.6913,0.66744,272,53,27,105,57,248,108,21,247,45,26,142,216,59,13,145
1762579803.9089947,2.6926,0.06917,0.70419,-0.68981,0.6603,0.6383,271,46,21,115,48,247,118,19,240,56,24,151,246,73,12,139
1762579812.2046063,2.85,0.06746,0.73148,-0.75378,0.66125,0.73585,260,36,22,114,40,297,109,17,225,35,38,133,212,39,10,110
1762579820.5083098,2.85,0.06655,0.72146,-0.76546,0.67981,0.70673,266,53,8,111,39,298,116,16,234,39,30,128,201,56,5,154
1762579828.7979712,2.76073,0.06927,0.74449,-0.6484,0.61589,0.75194,249,43,15,147,59,255,106,18,240,40,47,126,209,38,10,130
1762579837.1085272,2.63144,0.07226,0.66591,-0.66667,0.63466,0.6642,254,60,14,115,57,285,105,21,202,44,34,147,194,56,12,143
1762579845.4089983,2.69619,0.06875,0.68145,-0.62609,0.65929,0.72936,298,55,24,119,65,281,93,21,224,43,34,151,222,41,18,155
1762579853.6982675,2.69088,0.0695,0.7037,-0.67373,0.59059,0.72286,276,54,18,138,54,293,102,23,202,44,43,136,240,49,11,133
1762579862.0089197,2.70187,0.07137,0.68584,-0.69374,0.60656,0.71574,260,49,22,121,47,261,104,19,223,43,41,120,219,49,7,119
1762579870.304421,2.65211,0.06966,0.70722,-0.67105,0.63991,0.63393,283,46,25,131,52,266,115,23,242,42,41,136,212,66,16,154
1762579878.579367,2.65658,0.07144,0.69658,-0.62679,0.59746,0.73575,272,51,20,125,55,244,96,23,249,48,47,128,204,41,10,131
1762579886.8561769,2.75118,0.06858,0.6888,-0.69365,0.64103,0.7277,268,61,14,139,48,289,98,22,223,41,36,129,227,49,9,141
1762579895.20827,2.69952,0.07173,0.64626,-0.68171,0.67568,0.69588,227,57,21,136,47,251,103,20,243,42,30,129,211,48,11,118
1762579903.4971235,2.62481,0.07326,0.66173,-0.67281,0.63457,0.6557,282,60,20,111,48,239,124,23,208,37,37,123,208,56,12,119
1762579911.804063,2.79663,0.06903,0.71915,-0.68849,0.67677,0.71223,272,52,14,132,52,270,104,17,209,38,26,123,230,52,8,127
1762579920.115013,2.7297,0.07094,0.71685,-0.67019,0.65152,0.69114,273,54,9,109,59,269,126,19,203,39,30,124,194,44,17,140
1762579928.4159393,2.73867,0.06944,0.67123,-0.69231,0.69438,0.68075,253,51,21,113,51,273,112,19,242,44,24,135,210,60,8,148
1762579936.7018657,2.62635,0.07206,0.69165,-0.6,0.65333,0.68137,273,57,15,122,62,245,99,24,249,47,31,123,203,53,12,140
1762579945.0036108,2.758,0.06781,0.75169,-0.675,0.67568,0.65563,254,39,16,134,50,287,115,28,233,37,35,139,250,65,13,125
1762579953.294486,2.63066,0.07177,0.62232,-0.65533,0.66434,0.68868,261,66,22,117,48,268,97,28,224,40,32,133,197,54,12,161
1762579961.5889888,2.69919,0.07047,0.68067,-0.66816,0.68627,0.66408,281,60,16,119,50,251,121,24,261,42,30,126,211,55,10,111
1762579969.8885117,2.6989,0.06998,0.70806,-0.70787,0.61947,0.66351,267,52,15,125,47,284,96,18,220,49,37,146,205,61,10,146
1762579978.249299,2.74993,0.06905,0.70168,-0.67198,0.65919,0.71707,282,52,19,123,50,264,103,22,225,36,40,145,222,49,9,130
1762579986.5388267,2.67074,0.07045,0.67312,-0.62613,0.6913,0.68019,272,55,21,117,60,253,108,23,242,35,36,147,228,52,15,124
1762579994.8267756,2.77661,0.06786,0.67544,-0.67483,0.6895,0.73684,256,58,16,126,51,258,118,22,223,45,23,147,230,49,11,166
1762580003.1427894,2.63669,0.0724,0.66228,-0.69643,0.59819,0.67979,266,57,20,113,44,282,98,24,234,42,47,120,204,43,18,116
1762580011.4460614,2.74692,0.06839,0.66939,-0.69161,0.63063,0.75529,275,51,30,134,47,268,105,21,226,54,28,136,225,43,9,148
1762580019.7301414,2.63331,0.07075,0.64228,-0.62998,0.67257,0.68849,281,66,22,123,62,266,82,17,224,45,29,154,253,57,12,121
1762580028.0464706,2.73368,0.06921,0.67442,-0.68443,0.62077,0.75406,247,49,21,113,55,282,113,19,226,50,34,133,222,43,10,156
1762580036.327228,2.80185,0.06762,0.67241,-0.71806,0.66742,0.74396,250,59,17,138,43,284,106,21,235,38,36,136,216,45,8,145
1762580044.6215162,2.7419,0.06874,0.68852,-0.68374,0.68372,0.68591,265,65,11,147,52,294,84,19,237,35,33,125,226,55,13,139
1762580052.9055204,2.61253,0.07283,0.66667,-0.63554,0.64706,0.66327,245,55,22,140,56,267,92,24,239,43,35,125,198,57,9,128
1762580061.2031226,2.80817,0.06779,0.66452,-0.71938,0.67606,0.74822,272,54,24,115,43,286,100,20,239,40,29,118,230,46,7,138
1762580069.4966974,2.75592,0.06894,0.71429,-0.65854,0.67517,0.70792,279,57,13,141,55,285,89,22,217,41,29,144,207,45,14,138
1762580077.7941108,2.67526,0.06912,0.63306,-0.63599,0.7122,0.69401,271,71,20,134,72,287,113,17,224,35,24,127,239,58,11,143
1762580086.099466,2.74333,0.07031,0.6707,-0.69401,0.65639,0.72222,230,51,17,115,44,274,108,25,237,39,39,139,225,41,14,116
1762580094.4029875,2.73519,0.06991,0.61556,-0.70355,0.70901,0.70707,240,65,19,113,52,299,109,19,231,38,25,139,202,47,11,136
1762580102.6903577,2.69099,0.07154,0.73128,-0.67606,0.59059,0.69307,284,47,14,109,51,255,102,18,203,54,33,135,212,51,11,130
1762580110.9883058,2.66445,0.07083,0.62174,-0.68201,0.6878,0.6729,275,71,16,98,48,286,116,28,219,35,29,127,215,56,14,143
1762580119.2916892,2.72087,0.06884,0.69231,-0.67835,0.68591,0.6643,274,54,20,133,54,287,120,24,236,46,22,129,237,57,14,115
1762580127.6136196,2.75862,0.06773,0.66467,-0.7221,0.62363,0.74822,274,68,16,143,40,272,106,21,232,47,39,139,210,45,8,158
1762580135.9226897,2.69979,0.06986,0.66957,-0.61927,0.65403,0.75693,238,60,16,146,60,245,108,23,222,51,22,127,268,47,10,144
1762580144.2095685,2.69259,0.07001,0.6646,-0.71047,0.62945,0.68807,283,58,23,119,54,272,112,11,220,45,33,123,221,59,9,147
1762580152.4944313,2.64518,0.06993,0.68916,-0.68789,0.61949,0.64865,284,61,15,129,51,283,128,25,226,43,39,123,227,62,16,139
1762580160.7873106,2.67619,0.0709,0.72245,-0.68653,0.58701,0.6802,286,57,11,136,48,263,119,23,198,44,45,144,220,54,9,111
1762580169.07105,2.59159,0.0716,0.66879,-0.61277,0.63805,0.67198,261,59,19,132,68,291,88,23,237,39,39,116,213,58,14,154
1762580177.352662,2.73483,0.0691,0.67917,-0.72034,0.67356,0.66176,281,59,18,122,41,305,101,25,229,41,30,135,217,59,10,122
1762580185.6580272,2.76144,0.06807,0.73529,-0.66525,0.67453,0.68636,292,51,12,121,60,275,118,19,222,37,32,133,242,51,18,129
1762580193.93681,2.83586,0.06754,0.71233,-0.71694,0.63883,0.76777,260,52,11,115,49,258,112,12,232,50,30,131,221,44,5,152
1762580202.2254443,2.69175,0.06926,0.69472,-0.65021,0.63474,0.71208,308,57,21,125,55,289,112,30,225,43,39,142,210,46,10,123
1762580210.5252242,2.74266,0.07039,0.67529,-0.71175,0.67619,0.67943,255,52,17,101,47,268,118,18,211,45,23,141,210,55,12,141
1762580218.8436372,2.64864,0.07189,0.66953,-0.61814,0.64811,0.71287,273,56,21,116,56,270,69,24,241,50,29,129,201,51,7,145
1762580227.1366317,2.73355,0.06895,0.63022,-0.70175,0.67198,0.72959,281,71,22,129,57,289,99,11,245,48,24,122,203,45,8,136
1762580235.4185915,2.76717,0.06902,0.67615,-0.70861,0.66019,0.72222,257,56,18,126,55,261,126,11,198,38,32,144,226,48,12,146
1762580243.6950998,2.73003,0.06906,0.72233,-0.68276,0.61135,0.71358,287,50,19,141,46,285,81,23,244,48,41,125,214,47,11,133
1762580251.9748628,2.80725,0.06798,0.70404,-0.69298,0.68,0.73023,255,45,21,125,44,270,116,26,222,37,31,135,233,46,12,139
1762580260.2657773,2.7651,0.06746,0.72636,-0.70753,0.61693,0.71429,300,54,14,129,51,287,110,17,234,48,38,129,225,51,10,141
1762580268.5430005,2.61498,0.07377,0.70709,-0.63719,0.55122,0.71948,258,53,11,115,58,247,114,22,205,54,38,113,198,48,6,133
1762580276.864657,2.69093,0.07023,0.6766,-0.67929,0.61863,0.71642,263,58,18,131,59,273,104,13,220,43,43,145,208,43,14,137
1762580285.144767,2.68221,0.07125,0.71494,-0.71245,0.61463,0.64019,255,51,11,118,51,279,120,16,195,36,43,136,208,58,19,143
1762580293.447466,2.78571,0.06636,0.65315,-0.69388,0.6898,0.74888,259,54,23,108,53,302,113,22,236,40,36,178,250,50,6,140
1762580301.7513351,2.62462,0.0723,0.65591,-0.67312,0.60369,0.69191,251,63,17,134,56,271,118,20,235,48,38,113,191,46,13,133
1762580310.0264237,2.58916,0.07326,0.64732,-0.6122,0.63409,0.69555,260,64,15,109,69,268,102,20,212,39,34,114,215,55,10,147
1762580318.3138793,2.79006,0.06897,0.73391,-0.67556,0.67366,0.70694,285,45,17,119,53,286,91,20,236,35,35,123,208,46,11,124
1762580326.6197562,2.6439,0.07133,0.67983,-0.72845,0.56086,0.67476,264,57,20,140,44,284,117,19,196,49,43,131,195,53,14,150
1762580334.9126177,2.57115,0.0725,0.64143,-0.59041,0.66512,0.67419,258,63,27,154,64,263,102,30,237,40,32,121,197,50,15,137
1762580343.2060862,2.67092,0.07219,0.69265,-0.66351,0.59737,0.71739,248,52,17,132,55,242,109,16,250,52,40,115,203,40,12,113
1762580351.4999614,2.77512,0.06993,0.675,-0.72922,0.65517,0.71574,289,59,19,113,40,253,111,17,205,35,35,131,208,48,8,130
1762580359.7812877,2.78248,0.06801,0.72473,-0.66228,0.6777,0.71776,271,46,18,130,54,295,84,23,226,37,36,154,222,49,9,131
1762580368.09678,2.72085,0.06849,0.6849,-0.68085,0.66462,0.69048,257,57,15,128,52,281,114,23,257,35,47,150,208,57,8,147
1762580376.381798,2.65111,0.07055,0.70878,-0.65778,0.62741,0.65714,282,49,19,117,56,265,108,21,238,48,39,142,206,58,14,142
1762580384.6721106,2.77266,0.06801,0.74617,-0.62633,0.66589,0.73427,262,48,10,137,63,273,110,25,222,43,29,137,205,49,8,167
1762580392.980213,2.71955,0.07076,0.68421,-0.67329,0.67943,0.68262,277,51,21,107,52,262,117,22,241,39,28,110,203,53,10,131
1762580401.2693145,2.71988,0.06978,0.65833,-0.63121,0.67473,0.75561,283,61,21,115,62,258,87,16,248,44,30,133,211,41,8,141
1762580409.5583086,2.66875,0.07258,0.6982,-0.67111,0.64128,0.65816,256,49,18,121,58,281,95,16,201,37,36,133,211,53,14,114
1762580417.8419683,2.73886,0.06969,0.63877,-0.69767,0.6971,0.70531,246,64,18,126,44,266,99,21,246,35,33,135,220,50,11,133
1762580426.1504817,2.63152,0.07153,0.66133,-0.7,0.61644,0.65376,246,54,20,117,49,281,110,20,232,49,35,122,228,64,12,135
1762580434.4394176,2.80175,0.06642,0.72074,-0.67672,0.6867,0.71759,290,52,16,129,54,282,107,21,252,43,30,141,215,54,7,156
1762580442.7383378,2.68443,0.07104,0.66734,-0.67038,0.66929,0.67742,279,65,17,132,48,262,113,26,204,38,25,114,225,55,15,139
1762580451.032762,2.72587,0.0679,0.71654,-0.61472,0.68696,0.70766,290,49,23,146,63,267,106,26,254,40,32,134,218,48,15,150
1762580459.3340242,2.65681,0.07273,0.62198,-0.67556,0.66154,0.69773,259,66,20,110,47,263,114,26,206,36,30,118,197,45,15,140
1762580467.617869,2.71378,0.06919,0.65361,-0.69397,0.6971,0.6691,269,60,24,132,49,294,99,22,241,42,26,140,204,52,16,139
1762580475.9080284,2.70036,0.07038,0.70612,-0.6093,0.67421,0.71072,271,53,19,147,61,268,78,23,244,41,31,126,216,48,10,127
1762580484.1870492,2.69478,0.06996,0.69456,-0.61472,0.64251,0.74299,271,53,20,134,66,265,108,23,211,45,29,129,226,45,10,147
1762580492.472754,2.75034,0.06953,0.6625,-0.6399,0.70522,0.74272,280,63,18,119,49,248,89,25,227,40,25,149,219,42,11,140
1762580500.7647786,2.66442,0.07135,0.71369,-0.66981,0.57684,0.70408,287,57,12,126,53,235,119,17,231,54,41,123,198,53,5,136
1762580509.05916,2.69505,0.06874,0.64854,-0.67912,0.67015,0.69725,269,61,23,125,53,275,107,20,263,42,37,137,245,53,13,125
1762580517.3728194,2.68846,0.07021,0.64835,-0.68212,0.67627,0.68171,263,56,24,112,54,265,116,18,259,37,36,119,206,58,9,148
1762580525.6570082,2.7259,0.06842,0.67742,-0.63839,0.65458,0.7555,285,63,17,131,58,267,100,23,255,50,31,133,228,44,6,131
1762580533.9354715,2.74014,0.06879,0.71602,-0.69794,0.6046,0.72158,303,51,19,120,48,253,118,18,214,43,43,135,223,52,8,148
1762580542.2260742,2.76359,0.06988,0.72,-0.66512,0.69161,0.68687,253,47,16,134,53,259,99,19,239,34,34,134,204,56,6,130
1762580550.5124593,2.7272,0.06841,0.71542,-0.64835,0.63678,0.72665,298,57,15,136,58,274,101,22,227,39,40,129,228,48,12,151
1762580558.7850015,2.7492,0.06896,0.74793,-0.63844,0.65596,0.70686,275,48,13,148,62,269,89,17,234,44,31,127,212,47,15,149
1762580567.0921628,2.68841,0.07048,0.66379,-0.69265,0.60092,0.73105,276,56,22,110,47,270,110,22,229,60,27,120,210,44,11,144
1762580575.3881526,2.80494,0.06748,0.76715,-0.65577,0.64055,0.74146,285,39,17,140,58,273,107,21,224,47,31,132,219,44,9,138
1762580583.6568806,2.78427,0.06744,0.69959,-0.67797,0.66204,0.74468,295,54,19,118,55,289,107,21,240,36,37,119,224,43,11,145
1762580591.950706,2.77002,0.06878,0.74572,-0.67797,0.67191,0.67442,231,44,8,126,58,278,118,18,241,40,33,131,195,63,7,165
1762580600.2373056,2.76641,0.07024,0.69021,-0.6875,0.67442,0.71429,253,51,17,118,42,275,103,28,217,34,36,143,201,47,7,123
1762580608.5214963,2.7779,0.06877,0.72565,-0.65602,0.67841,0.71782,290,48,21,144,46,249,88,24,249,37,36,132,218,48,9,129
1762580616.8333154,2.74783,0.06939,0.67699,-0.69515,0.70499,0.6707,241,55,18,138,50,266,101,16,263,36,32,130,227,54,14,118
1762580625.1603138,2.72608,0.07068,0.66087,-0.68653,0.72315,0.65553,263,59,19,119,59,260,122,12,232,31,27,129,202,57,10,120
1762580633.4477074,2.71637,0.0699,0.66154,-0.71134,0.67517,0.66832,266,55,22,112,53,315,100,17,235,35,35,126,215,51,16,122
1762580641.7347445,2.65185,0.07148,0.63596,-0.65675,0.63636,0.72277,264,65,18,109,54,259,103,21,251,48,34,118,220,45,11,128
1762580650.0241895,2.71883,0.07063,0.61359,-0.69877,0.69417,0.7123,256,70,21,124,47,261,83,14,244,37,26,105,239,50,12,130
1762580658.313131,2.64985,0.07047,0.70021,-0.68565,0.62047,0.64352,268,52,18,129,43,249,121,26,235,47,42,145,212,64,13,143
1762580666.6100125,2.72179,0.06882,0.6347,-0.7149,0.66219,0.71,238,61,19,120,46,283,114,20,279,50,38,154,208,46,12,134
1762580674.93802,2.58526,0.07261,0.64551,-0.65661,0.63636,0.64677,251,64,17,125,53,272,85,21,253,54,34,143,194,60,11,137
1762580683.2269711,2.76162,0.06938,0.75587,-0.65728,0.64655,0.70192,252,37,15,122,56,261,92,17,235,46,36,147,213,53,9,141
1762580691.5073955,2.85,0.06575,0.66946,-0.75644,0.69267,0.7799,252,61,18,147,39,267,108,13,231,27,38,127,218,38,8,154
1762580699.8118417,2.62958,0.06993,0.67073,-0.671,0.60175,0.6861,292,67,14,119,59,274,112,17,246,44,47,120,217,57,13,159
1762580708.093737,2.85,0.06649,0.69781,-0.71226,0.71121,0.73469,277,53,23,150,51,265,98,10,250,37,30,147,204,42,10,136
1762580716.3807802,2.71094,0.0698,0.7069,-0.7,0.6689,0.63514,285,48,20,111,44,265,92,19,243,45,29,130,217,70,11,146
1762580724.677216,2.70169,0.07022,0.67423,-0.60364,0.6691,0.75472,293,57,22,113,59,240,112,28,229,40,28,114,214,46,6,158
1762580732.9838052,2.7308,0.06948,0.69857,-0.6129,0.65155,0.76777,289,52,22,128,63,259,91,21,227,49,24,119,232,43,6,141
1762580741.2750595,2.56255,0.07363,0.63636,-0.66324,0.62613,0.63682,229,63,13,113,59,303,102,23,231,46,37,130,197,63,10,132
1762580749.5452073,2.687,0.07016,0.68122,-0.66109,0.64756,0.69713,252,55,18,133,58,275,122,23,255,49,34,133,195,48,10,130
1762580757.8630555,2.67404,0.07149,0.70048,-0.67401,0.68212,0.61743,241,48,14,111,54,279,101,20,257,46,26,124,199,67,12,135
1762580766.160945,2.55767,0.0732,0.64348,-0.62419,0.65675,0.63325,250,65,17,128,58,268,108,29,235,47,28,127,200,67,8,134
1762580774.4647777,2.57596,0.0735,0.57942,-0.63426,0.66589,0.69639,228,71,23,125,60,247,106,19,229,42,30,130,214,52,11,138
1762580782.7496033,2.64733,0.07197,0.7314,-0.64783,0.63902,0.62907,284,51,14,135,56,275,104,25,200,41,33,136,193,62,12,132
1762580791.0609078,2.6532,0.07278,0.65948,-0.6658,0.642,0.68591,267,61,18,118,38,225,94,26,225,47,28,119,225,53,15,140
1762580799.3441582,2.71055,0.06953,0.66279,-0.69932,0.64286,0.70558,289,68,19,140,51,264,109,15,235,36,44,133,212,50,8,124
1762580807.6238797,2.60739,0.07146,0.65328,-0.65548,0.64967,0.64896,278,58,24,113,52,276,94,25,243,50,29,129,232,61,15,125
1762580815.8955808,2.61314,0.0704,0.66053,-0.71053,0.57235,0.66972,263,63,20,143,47,279,111,19,220,55,44,144,209,64,8,155
1762580824.1925623,2.79442,0.06786,0.66525,-0.66063,0.73427,0.73427,279,51,28,114,54,271,96,21,253,29,28,119,226,45,12,146
1762580832.4879766,2.65399,0.07049,0.69462,-0.63713,0.63596,0.68627,270,53,18,124,63,265,123,23,250,50,33,123,222,54,10,122
1762580840.7947643,2.65905,0.06906,0.60663,-0.69672,0.62115,0.73455,267,73,22,121,52,306,108,22,230,42,44,138,237,50,8,142
1762580849.094362,2.66165,0.07047,0.71116,-0.6569,0.62445,0.66914,261,48,18,130,59,284,112,23,244,50,36,128,211,54,13,127
1762580857.3843107,2.736,0.06917,0.70281,-0.70093,0.63514,0.69712,291,59,15,133,44,261,103,20,233,43,38,130,229,55,8,124
1762580865.6838505,2.70274,0.07109,0.63991,-0.64179,0.68519,0.73585,257,70,13,121,56,243,87,16,238,39,29,126,235,43,13,133
1762580873.9787652,2.79907,0.06775,0.70975,-0.71491,0.66079,0.71362,238,44,20,139,49,284,107,16,244,46,31,133,230,51,10,135
1762580882.2639866,2.69347,0.0713,0.67024,-0.66292,0.67327,0.68704,263,54,23,127,53,268,102,22,227,34,32,111,221,53,11,124
1762580890.5507703,2.73028,0.06983,0.65596,-0.69161,0.69752,0.68519,240,61,14,121,51,264,109,17,237,38,29,139,237,60,8,127
1762580898.8489683,2.78331,0.06831,0.70306,-0.67431,0.68471,0.72124,266,48,20,124,51,260,105,20,224,36,31,134,249,52,11,140
1762580907.173393,2.82426,0.06775,0.69838,-0.75158,0.68349,0.69082,247,51,14,119,49,299,117,10,227,38,31,140,228,47,17,122
1762580915.4433687,2.70672,0.07064,0.63758,-0.66271,0.67473,0.73171,234,68,13,132,50,250,100,21,236,40,34,145,222,44,11,133
1762580923.7259123,2.6453,0.07101,0.66465,-0.66667,0.61702,0.69697,291,64,19,121,53,252,118,21,202,46,35,140,223,50,15,141
1762580932.0123854,2.85,0.06433,0.73536,-0.76077,0.6895,0.78765,267,51,10,133,34,267,101,16,236,34,34,134,225,36,7,137
1762580940.310294,2.73578,0.06995,0.66204,-0.69515,0.64912,0.72947,239,56,17,120,52,275,92,14,237,47,33,139,219,46,10,139
1762580948.617849,2.67481,0.07012,0.69803,-0.69014,0.6162,0.67043,252,52,17,136,48,262,98,18,222,57,33,157,245,61,12,125
1762580956.9047914,2.59681,0.07194,0.62363,-0.65237,0.6162,0.7046,249,68,18,122,64,259,107,13,241,54,36,138,191,49,12,161
1762580965.191904,2.68956,0.06917,0.71542,-0.66302,0.60811,0.70302,299,61,11,135,54,278,102,23,234,47,40,123,233,56,8,134
1762580973.4915159,2.70156,0.07044,0.6867,-0.67411,0.65176,0.689,261,54,19,132,48,265,110,25,223,40,34,128,212,54,11,141
1762580981.7706056,2.72189,0.06938,0.73415,-0.66055,0.67742,0.64977,283,53,12,141,53,253,109,21,229,42,28,135,201,63,13,157
1762580990.0560966,2.7165,0.06785,0.70751,-0.66524,0.67019,0.67356,300,60,14,132,63,287,101,15,240,48,30,155,215,60,11,149
1762580998.404259,2.68293,0.07286,0.65376,-0.67043,0.69713,0.66162,260,55,21,103,54,272,98,19,193,32,26,132,202,56,11,127
1762581006.6751134,2.76762,0.07016,0.69697,-0.65275,0.69159,0.72632,245,49,16,119,54,262,114,25,234,40,26,128,206,41,11,122
1762581014.9589329,2.66351,0.07301,0.67965,-0.66085,0.62353,0.69948,250,49,25,138,49,222,111,19,212,54,26,133,200,40,18,128
1762581023.2354293,2.73705,0.06794,0.75,-0.62719,0.65199,0.70787,269,45,12,130,68,274,97,17,234,50,33,160,228,56,9,152
1762581031.5172946,2.70628,0.07011,0.67249,-0.65948,0.68019,0.69412,252,64,11,131,62,282,103,17,230,41,26,122,214,51,14,146
1762581039.8075018,2.76741,0.06755,0.68526,-0.69874,0.67288,0.71053,288,59,20,135,52,283,123,20,259,41,38,145,197,47,8,128
1762581048.1007562,2.71434,0.07004,0.68696,-0.62222,0.71216,0.693,267,54,18,121,62,261,104,23,228,33,25,117,228,65,3,147
1762581056.3881156,2.64013,0.07045,0.63441,-0.65502,0.6632,0.6875,274,67,18,106,58,274,105,21,255,43,38,145,228,52,13,123
1762581064.6717863,2.61534,0.07089,0.62633,-0.65948,0.63169,0.69784,261,64,24,122,53,288,97,26,231,54,32,150,201,50,13,153
1762581072.9829557,2.82876,0.06777,0.69935,-0.73086,0.66133,0.73723,271,49,20,119,46,279,94,12,235,39,35,128,212,40,14,145
1762581081.2763894,2.73488,0.06996,0.7453,-0.6555,0.64789,0.68618,282,43,18,136,52,250,96,20,214,45,30,137,212,55,12,148
1762581089.5713692,2.71739,0.07059,0.6603,-0.69302,0.66995,0.69412,273,62,18,118,47,257,107,19,214,30,37,125,214,49,16,146
1762581097.8551137,2.74594,0.06911,0.68487,-0.66234,0.65393,0.74479,272,60,15,129,60,258,126,18,229,46,31,139,201,34,15,134
1762581106.1454144,2.74721,0.06705,0.70339,-0.6639,0.64059,0.73933,280,46,24,122,61,287,114,20,261,43,42,127,233,46,12,154
1762581114.433821,2.85,0.06424,0.73859,-0.75,0.67672,0.75632,301,41,22,118,38,265,106,15,241,41,34,148,232,45,8,150
1762581122.7556293,2.79716,0.06835,0.71255,-0.65012,0.70968,0.72482,282,59,12,141,51,249,100,23,240,34,29,131,195,43,13,156
1762581131.0577414,2.7355,0.06757,0.6749,-0.61905,0.69369,0.74786,281,63,16,126,66,278,96,22,238,45,23,138,240,48,11,169
1762581139.347449,2.77319,0.06661,0.71206,-0.63677,0.66532,0.75904,297,59,15,143,57,244,121,24,240,45,38,173,226,43,7,139
1762581147.6230795,2.65839,0.07199,0.66667,-0.62201,0.63844,0.73127,285,60,20,115,57,243,96,22,225,49,30,133,205,43,9,130
1762581155.9107969,2.71705,0.06953,0.73362,-0.65875,0.61969,0.705,279,46,17,131,55,268,116,24,225,47,38,137,195,47,12,146
1762581164.2266738,2.72457,0.06886,0.64557,-0.68349,0.69811,0.6974,274,61,23,116,53,255,112,16,256,42,30,149,228,50,14,131
1762581172.5087092,2.73695,0.07001,0.70588,-0.66271,0.63723,0.73113,284,57,13,122,49,255,95,22,215,40,36,128,225,46,11,142
1762581180.7989383,2.83643,0.06585,0.66871,-0.7593,0.70678,0.70163,275,66,15,133,34,289,113,21,270,40,27,120,218,53,11,147
1762581189.0922875,2.65852,0.06931,0.68399,-0.64681,0.6603,0.66743,272,57,19,133,59,283,104,24,255,43,37,136,201,61,12,165
1762581197.389754,2.73883,0.06757,0.65098,-0.66949,0.66437,0.75399,277,64,25,144,59,286,108,19,249,46,27,113,226,45,9,159
1762581205.6942313,2.67988,0.06981,0.6494,-0.67816,0.64629,0.70602,297,67,21,117,53,274,91,17,239,44,37,138,206,48,13,148
1762581213.9903812,2.74571,0.07004,0.73029,-0.67048,0.61,0.73494,289,47,18,128,48,266,99,24,209,45,33,113,228,46,9,132
1762581222.285294,2.72473,0.06971,0.64935,-0.71685,0.65427,0.70426,254,60,21,127,45,275,107,18,246,51,28,132,214,46,13,126
1762581230.5844955,2.72104,0.0702,0.68067,-0.65176,0.65176,0.73684,277,57,19,123,56,240,111,18,213,40,34,138,225,47,8,138
1762581238.8921497,2.76802,0.06843,0.72458,-0.70536,0.64371,0.69438,283,47,18,124,46,276,106,20,213,38,37,133,227,61,7,150
1762581247.18433,2.66425,0.07062,0.64588,-0.68109,0.61451,0.72277,279,66,22,130,49,267,102,21,223,48,37,133,213,50,6,135
1762581255.465771,2.71022,0.06842,0.68163,-0.68685,0.66953,0.67221,271,58,20,141,51,297,107,24,246,48,29,143,218,52,17,134
1762581263.759634,2.66031,0.07029,0.69014,-0.66147,0.67191,0.63679,302,55,22,118,54,264,109,22,239,42,31,133,203,64,13,144
1762581272.0686889,2.74887,0.06723,0.64417,-0.73077,0.66739,0.70655,271,64,23,131,52,281,124,11,248,42,35,138,228,54,11,150
1762581280.3636184,2.73448,0.0703,0.7247,-0.68778,0.65617,0.66582,313,46,22,113,50,262,111,19,221,47,24,121,197,54,12,132
1762581288.708171,2.68428,0.07098,0.639,-0.64871,0.6934,0.70316,273,70,17,122,55,257,95,20,238,43,22,121,209,53,8,141
1762581297.0261564,2.7049,0.06936,0.72673,-0.70909,0.63136,0.63772,306,53,16,130,43,267,109,21,218,42,45,167,209,61,12,121
1762581305.3340142,2.66294,0.07148,0.62092,-0.67805,0.68053,0.68345,266,70,17,106,46,241,103,20,243,40,33,141,209,52,14,142
1762581313.6167097,2.8058,0.0668,0.712,-0.70667,0.64126,0.74588,283,61,11,145,47,279,105,19,219,43,37,147,236,44,10,135
1762581321.9303524,2.63712,0.07184,0.67473,-0.66957,0.60091,0.69192,259,56,18,122,57,281,103,19,220,48,40,133,216,52,9,119
1762581330.214089,2.85,0.06491,0.72541,-0.69915,0.71991,0.75127,276,53,14,145,49,285,116,22,247,33,31,146,214,41,8,131
1762581338.4979832,2.69402,0.07126,0.65823,-0.66265,0.6729,0.70025,264,57,24,129,54,261,84,16,216,36,34,142,210,58,3,136
1762581346.7909284,2.73387,0.06939,0.69021,-0.69231,0.6392,0.71216,249,54,14,122,54,290,117,20,251,47,34,117,212,45,13,133
1762581355.1409855,2.73258,0.06955,0.65385,-0.71429,0.67788,0.68657,259,68,13,128,49,311,109,21,215,40,27,134,205,50,13,134
1762581363.4354293,2.55535,0.07243,0.65591,-0.62416,0.63274,0.64253,268,63,17,117,60,260,103,24,231,49,34,138,233,66,13,130
1762581371.73944,2.6699,0.0712,0.69476,-0.69655,0.59268,0.68591,263,51,16,109,48,271,98,18,219,50,39,129,228,51,17,137
1762581380.0384984,2.72435,0.06843,0.6875,-0.66743,0.71111,0.65831,302,58,22,130,53,261,105,20,247,39,26,138,220,61,14,144
1762581388.3179636,2.74859,0.06924,0.75161,-0.6758,0.63596,0.68523,283,47,11,126,56,248,119,15,236,46,35,128,220,59,6,128
1762581396.6093628,2.6956,0.06958,0.68313,-0.66311,0.69888,0.65049,282,56,21,127,56,285,105,23,236,31,36,142,209,56,16,131
1762581404.8872,2.72458,0.06998,0.66597,-0.72072,0.65888,0.67901,252,67,13,147,45,269,113,17,220,42,31,135,216,57,8,124
1762581413.183433,2.76125,0.06881,0.68996,-0.7,0.63196,0.73934,246,58,13,141,55,294,114,17,217,44,32,120,231,44,11,136
1762581421.4590182,2.66693,0.07016,0.66109,-0.70302,0.68511,0.61772,285,66,15,112,44,262,105,20,265,48,26,131,220,68,14,127
1762581429.751253,2.71466,0.07121,0.70892,-0.63861,0.68085,0.68627,261,46,16,103,56,233,98,17,266,36,39,129,203,51,13,141
1762581438.0473106,2.6855,0.07041,0.71613,-0.67033,0.6241,0.67494,280,48,18,119,52,261,119,23,225,44,34,112,229,64,8,142
1762581446.3370037,2.75939,0.06802,0.7032,-0.71026,0.62844,0.71749,264,51,14,109,51,291,134,21,222,50,31,133,232,51,12,151
1762581454.6181364,2.7524,0.06871,0.70023,-0.71298,0.61441,0.72477,261,52,12,102,42,271,105,21,245,51,40,136,239,52,8,137
1762581462.9088738,2.75721,0.06828,0.70175,-0.67241,0.65577,0.72727,268,56,12,120,53,273,115,23,244,42,37,136,200,49,8,161
1762581471.2107673,2.74182,0.06712,0.69008,-0.66667,0.62472,0.76035,265,58,17,144,61,286,114,19,233,51,34,135,242,47,8,162
1762581479.5042918,2.7683,0.06885,0.63314,-0.66667,0.71014,0.75835,276,74,19,138,45,251,114,28,242,30,30,112,199,41,6,143
1762581487.7819972,2.81077,0.06792,0.69643,-0.69655,0.68539,0.73239,281,52,16,99,45,265,104,21,244,50,20,131,198,47,10,171
1762581496.0840607,2.70148,0.07128,0.65079,-0.72368,0.642,0.685,255,62,15,109,44,274,119,19,220,50,25,124,202,49,14,135
1762581504.3998048,2.80052,0.06688,0.71245,-0.61263,0.73568,0.73976,262,53,14,137,65,260,123,27,249,41,19,145,216,42,12,145
1762581512.7139258,2.85,0.06684,0.76147,-0.67296,0.72082,0.70223,266,42,10,118,54,280,119,24,246,36,25,130,204,55,5,139
1762581521.0058162,2.62108,0.07024,0.6805,-0.65611,0.61263,0.67184,289,62,15,116,51,246,120,25,250,52,40,133,229,58,16,148
1762581529.2999933,2.7509,0.07016,0.73953,-0.67366,0.63182,0.70588,254,42,14,120,47,258,101,23,242,40,41,117,218,56,4,130
1762581537.6413968,2.66433,0.07116,0.68507,-0.66586,0.6152,0.6982,280,54,23,132,50,234,110,19,223,48,33,117,230,60,7,147
1762581545.9121997,2.70079,0.06938,0.60842,-0.67006,0.73274,0.68957,262,72,21,120,59,269,141,22,263,35,25,126,183,46,15,149
1762581554.2005167,2.63595,0.07095,0.68553,-0.63229,0.60171,0.71642,274,56,19,128,65,256,108,17,253,53,40,121,215,42,15,130
1762581562.5017776,2.61888,0.07253,0.63797,-0.70455,0.62844,0.64792,238,62,20,133,50,270,105,15,232,50,31,123,197,55,17,140
1762581570.7992227,2.79545,0.06777,0.70751,-0.70068,0.66094,0.72632,279,52,22,153,38,252,123,28,269,52,27,118,206,39,13,122
1762581579.0883813,2.71988,0.06887,0.69937,-0.67257,0.62832,0.71963,275,53,19,132,50,269,109,24,220,44,40,148,231,44,16,137
1762581587.3729181,2.62406,0.07084,0.7085,-0.55263,0.65197,0.71096,284,54,18,138,77,266,88,25,224,48,27,132,220,47,15,147
1762581595.6579747,2.71191,0.06945,0.62931,-0.72895,0.65831,0.69533,262,68,18,116,46,294,127,20,238,44,31,126,208,43,19,137
1762581603.9747195,2.5356,0.07235,0.72269,-0.62733,0.57205,0.61353,278,45,21,132,57,287,106,33,236,56,42,124,207,65,15,127
1762581612.2706785,2.66062,0.07144,0.63871,-0.64569,0.67554,0.70068,259,64,20,122,46,256,97,30,217,34,33,129,239,55,11,136
1762581620.5700362,2.6931,0.06971,0.67603,-0.65161,0.66595,0.69951,255,57,18,133,53,280,104,28,241,44,34,148,210,49,12,135
1762581628.8537161,2.77095,0.06825,0.74327,-0.66741,0.66376,0.69652,290,45,17,131,58,261,115,17,233,47,30,148,199,45,16,142
1762581637.1441903,2.78571,0.0681,0.64807,-0.6833,0.71163,0.74272,257,67,15,127,50,278,110,23,238,38,24,130,224,43,10,135
1762581645.4368913,2.6776,0.07048,0.71311,-0.65517,0.58182,0.72749,302,53,17,116,45,251,109,30,229,52,40,119,213,47,9,142
1762581653.724092,2.70075,0.07023,0.72103,-0.65625,0.61593,0.70755,271,47,18,130,56,250,121,21,235,42,40,110,214,43,19,148
1762581662.0395167,2.7126,0.06878,0.6833,-0.68109,0.65293,0.69528,260,56,17,128,53,255,114,17,237,53,27,144,254,59,12,141
1762581670.3449187,2.65609,0.07161,0.70022,-0.65278,0.61863,0.68447,265,50,17,115,52,260,97,23,215,51,35,150,197,53,12,150
1762581678.6333833,2.6504,0.07098,0.66879,-0.63675,0.63717,0.70769,277,57,21,116,59,281,102,26,243,50,32,127,188,44,13,145
1762581686.9261732,2.71601,0.07062,0.64889,-0.68109,0.63294,0.75309,274,55,24,97,52,257,112,18,206,47,31,141,217,38,12,138
1762581695.225659,2.71055,0.0708,0.71602,-0.63516,0.66667,0.6927,293,55,15,130,62,264,108,21,210,34,32,120,201,54,7,135
1762581703.5360754,2.76281,0.06754,0.69979,-0.6632,0.68037,0.71946,284,44,27,118,60,289,111,21,236,44,26,132,245,57,5,135
1762581711.8197389,2.74477,0.06885,0.70259,-0.60879,0.70925,0.72414,278,50,19,117,66,259,107,23,247,38,28,141,224,39,17,126
1762581720.1304736,2.71883,0.06945,0.68789,-0.69684,0.64706,0.68704,274,63,13,137,52,290,113,20,221,40,35,129,205,57,7,140
1762581728.423955,2.67088,0.07094,0.6994,-0.64238,0.62697,0.70213,308,55,20,116,51,256,116,30,213,48,35,149,197,46,10,123
1762581736.7108448,2.6781,0.07046,0.68898,-0.67442,0.64803,0.66667,270,53,19,121,47,258,102,23,253,44,41,145,206,61,7,134
1762581744.9985073,2.85,0.06557,0.70732,-0.71304,0.74554,0.72308,279,55,17,141,47,266,128,19,255,29,28,136,187,43,11,149
1762581753.2761145,2.72093,0.06948,0.72234,-0.67896,0.61321,0.70642,277,52,12,120,54,272,115,20,221,42,40,121,224,49,15,148
1762581761.584037,2.69367,0.06998,0.68098,-0.67123,0.625,0.71646,294,53,25,117,50,263,103,22,231,50,37,146,218,47,9,121
1762581769.8615198,2.73993,0.06928,0.73187,-0.64301,0.62529,0.73976,267,45,16,127,63,286,96,20,219,52,28,128,235,41,13,126
1762581778.2119985,2.72282,0.0697,0.69163,-0.69672,0.63861,0.69585,253,55,15,131,51,300,114,23,203,35,38,128,228,56,10,140
1762581786.502315,2.66128,0.07005,0.70085,-0.63677,0.59825,0.7254,272,50,20,126,53,263,102,28,237,53,39,129,209,47,13,168
1762581794.7778199,2.78534,0.06703,0.70485,-0.68919,0.62801,0.76329,296,52,24,143,48,260,115,21,212,50,35,160,222,38,11,143
1762581803.053091,2.60082,0.0716,0.625,-0.66038,0.66667,0.64878,259,71,16,118,62,265,131,19,244,47,29,136,210,66,6,128
1762581811.33676,2.69051,0.07143,0.7155,-0.57635,0.70183,0.69682,267,50,17,137,59,223,97,27,256,31,34,115,222,50,12,125
1762581819.632026,2.53485,0.07387,0.64898,-0.63193,0.60748,0.64646,294,64,22,110,53,263,105,30,239,41,43,105,191,59,11,135
1762581827.9078581,2.75734,0.06751,0.71983,-0.60816,0.70522,0.72414,260,50,15,139,71,273,121,25,229,35,30,147,241,49,11,134
1762581836.1857507,2.69476,0.06899,0.6748,-0.63029,0.63676,0.75291,272,61,19,140,53,273,93,30,242,39,44,132,222,43,10,154
1762581844.4767795,2.73695,0.06889,0.78862,-0.62771,0.63063,0.69,321,40,12,119,56,274,102,30,237,48,34,125,207,52,10,131
1762581852.7743995,2.74199,0.06908,0.7365,-0.6868,0.66287,0.65581,280,48,13,122,50,276,101,20,230,45,29,135,209,60,14,147
1762581861.0765374,2.70612,0.06946,0.74153,-0.63514,0.65,0.67946,278,50,11,133,62,269,94,19,234,34,43,129,237,58,13,135
1762581869.3457582,2.59665,0.07142,0.65574,-0.62667,0.57895,0.73529,280,69,15,124,65,277,89,19,230,63,33,130,222,46,8,132
1762581877.6373374,2.69562,0.07016,0.6051,-0.72949,0.65501,0.70602,269,67,26,109,47,284,106,14,227,47,27,128,204,53,8,150
1762581885.928084,2.60886,0.07279,0.64454,-0.65094,0.59909,0.71429,258,60,23,126,57,243,107,17,227,51,37,124,203,42,15,139
1762581894.2163172,2.67996,0.07048,0.70021,-0.65254,0.61429,0.71292,271,53,17,126,59,293,97,23,217,48,33,122,207,51,9,151
1762581902.5221512,2.76944,0.06844,0.74749,-0.68571,0.66004,0.67619,293,49,14,143,47,248,106,19,228,42,35,148,218,57,11,134
1762581910.7929437,2.72828,0.06969,0.7155,-0.70439,0.60889,0.69951,278,47,20,126,48,263,106,16,226,52,36,136,209,47,14,136
1762581919.104558,2.69979,0.07018,0.70464,-0.61538,0.63719,0.74257,262,56,14,142,63,268,89,22,240,46,34,121,208,48,4,144
1762581927.3954332,2.70439,0.06964,0.69547,-0.62187,0.66743,0.71963,288,58,16,124,58,261,95,25,245,35,38,121,225,43,17,143
1762581935.680171,2.6863,0.07069,0.63913,-0.71429,0.62222,0.71066,256,65,18,121,51,260,124,13,226,43,42,139,210,51,6,127
1762581943.996055,2.68853,0.06928,0.66531,-0.68445,0.59052,0.74825,284,62,20,124,49,267,96,19,243,51,44,126,222,41,13,153
1762581952.2968256,2.66567,0.07095,0.67532,-0.61215,0.57143,0.80676,266,54,21,121,57,255,90,26,224,53,40,117,243,31,9,131
1762581960.5871093,2.73484,0.07095,0.7102,-0.6699,0.65672,0.69802,293,55,16,126,47,243,101,21,197,39,30,136,218,48,13,125
1762581968.8834414,2.80796,0.06761,0.67413,-0.65217,0.73585,0.7458,282,58,22,129,62,258,103,14,244,27,29,124,216,48,5,148
1762581977.1761127,2.82631,0.06671,0.73626,-0.71938,0.65236,0.71831,271,48,12,124,42,258,128,21,251,37,44,134,223,50,10,143
1762581985.475351,2.75333,0.06922,0.72269,-0.70022,0.65176,0.67866,288,49,17,122,47,278,102,20,222,38,36,129,217,54,13,133
1762581993.7802172,2.78728,0.06861,0.75527,-0.6557,0.65517,0.72113,287,44,14,129,49,235,92,19,244,41,34,116,244,55,9,151
1762582002.0702844,2.78027,0.06683,0.68155,-0.69888,0.68487,0.71496,287,61,21,146,45,276,102,22,243,52,23,158,218,50,10,143
1762582010.3595674,2.84794,0.06601,0.71171,-0.65022,0.7173,0.76871,265,48,16,115,61,249,119,17,257,38,29,150,258,43,8,132
1762582018.6717248,2.73729,0.06985,0.72549,-0.62871,0.68653,0.69655,273,52,11,123,53,233,96,22,255,43,28,127,217,53,13,152
1762582026.9905097,2.73962,0.06983,0.70071,-0.69263,0.64384,0.70244,245,47,16,113,50,277,125,23,243,40,38,117,212,52,9,137
1762582035.2809756,2.73541,0.06964,0.68928,-0.65977,0.65864,0.72772,268,52,19,118,59,268,93,15,238,37,41,141,226,43,12,123
1762582043.568267,2.58013,0.07218,0.62903,-0.63871,0.61663,0.69576,266,67,25,138,61,270,111,23,227,39,44,123,221,50,11,119
1762582051.8663833,2.63696,0.07158,0.65073,-0.66434,0.60829,0.7136,272,66,18,125,49,254,103,23,216,43,42,133,217,49,11,142
1762582060.1749573,2.67648,0.07045,0.69758,-0.63445,0.66133,0.68312,283,54,21,138,62,292,97,25,246,42,32,117,203,50,11,121
1762582068.4788013,2.68871,0.07019,0.71795,-0.67421,0.6046,0.69195,281,40,26,121,51,260,110,21,234,44,42,115,224,58,9,144
1762582076.765425,2.61924,0.07155,0.64344,-0.62812,0.64865,0.69903,268,61,26,133,57,263,96,25,236,47,31,130,225,48,14,125
1762582085.0404465,2.67997,0.06982,0.7045,-0.66228,0.62054,0.69266,259,53,16,139,53,278,101,24,226,54,31,137,228,57,10,141
1762582093.3370154,2.66726,0.06911,0.66874,-0.5803,0.65611,0.76211,276,55,25,127,70,266,103,28,227,30,46,139,239,42,12,161
1762582101.6222563,2.73842,0.06935,0.67347,-0.70843,0.68326,0.67327,282,61,19,128,46,277,98,18,235,37,33,137,210,54,12,128
1762582109.914102,2.72737,0.06986,0.67568,-0.69053,0.68879,0.67237,262,55,23,141,52,276,90,15,248,47,21,121,200,53,14,142
1762582118.1919498,2.6723,0.06996,0.66537,-0.70186,0.59434,0.71072,290,63,23,138,54,281,130,18,216,51,35,122,211,48,10,132
1762582126.4866276,2.66335,0.07069,0.65517,-0.68919,0.66887,0.65012,257,64,16,127,47,263,112,22,230,42,33,148,210,66,8,139
1762582134.8220859,2.66011,0.07076,0.64706,-0.63934,0.63478,0.73893,250,54,27,128,50,245,105,27,244,42,42,132,230,46,10,143
1762582143.1071546,2.79979,0.0684,0.74141,-0.67213,0.65256,0.73368,298,54,10,133,50,251,106,20,239,38,40,132,217,44,7,115
1762582151.3928974,2.80495,0.06832,0.69362,-0.72052,0.72249,0.66832,264,51,21,134,47,290,104,17,232,35,23,128,208,52,15,129
1762582159.715403,2.63084,0.06988,0.65272,-0.64927,0.64017,0.68868,263,68,15,132,59,291,104,25,260,52,34,132,207,56,10,151
1762582168.0142903,2.66976,0.07029,0.59459,-0.72506,0.64019,0.70992,302,77,28,111,42,289,100,20,214,40,37,137,196,45,12,140
1762582176.2968113,2.63193,0.07126,0.65392,-0.62445,0.66341,0.69014,273,64,22,138,61,271,101,25,217,46,23,124,234,56,10,126
1762582184.6027586,2.77531,0.0678,0.6853,-0.65502,0.64786,0.78713,272,53,23,135,50,275,104,29,226,48,30,139,230,34,9,131
1762582192.9145868,2.58484,0.0733,0.64706,-0.65714,0.58606,0.69458,234,65,13,130,51,260,88,21,238,54,41,126,210,50,12,134
1762582201.2120721,2.71784,0.06981,0.68591,-0.67073,0.65487,0.70633,251,55,13,114,57,284,127,24,227,47,31,147,203,43,15,134
1762582209.516005,2.6661,0.07107,0.63674,-0.70022,0.61421,0.71492,264,71,16,128,43,285,95,24,191,43,33,127,259,50,14,126
1762582217.828272,2.62515,0.07146,0.62869,-0.63636,0.62014,0.73995,253,64,24,133,54,262,98,26,246,47,36,108,220,47,8,148
1762582226.1184628,2.71612,0.06945,0.63677,-0.63801,0.63441,0.80693,262,59,22,103,59,253,109,21,242,52,33,138,217,30,9,148
1762582234.3956122,2.74564,0.0696,0.64211,-0.64912,0.69683,0.75758,266,60,25,124,55,235,94,15,239,35,32,136,242,45,7,135
1762582242.6838498,2.71839,0.07024,0.67177,-0.63474,0.64455,0.76733,257,52,23,125,65,267,100,17,239,39,36,108,200,43,4,157
1762582250.9717698,2.75493,0.06825,0.65237,-0.62605,0.67249,0.80402,255,57,20,111,71,300,87,18,247,42,33,136,228,36,3,131
1762582259.2629151,2.72056,0.06991,0.66465,-0.64334,0.68298,0.72959,285,64,19,127,52,259,105,27,249,36,32,112,207,47,6,132
1762582267.5724556,2.67449,0.06987,0.67949,-0.65864,0.59914,0.73723,280,57,18,113,56,269,110,22,235,51,42,136,219,44,10,138
1762582275.8667402,2.75446,0.06916,0.72614,-0.65301,0.67667,0.69863,272,50,16,144,50,243,100,22,233,33,37,130,232,51,15,140
1762582284.1790798,2.64858,0.07002,0.69826,-0.68737,0.62256,0.64039,299,60,18,140,52,281,113,21,258,50,37,116,206,57,16,127
1762582292.4681232,2.76096,0.06883,0.69979,-0.70732,0.6259,0.72796,296,52,19,106,53,307,113,19,221,43,35,118,198,49,5,145
1762582300.7599614,2.6998,0.06969,0.60954,-0.71368,0.64516,0.73141,262,66,24,109,45,295,112,23,221,49,28,136,217,50,6,144
1762582309.0577042,2.64907,0.07051,0.6646,-0.6689,0.63441,0.68116,279,58,23,123,58,282,91,16,241,47,38,139,220,56,10,128
1762582317.3432488,2.72237,0.06829,0.69539,-0.68966,0.63948,0.69784,290,57,19,133,45,283,109,27,233,53,31,149,230,49,14,124
1762582325.6334884,2.6781,0.07018,0.66245,-0.72577,0.62247,0.66742,256,64,16,138,44,251,114,14,249,51,33,112,232,66,8,139
1762582333.929213,2.67991,0.07027,0.66874,-0.6408,0.61337,0.75701,281,57,23,122,61,270,100,20,208,52,29,130,231,36,16,145
1762582342.2187788,2.69728,0.07065,0.75,-0.59819,0.67654,0.67254,294,47,12,119,65,243,111,24,231,40,31,137,199,53,12,133
1762582350.5230744,2.67102,0.07056,0.65548,-0.60606,0.66589,0.74359,268,63,14,102,55,275,96,36,229,41,31,130,239,43,12,135
1762582358.813689,2.68034,0.0708,0.70539,-0.6338,0.69114,0.65,288,54,17,123,67,282,124,24,230,37,24,104,229,61,9,101
1762582367.0949063,2.77644,0.06845,0.67917,-0.74026,0.64878,0.70824,289,57,20,114,42,296,106,18,215,34,38,123,223,49,13,140
1762582375.3910863,2.76169,0.06771,0.69748,-0.66302,0.67347,0.72772,258,53,19,146,56,298,82,21,246,43,37,164,199,45,10,150
1762582383.6945374,2.58486,0.07452,0.68067,-0.61814,0.61663,0.66942,265,57,19,135,58,252,87,22,226,48,35,124,182,48,12,121
1762582392.0042021,2.56642,0.0735,0.64602,-0.67143,0.58542,0.66355,243,61,19,129,52,256,95,17,206,56,35,142,229,62,10,127
1762582400.3033316,2.79461,0.06698,0.64509,-0.70302,0.69762,0.74888,252,66,19,142,43,261,106,21,247,38,32,146,241,49,7,149
1762582408.6173394,2.69162,0.07015,0.66874,-0.64889,0.61674,0.75726,273,64,16,130,50,249,122,29,227,45,42,140,210,33,13,123
1762582416.9102669,2.712,0.07018,0.64681,-0.70787,0.65686,0.70046,265,58,25,122,46,276,104,19,226,50,20,112,203,54,11,166
1762582425.2214189,2.77707,0.06875,0.625,-0.72104,0.65591,0.77512,250,58,23,101,42,271,93,17,254,42,38,131,209,41,6,162
1762582433.5069225,2.77229,0.06775,0.66516,-0.70354,0.6386,0.76499,236,49,25,132,49,282,103,18,264,57,31,135,208,35,14,160
1762582441.7908027,2.65513,0.07136,0.64482,-0.62031,0.65566,0.73434,263,70,14,126,53,271,96,33,226,41,32,125,204,43,10,142
1762582450.0947456,2.69261,0.07121,0.6824,-0.68122,0.60998,0.71901,276,51,23,116,54,287,98,19,225,49,37,130,199,41,10,113
1762582458.375461,2.63509,0.07042,0.67227,-0.59831,0.63303,0.73148,270,58,20,128,70,268,110,25,234,37,43,122,235,46,12,139
1762582466.654541,2.64163,0.0698,0.68443,-0.64653,0.61263,0.69803,265,53,21,130,54,282,86,25,244,48,44,139,254,49,20,134
1762582474.9538395,2.70547,0.06994,0.6952,-0.70044,0.61429,0.69555,276,57,16,130,54,288,98,14,232,44,37,107,226,57,8,136
1762582483.2412577,2.75542,0.06855,0.70522,-0.71685,0.64035,0.693,242,46,19,134,45,290,92,18,262,43,39,112,216,60,8,159
1762582491.5204155,2.79747,0.06791,0.68936,-0.718,0.71364,0.67647,273,56,17,124,49,284,112,16,244,31,32,133,204,54,12,138
1762582499.8191147,2.71824,0.06956,0.67117,-0.67665,0.67117,0.69925,270,57,16,101,58,302,118,23,241,38,35,130,217,45,15,122
1762582508.1030893,2.78189,0.06729,0.67647,-0.70337,0.69935,0.7027,290,60,17,109,46,266,113,20,248,38,31,142,217,54,12,161
1762582516.398971,2.85,0.06439,0.72473,-0.73387,0.65053,0.74944,262,46,18,139,40,306,124,26,257,42,41,135,228,46,10,163
1762582524.6973462,2.65052,0.07322,0.67711,-0.71897,0.58087,0.67358,245,53,14,103,39,258,109,21,234,49,43,113,185,55,8,138
1762582532.9836655,2.68657,0.06921,0.70248,-0.67982,0.65427,0.65,286,50,22,126,40,290,93,33,262,39,40,116,233,63,14,130
1762582541.2660108,2.64777,0.06949,0.68699,-0.66376,0.6494,0.64762,277,58,19,138,60,270,111,17,272,47,41,142,210,62,12,136
1762582549.5548184,2.85,0.06689,0.74944,-0.67265,0.6682,0.76812,273,42,14,118,56,276,97,17,221,38,34,141,202,41,7,164
1762582557.8888302,2.83585,0.06491,0.7115,-0.70231,0.68619,0.73585,306,57,17,133,55,305,101,16,255,40,35,148,237,46,10,131
1762582566.1865072,2.67131,0.06983,0.67742,-0.69263,0.64348,0.65778,256,54,16,108,53,292,110,20,233,47,35,145,217,64,13,156
1762582574.483644,2.65512,0.07166,0.70339,-0.6659,0.61995,0.66587,272,50,20,130,51,270,94,22,229,45,35,112,213,53,17,136
1762582582.7571952,2.85,0.06599,0.72591,-0.72939,0.72414,0.72569,247,52,12,156,41,300,109,23,228,29,27,122,231,44,11,115
1762582591.0553827,2.64043,0.06958,0.70356,-0.5871,0.66807,0.68171,283,49,26,148,69,256,113,27,254,46,33,143,226,52,15,128
1762582599.351515,2.76959,0.0684,0.74066,-0.65675,0.69102,0.68116,273,44,15,123,59,254,108,16,259,42,32,146,216,49,17,132
1762582607.6333313,2.77072,0.06805,0.72807,-0.74522,0.58314,0.71429,280,46,16,114,37,290,121,23,217,50,39,121,226,52,11,152
1762582615.9183445,2.69402,0.06803,0.74316,-0.71125,0.56632,0.67329,293,49,12,121,45,300,103,23,240,58,45,132,214,60,14,165
1762582624.2257988,2.695,0.069,0.75,-0.65236,0.65198,0.64066,316,50,13,125,63,289,96,18,231,48,31,144,217,63,13,130
1762582632.5105112,2.72519,0.06826,0.70683,-0.67171,0.66094,0.68571,283,58,15,142,54,277,110,22,236,39,40,151,230,57,9,124
1762582640.78355,2.76689,0.06871,0.69957,-0.70323,0.68868,0.67542,272,48,22,124,49,290,106,20,230,38,28,128,220,58,10,131
1762582649.084154,2.6759,0.07019,0.71074,-0.66228,0.62759,0.67529,276,53,17,138,63,273,106,14,235,51,30,119,214,54,15,142
1762582657.3795612,2.7732,0.06762,0.69362,-0.75169,0.62419,0.7037,283,55,17,115,31,292,96,24,232,42,45,144,234,57,7,134
1762582665.6737754,2.73068,0.06948,0.71369,-0.62697,0.70709,0.68293,279,56,13,134,58,259,103,25,238,38,26,135,209,55,10,136
1762582673.9727166,2.65458,0.07076,0.69365,-0.63011,0.64889,0.68193,267,61,9,120,58,283,96,28,226,44,35,145,216,55,11,133
1762582682.2910044,2.76998,0.0698,0.66522,-0.66887,0.71,0.72589,261,58,19,122,55,281,97,20,231,35,23,111,186,45,9,154
1762582690.5821214,2.69832,0.06966,0.71028,-0.68374,0.61885,0.68545,241,48,14,125,50,260,118,21,260,61,32,135,237,63,4,122
1762582698.8768697,2.76927,0.06886,0.70046,-0.64396,0.66816,0.75669,255,49,16,114,58,264,110,23,228,41,33,144,226,39,11,135
1762582707.173742,2.59765,0.07272,0.66465,-0.56398,0.70068,0.66834,289,65,18,123,64,253,77,28,224,38,28,151,199,48,18,133
1762582715.515772,2.77431,0.06892,0.68333,-0.67554,0.70044,0.71499,278,65,11,126,41,246,100,26,252,39,29,134,204,51,7,145
1762582723.81137,2.73428,0.06792,0.6487,-0.67229,0.66733,0.74596,286,64,24,127,47,252,95,21,265,53,30,151,231,41,14,147
1762582732.10849,2.71871,0.07113,0.7382,-0.65121,0.69154,0.63776,267,51,10,138,56,263,111,23,217,33,29,123,184,55,16,137
1762582740.4161477,2.82208,0.06721,0.72708,-0.61259,0.67672,0.80569,271,52,12,134,52,240,93,28,243,50,25,146,234,33,8,147
1762582748.7857738,2.65627,0.07001,0.64417,-0.68326,0.66964,0.65919,269,63,24,133,44,275,97,26,232,47,27,142,236,57,19,134
1762582757.0657542,2.73332,0.06946,0.75109,-0.70115,0.60879,0.67229,285,40,17,116,47,253,117,18,238,45,44,128,222,61,7,125
1762582765.36507,2.66944,0.07046,0.70614,-0.61472,0.64045,0.70813,272,47,20,117,55,270,103,34,233,44,36,132,220,49,12,137
1762582773.6472244,2.74945,0.06864,0.71789,-0.678,0.66055,0.693,287,47,20,121,50,267,103,21,240,30,44,122,233,57,11,142
1762582781.9259138,2.73288,0.06894,0.69388,-0.65727,0.67615,0.70558,293,59,16,122,65,259,123,14,246,40,34,137,208,40,18,128
1762582790.2165565,2.59115,0.07161,0.63596,-0.64035,0.65652,0.65831,256,54,29,117,62,264,110,20,233,45,34,148,240,65,10,124
1762582798.5605056,2.66187,0.06999,0.65073,-0.67382,0.66443,0.6729,264,63,21,133,55,292,98,21,230,39,36,142,212,51,19,146
1762582806.871099,2.73303,0.07006,0.66525,-0.6808,0.66744,0.71954,261,60,19,132,44,251,86,20,230,44,28,131,236,47,14,138
1762582815.1697826,2.76804,0.06738,0.70259,-0.61419,0.67544,0.77582,253,48,21,142,56,259,105,31,246,47,27,136,236,42,9,168
1762582823.4449944,2.76868,0.06803,0.71203,-0.66282,0.67421,0.71963,304,50,23,130,55,251,109,18,232,33,39,138,230,55,5,138
1762582831.7346666,2.68656,0.06957,0.72687,-0.64935,0.61419,0.69615,272,42,20,120,62,289,92,19,229,49,38,135,220,54,13,154
1762582840.0496204,2.73495,0.06871,0.69828,-0.68815,0.64732,0.7012,252,54,16,142,58,302,104,17,244,47,32,125,220,49,13,133
1762582848.3696854,2.65816,0.07061,0.68399,-0.65967,0.64396,0.67053,262,56,20,143,51,257,99,22,230,46,35,144,213,61,10,147
1762582856.6628647,2.69768,0.07006,0.70492,-0.57965,0.68352,0.7296,252,50,13,112,71,249,108,24,226,36,36,157,227,50,8,144
1762582864.9309611,2.77,0.06985,0.72314,-0.63457,0.65376,0.75853,298,53,14,119,60,242,89,14,227,45,31,136,200,36,10,135
1762582873.2876022,2.57791,0.07261,0.636,-0.5991,0.66302,0.67979,287,79,12,122,62,268,87,27,237,41,36,143,188,53,8,132
1762582881.5728846,2.6462,0.07058,0.69512,-0.64912,0.62998,0.67198,285,60,15,132,60,267,109,20,220,55,24,128,215,56,16,152
1762582889.8444486,2.65186,0.07094,0.67473,-0.63883,0.63721,0.7011,264,57,17,117,56,252,111,24,247,47,31,105,249,55,13,138
1762582898.1431262,2.67964,0.06935,0.67951,-0.57143,0.6764,0.75229,263,55,24,151,73,258,94,23,233,45,27,140,227,41,13,155
1762582906.4292293,2.65903,0.07046,0.66803,-0.63755,0.62077,0.73267,266,68,13,141,55,268,107,28,242,56,28,117,210,43,11,140
1762582914.7484305,2.72822,0.0685,0.71709,-0.61247,0.66372,0.73494,291,57,15,146,59,258,104,28,228,40,36,148,224,37,18,136
1762582923.032678,2.58012,0.07204,0.66599,-0.61574,0.65702,0.64138,293,63,19,116,60,233,116,23,233,51,26,139,219,66,12,138
1762582931.324758,2.81865,0.06698,0.69869,-0.71047,0.65652,0.75297,257,56,13,132,40,284,100,25,250,48,31,131,235,44,8,134
1762582939.635063,2.65213,0.07216,0.71064,-0.60265,0.63636,0.70248,296,50,18,106,62,260,103,28,231,44,36,129,187,48,6,122
1762582947.9468021,2.66723,0.07104,0.65057,-0.64523,0.63355,0.73786,242,52,24,117,54,281,90,26,229,52,31,141,211,42,12,147
1762582956.2486765,2.67877,0.07072,0.6674,-0.60889,0.6659,0.73659,261,62,14,120,62,264,98,26,247,49,24,117,218,42,12,138
1762582964.557499,2.71207,0.07178,0.71242,-0.67347,0.65261,0.67358,264,51,15,129,47,267,102,25,214,35,35,119,193,54,9,130
1762582972.8618705,2.57636,0.07245,0.6837,-0.63057,0.58209,0.68,239,50,15,107,61,278,106,26,229,55,43,142,231,52,16,126
1762582981.1560206,2.64505,0.07062,0.7271,-0.60364,0.63877,0.67554,290,52,18,153,60,247,105,27,247,53,29,125,215,53,14,131
1762582989.439967,2.74835,0.06872,0.73246,-0.65796,0.66457,0.69336,286,43,18,109,46,238,111,26,249,51,29,148,230,53,14,140
1762582997.7222407,2.67533,0.07109,0.71429,-0.61905,0.63519,0.70681,240,48,14,132,64,275,99,24,245,55,30,136,194,46,10,132
1762583006.0136662,2.76482,0.07055,0.67619,-0.61429,0.73113,0.74321,237,51,17,115,56,251,88,25,230,34,23,137,213,45,7,140
1762583014.317155,2.6963,0.0692,0.63022,-0.69333,0.65237,0.72038,274,71,22,136,48,285,96,21,237,37,40,129,202,50,9,161
1762583022.6175876,2.71095,0.06953,0.7013,-0.63964,0.66292,0.70709,262,54,15,131,49,261,103,31,245,42,33,125,244,55,9,129
1762583030.8892488,2.61186,0.07079,0.69778,-0.63248,0.54701,0.7346,273,50,18,109,61,267,115,25,239,62,44,123,236,48,8,130
1762583039.1745727,2.66211,0.07103,0.67421,-0.64927,0.63981,0.69882,243,58,14,127,55,293,102,29,233,49,27,113,227,49,15,134
1762583047.4497077,2.66771,0.07163,0.70536,-0.62617,0.59361,0.74257,264,47,19,118,54,262,86,26,229,55,34,120,220,45,7,132
1762583055.7316198,2.71112,0.06953,0.71175,-0.64912,0.69336,0.65688,267,53,12,119,54,277,99,26,239,42,25,131,232,67,9,135
1762583064.0395305,2.65952,0.07165,0.73134,-0.64629,0.56381,0.71809,279,46,17,127,65,275,102,16,212,56,38,125,205,44,9,118
1762583072.3363383,2.69733,0.06828,0.68921,-0.625,0.67089,0.71223,321,65,20,141,61,265,99,23,271,45,33,125,225,51,9,132
1762583080.639189,2.69716,0.07017,0.76242,-0.61758,0.62201,0.69515,264,40,15,144,61,259,109,26,213,39,40,126,233,55,11,134
1762583088.9227529,2.62867,0.07259,0.64569,-0.63239,0.65035,0.70025,234,55,21,119,58,270,103,26,218,42,33,136,208,48,13,138
1762583097.217611,2.74267,0.07081,0.62077,-0.70522,0.7046,0.71208,250,68,16,109,40,279,97,25,228,27,34,124,207,46,10,126
1762583105.507755,2.82243,0.06764,0.74082,-0.73128,0.621,0.72932,273,40,20,130,49,287,106,12,213,43,40,142,211,47,7,134
1762583113.8102465,2.61956,0.07129,0.65895,-0.629,0.63063,0.70098,254,57,24,140,66,262,120,21,227,47,35,135,200,48,13,147
1762583122.0981874,2.78538,0.06786,0.72358,-0.70149,0.69196,0.66834,287,50,18,137,45,280,119,25,249,37,32,130,203,62,4,129
1762583130.3791163,2.51891,0.07323,0.64035,-0.62698,0.57658,0.675,257,61,21,117,60,293,117,34,237,52,42,113,204,49,16,131
1762583138.6843832,2.69186,0.07189,0.70667,-0.64783,0.64467,0.6927,248,52,14,136,60,288,91,21,206,39,31,118,175,52,9,161
1762583146.965935,2.71093,0.07037,0.71028,-0.63941,0.64486,0.71638,247,47,15,119,58,281,110,28,217,49,27,135,214,52,6,137
1762583155.2400496,2.69988,0.07037,0.70168,-0.6019,0.66204,0.73427,282,55,16,123,58,253,85,26,210,43,30,149,227,45,12,145
1762583163.5329654,2.65736,0.06968,0.66454,-0.61656,0.64206,0.7342,253,60,19,139,60,267,104,28,235,45,35,132,242,45,16,156
1762583171.8247,2.67528,0.07041,0.70614,-0.61863,0.64238,0.70813,271,52,15,118,63,258,107,23,247,47,34,125,212,49,12,145
1762583180.1065733,2.7674,0.06903,0.708,-0.69406,0.66341,0.70192,290,54,19,137,50,263,108,17,225,42,27,116,222,53,9,132
1762583188.39129,2.76539,0.06876,0.74194,-0.69507,0.60987,0.71852,276,38,22,129,41,270,108,27,221,57,30,138,220,50,7,128
1762583196.6832597,2.63594,0.07257,0.68928,-0.56064,0.66102,0.725,263,60,11,123,63,238,103,33,219,39,31,124,204,47,8,141
1762583204.96574,2.65407,0.07021,0.65234,-0.62273,0.63134,0.74766,277,64,25,146,59,254,103,24,236,42,38,118,234,48,6,140
1762583213.256441,2.56868,0.07078,0.6494,-0.6,0.63291,0.68636,268,67,21,146,69,263,105,23,257,53,34,130,219,53,16,152
1762583221.5511367,2.68967,0.0706,0.69828,-0.68794,0.60706,0.69639,265,48,22,129,48,246,111,18,233,54,35,131,218,52,11,134
1762583229.831302,2.60937,0.07085,0.61885,-0.66595,0.60091,0.72365,268,69,24,127,56,280,109,22,231,50,38,122,236,45,14,132
1762583238.1186676,2.65099,0.07092,0.72199,-0.61789,0.64009,0.67102,278,54,13,137,64,281,117,30,210,46,33,150,197,49,14,123
1762583246.4140275,2.70905,0.06811,0.68421,-0.60909,0.68071,0.73504,302,63,18,130,58,258,96,28,244,41,31,135,263,52,10,143
1762583254.7062552,2.71916,0.06868,0.69803,-0.59918,0.68618,0.73576,249,53,16,139,70,294,97,28,231,33,34,129,239,46,12,142
1762583263.006367,2.76025,0.07041,0.74487,-0.62877,0.65196,0.73464,273,36,20,110,58,252,99,22,193,39,32,144,212,45,9,141
1762583271.2955441,2.78912,0.06809,0.72903,-0.62363,0.70406,0.73239,284,53,10,118,60,271,100,26,213,33,29,144,228,48,9,141
1762583279.5766485,2.67497,0.07047,0.67347,-0.64882,0.64172,0.71096,254,51,21,115,58,275,110,24,238,38,41,124,233,45,17,134
1762583287.8747551,2.73487,0.06928,0.70459,-0.69231,0.61187,0.7261,311,62,12,116,46,286,99,24,226,52,33,127,206,43,10,128
1762583296.180635,2.69264,0.06991,0.69099,-0.68707,0.61966,0.69492,271,59,13,123,50,273,99,19,256,48,41,123,204,52,11,146
1762583304.4884772,2.74361,0.06771,0.70539,-0.65665,0.62138,0.76018,283,55,16,128,55,276,110,25,240,48,37,124,222,43,10,167
1762583312.7791488,2.50334,0.07278,0.69892,-0.56394,0.52889,0.71158,270,58,12,125,66,268,105,38,213,64,42,131,228,49,12,134
1762583321.0828867,2.72859,0.06946,0.67742,-0.68224,0.63758,0.73134,297,59,21,119,43,256,104,25,234,47,34,132,213,41,13,135
1762583329.3660986,2.7785,0.06937,0.68958,-0.70766,0.68519,0.69608,257,59,11,124,49,265,103,14,231,38,30,133,216,52,10,130
1762583337.6972318,2.77915,0.06831,0.74304,-0.63017,0.6518,0.75414,281,45,15,126,56,240,95,20,235,45,37,154,235,40,12,136
1762583346.0435672,2.60534,0.071,0.60752,-0.66667,0.63519,0.69596,265,72,22,120,57,264,116,19,244,51,34,137,214,55,9,143
1762583354.3432262,2.68572,0.07055,0.72197,-0.56388,0.67329,0.72658,267,50,12,117,67,258,97,32,217,45,29,162,221,49,5,120
1762583362.6338997,2.64892,0.07073,0.64017,-0.59488,0.65517,0.7587,270,62,24,122,69,276,98,26,235,42,28,101,216,46,6,163
1762583370.9306698,2.69352,0.07032,0.67816,-0.65617,0.64352,0.71566,290,64,20,148,54,250,92,17,229,44,33,126,215,48,11,141
1762583379.2149758,2.77376,0.07006,0.69856,-0.64269,0.65111,0.7814,244,46,17,111,59,252,102,18,196,40,31,140,240,40,7,143
1762583387.5094843,2.75518,0.06912,0.71053,-0.68421,0.64905,0.71139,265,54,12,125,46,265,103,23,244,48,35,146,198,46,11,140
1762583395.7996457,2.61268,0.07093,0.67059,-0.66063,0.5817,0.69976,293,67,17,133,55,249,118,20,249,57,39,114,220,53,9,131
1762583404.1062555,2.73349,0.06947,0.71367,-0.64792,0.65032,0.72158,264,48,18,131,47,244,93,25,240,53,29,147,227,49,11,144
1762583412.410771,2.72911,0.06869,0.70817,-0.66827,0.59737,0.75529,288,55,20,151,47,257,90,22,243,59,33,122,231,41,11,142
1762583420.7008262,2.63568,0.07107,0.69106,-0.64989,0.56793,0.7268,284,49,27,132,56,262,115,24,224,58,39,128,206,41,12,129
1762583428.994354,2.65828,0.0701,0.70815,-0.55165,0.67532,0.72315,261,55,13,137,75,257,96,27,237,45,30,150,218,45,13,143
1762583437.2910888,2.83011,0.06987,0.71158,-0.70781,0.66253,0.74818,243,43,18,119,46,252,87,12,206,41,27,129,208,41,11,153
1762583445.5711493,2.71485,0.07125,0.71064,-0.57513,0.68636,0.74272,271,48,20,131,55,222,82,27,247,44,25,124,215,40,13,144
1762583453.8622723,2.678,0.06944,0.66529,-0.66814,0.62208,0.72249,279,59,22,124,53,280,97,22,239,48,41,143,215,48,10,145
1762583462.165729,2.69902,0.07151,0.72146,-0.61161,0.70264,0.66332,245,41,20,132,69,257,104,18,240,32,30,115,204,54,13,127
1762583470.4672003,2.64969,0.07134,0.68288,-0.64551,0.65548,0.66582,270,53,22,128,55,282,94,26,223,39,38,147,192,55,11,137
1762583478.7611227,2.58489,0.07271,0.73602,-0.53747,0.64045,0.67095,256,47,12,132,78,265,94,30,244,39,41,121,207,56,8,118
1762583487.0585709,2.68694,0.06924,0.66324,-0.66094,0.64444,0.71831,276,61,21,129,42,272,115,37,247,46,34,123,235,50,10,131
1762583495.3612883,2.70145,0.06898,0.70722,-0.62313,0.67699,0.69412,281,50,21,133,62,262,117,26,250,40,33,129,209,52,13,151
1762583503.6440067,2.64902,0.06991,0.65864,-0.60759,0.59823,0.78454,282,58,20,97,67,285,96,26,251,47,44,111,222,38,8,159
1762583511.9503589,2.72258,0.06882,0.7155,-0.65957,0.66885,0.67866,279,53,14,125,65,276,114,15,251,43,33,132,225,55,12,125
1762583520.2549722,2.65617,0.07086,0.70722,-0.64091,0.61574,0.69231,278,56,15,136,58,274,87,21,220,47,36,129,216,53,13,147
1762583528.5771017,2.65445,0.07223,0.64626,-0.68372,0.59447,0.73,240,60,18,123,51,260,102,17,218,50,38,128,200,41,13,146
1762583536.8741462,2.74474,0.07009,0.6758,-0.66383,0.657,0.74811,264,50,21,103,58,285,106,21,218,49,22,125,219,37,13,128
1762583545.1840215,2.7349,0.06986,0.69762,-0.61772,0.68889,0.73067,244,58,12,149,64,248,99,18,245,34,36,135,193,36,18,154
1762583553.4880052,2.77464,0.06729,0.69133,-0.69296,0.64454,0.7458,297,59,14,103,54,280,117,18,235,43,40,149,212,47,6,152
1762583561.7792356,2.85,0.06541,0.73951,-0.68936,0.70283,0.76092,266,44,15,128,50,272,125,23,235,38,25,126,227,47,5,156
1762583570.064812,2.64471,0.07159,0.63283,-0.62667,0.68618,0.69903,254,66,19,124,62,262,104,22,217,36,31,143,202,50,12,148
1762583578.387057,2.74707,0.06784,0.67591,-0.67213,0.66071,0.73832,266,53,23,127,59,295,113,21,249,44,32,123,232,44,12,140
1762583586.680605,2.71609,0.06821,0.7437,-0.64807,0.61411,0.71021,284,45,16,131,60,272,112,22,262,64,29,127,206,54,7,154
1762583595.0066714,2.61095,0.07065,0.72746,-0.59471,0.6674,0.62138,287,50,15,125,66,259,103,26,234,46,30,147,232,67,18,132
1762583603.301367,2.58589,0.07268,0.63557,-0.63636,0.61671,0.69725,250,60,24,127,56,275,103,28,223,49,29,106,234,55,11,136
1762583611.5746496,2.8099,0.06847,0.72766,-0.59338,0.71625,0.77261,276,44,20,130,70,235,102,16,243,38,24,132,206,35,9,137
1762583619.8602414,2.66044,0.07123,0.71613,-0.65443,0.60271,0.68718,262,48,18,137,59,276,107,21,224,46,42,131,202,48,13,127
1762583628.1493454,2.69913,0.06947,0.69416,-0.62946,0.65986,0.71564,304,58,18,117,62,264,101,21,239,52,23,127,210,44,16,152
1762583636.4374135,2.61728,0.07314,0.67206,-0.64465,0.63478,0.6658,254,58,13,108,51,242,119,27,247,49,35,129,196,55,9,123
1762583644.729504,2.60794,0.07254,0.65563,-0.62125,0.61607,0.71499,269,59,19,106,52,249,102,30,229,52,34,133,203,51,7,146
1762583653.0228467,2.7368,0.0693,0.72867,-0.68664,0.60934,0.71216,269,48,14,126,51,263,103,17,235,48,44,144,210,47,11,135
1762583661.3346176,2.79811,0.06955,0.71298,-0.65403,0.6611,0.77,262,47,16,114,54,268,81,19,236,42,29,112,214,36,10,140
1762583669.6145906,2.58041,0.07173,0.7102,-0.6408,0.56659,0.66282,278,57,14,141,61,253,117,20,201,65,31,146,218,54,19,142
1762583677.8930871,2.60532,0.07221,0.66529,-0.63474,0.64269,0.66259,281,64,17,122,64,268,99,18,215,43,34,139,202,58,11,138
1762583686.192151,2.60458,0.07429,0.66977,-0.61596,0.62617,0.69268,244,51,20,115,61,245,79,16,229,48,32,119,213,54,9,134
1762583694.4871328,2.83613,0.06482,0.73717,-0.67288,0.66245,0.76364,287,52,12,136,48,275,129,31,254,49,31,140,224,45,7,164
1762583702.780539,2.61765,0.07037,0.68959,-0.62162,0.59006,0.71638,275,64,15,155,62,271,89,22,234,52,47,150,228,48,10,123
1762583711.0688064,2.74288,0.06815,0.64683,-0.66452,0.64789,0.78365,287,67,22,128,56,287,100,22,212,41,34,139,218,35,10,153
1762583719.3650296,2.74489,0.06828,0.73763,-0.64315,0.69507,0.66903,282,46,15,122,56,294,102,30,241,31,37,137,231,62,8,122
1762583727.6517262,2.71792,0.06993,0.7069,-0.65011,0.66013,0.70079,267,54,14,129,61,259,123,20,248,45,33,133,188,47,10,136
1762583735.9332252,2.82844,0.06714,0.74292,-0.65778,0.66359,0.76415,286,45,14,114,57,264,109,20,232,40,33,129,218,41,9,156
1762583744.2316163,2.65691,0.07127,0.68636,-0.69484,0.60421,0.6715,244,56,13,127,49,257,104,16,250,62,32,131,210,50,18,136
1762583752.5152504,2.80934,0.0671,0.71901,-0.66876,0.723,0.69856,288,54,14,128,48,283,115,31,236,35,24,131,225,50,13,130
1762583760.8039432,2.704,0.0695,0.70265,-0.62037,0.64831,0.73267,304,52,21,114,57,257,93,25,265,46,37,124,228,43,11,122
1762583769.1028657,2.77383,0.06818,0.7,-0.67152,0.68161,0.7207,258,49,20,133,55,284,118,24,240,37,34,135,217,51,5,128
1762583777.3908257,2.72317,0.06916,0.66173,-0.73984,0.64434,0.67726,269,62,18,124,47,311,117,17,228,50,27,128,215,53,13,128
1762583785.6735945,2.80073,0.06645,0.66667,-0.72428,0.71158,0.6982,286,63,20,129,52,290,129,15,218,39,22,144,232,52,15,145
1762583793.9701293,2.75875,0.06871,0.68145,-0.69545,0.69585,0.68599,283,60,19,134,55,259,114,12,240,35,31,128,216,52,13,133
1762583802.2735596,2.6915,0.06999,0.63441,-0.73134,0.62187,0.70388,247,65,20,133,44,291,115,19,224,43,40,132,204,47,14,147
1762583810.557784,2.65894,0.07149,0.65546,-0.65899,0.64172,0.70277,268,61,21,126,62,266,94,12,229,49,30,133,221,50,9,117
1762583818.8645892,2.59403,0.07231,0.73763,-0.61945,0.62529,0.61165,268,42,19,136,67,273,110,23,234,46,34,113,193,62,18,139
1762583827.17273,2.76508,0.06828,0.71654,-0.67946,0.6342,0.73488,305,54,18,131,58,283,89,13,219,43,34,125,236,48,9,137
1762583835.4631112,2.81742,0.06636,0.70563,-0.69772,0.63907,0.775,260,51,17,134,48,304,106,25,255,50,35,131,236,37,8,119
1762583843.7605565,2.61841,0.07289,0.67702,-0.60829,0.63235,0.70075,286,58,20,119,61,247,102,24,209,47,28,124,216,50,10,125
1762583852.0416386,2.79021,0.06826,0.72903,-0.68399,0.66437,0.71282,285,49,14,117,53,293,112,23,216,43,30,146,207,50,6,127
1762583860.3170037,2.85,0.06724,0.70082,-0.67757,0.72998,0.74359,289,60,13,126,46,274,85,23,241,36,23,137,213,43,7,127
1762583868.613481,2.78519,0.06727,0.75893,-0.65275,0.66197,0.71154,264,46,8,130,60,281,95,19,249,47,37,164,233,46,14,123
1762583876.9122167,2.51546,0.0743,0.68584,-0.66287,0.55909,0.60766,262,45,26,119,56,276,89,18,220,61,36,123,200,68,14,136
1762583885.2261248,2.7487,0.06933,0.69264,-0.64626,0.67713,0.73267,264,49,22,127,52,248,115,26,234,40,32,140,207,50,4,143
1762583893.5057228,2.84099,0.06627,0.72671,-0.71429,0.71429,0.68571,281,52,14,136,43,302,94,23,250,38,26,134,221,54,12,133
1762583901.7837942,2.70208,0.07019,0.66079,-0.71897,0.59259,0.72973,247,54,23,130,40,252,115,20,216,49,39,128,237,44,16,147
1762583910.0751042,2.66456,0.07092,0.73717,-0.57014,0.63805,0.71921,280,53,11,143,69,242,105,26,229,42,36,124,224,45,12,125
1762583918.3868682,2.84179,0.06749,0.69723,-0.6601,0.72464,0.75983,268,52,19,130,44,241,96,25,244,37,20,113,247,46,9,156
1762583926.676409,2.74413,0.06832,0.768,-0.64957,0.62882,0.69773,314,44,14,128,63,269,117,19,234,54,31,139,202,49,11,135
1762583934.9745874,2.78348,0.06689,0.7422,-0.6383,0.70655,0.69643,291,47,15,128,61,277,108,24,253,37,28,125,225,53,15,155
1762583943.2632902,2.70548,0.07055,0.66733,-0.66276,0.70792,0.66746,285,66,17,131,45,261,94,27,201,31,28,144,191,58,12,160
1762583951.559019,2.57625,0.07209,0.66222,-0.6473,0.5672,0.69953,248,64,12,126,54,280,117,31,233,59,36,111,239,53,11,123
1762583959.864096,2.73841,0.06943,0.69421,-0.65548,0.68559,0.70312,278,57,17,132,62,275,95,15,231,48,24,155,200,46,11,127
1762583968.1527767,2.76404,0.0679,0.66443,-0.70472,0.67123,0.72365,259,59,16,113,55,319,114,20,252,42,30,114,238,51,8,130
1762583976.434783,2.68862,0.07189,0.69874,-0.64216,0.68269,0.66502,269,53,19,137,57,238,97,16,226,39,27,124,199,51,17,139
1762583984.7375984,2.76358,0.06809,0.6933,-0.70194,0.68142,0.68692,288,53,18,104,57,275,119,12,240,40,32,140,218,54,13,143
1762583993.0345294,2.72333,0.07007,0.68807,-0.64317,0.67506,0.71703,252,52,16,116,52,272,101,29,222,34,37,144,214,50,9,144
1762584001.32731,2.65946,0.07276,0.6875,-0.61179,0.6338,0.72637,264,54,16,114,60,229,99,19,226,43,35,122,205,48,7,142
1762584009.626173,2.70554,0.07024,0.70288,-0.63519,0.61124,0.75622,264,48,19,120,68,271,110,17,215,45,38,129,201,40,9,152
1762584017.9173565,2.73162,0.06898,0.72222,-0.6278,0.63948,0.74211,291,52,18,143,60,251,112,23,242,50,34,140,192,36,13,139
1762584026.199757,2.68269,0.07072,0.72912,-0.64211,0.64319,0.66827,256,46,14,127,58,275,115,27,219,44,32,131,217,53,16,130
1762584034.4720411,2.70244,0.06953,0.64463,-0.68129,0.65517,0.72135,283,68,18,115,54,248,116,15,243,45,30,117,235,45,17,148
1762584042.7616434,2.67911,0.07194,0.67296,-0.64679,0.61194,0.74742,269,60,18,130,59,264,95,18,199,50,28,125,218,35,14,121
1762584051.0647817,2.72908,0.0688,0.69397,-0.7037,0.61987,0.71154,266,61,10,127,48,279,112,20,236,52,36,139,196,54,6,160
1762584059.342697,2.80131,0.06748,0.71369,-0.68182,0.69565,0.71014,277,46,23,136,50,275,95,20,254,40,30,136,212,52,8,142
1762584067.6363509,2.65947,0.06973,0.68016,-0.67556,0.60092,0.70283,280,54,25,135,56,281,127,23,216,54,33,133,215,58,5,146
1762584075.9495804,2.75812,0.06749,0.66736,-0.62325,0.69752,0.77,267,60,20,134,66,298,107,28,252,34,33,124,209,38,8,145
1762584084.2286623,2.6509,0.07087,0.73191,-0.61798,0.6036,0.6974,297,50,13,110,63,258,102,22,222,49,39,134,231,51,13,128
1762584092.5401282,2.78193,0.06781,0.7161,-0.6681,0.64835,0.74937,274,44,23,131,62,274,113,15,243,48,32,132,211,40,10,138
1762584100.843089,2.72268,0.06933,0.69485,-0.65812,0.64878,0.72093,290,54,20,121,47,279,109,33,210,50,22,128,210,44,16,160
1762584109.1707764,2.70845,0.06987,0.73778,-0.67832,0.60515,0.6872,273,49,10,118,50,268,92,19,249,47,45,125,231,52,14,125
1762584117.472433,2.6836,0.07061,0.73246,-0.60706,0.61009,0.73399,270,43,18,125,67,268,96,22,227,52,33,124,210,49,5,142
1762584125.774239,2.61833,0.07265,0.69512,-0.65256,0.58537,0.68528,298,51,24,119,53,261,110,25,214,39,46,111,226,49,13,106
1762584134.0707314,2.85,0.06554,0.7581,-0.66667,0.69977,0.77619,279,43,13,128,48,275,95,26,222,25,40,146,243,36,11,130
1762584142.3871675,2.6971,0.06921,0.67568,-0.64211,0.65438,0.72494,272,62,16,131,57,285,105,28,231,49,26,128,223,47,12,147
1762584150.6586475,2.71647,0.06824,0.7,-0.66667,0.64758,0.70222,267,50,19,124,61,300,105,20,235,46,34,139,242,61,6,141
1762584158.9618444,2.77259,0.06761,0.71369,-0.68,0.66071,0.71818,278,52,17,135,54,264,114,18,236,45,31,136,239,54,8,139
1762584167.2661183,2.78658,0.06729,0.72398,-0.59149,0.69333,0.77778,259,53,8,122,73,260,114,23,234,38,31,147,224,39,9,160
1762584175.5665014,2.81695,0.06778,0.70806,-0.67234,0.67407,0.76247,276,47,20,116,52,276,117,25,225,31,35,114,228,45,5,143
1762584183.8394194,2.82806,0.06804,0.70323,-0.74293,0.61435,0.76755,268,52,17,128,33,242,97,17,236,44,42,124,215,42,6,150
1762584192.114483,2.64993,0.07055,0.68775,-0.62609,0.5867,0.7494,300,61,18,127,62,259,115,24,212,43,44,122,202,44,8,161
1762584200.412917,2.70209,0.06946,0.69819,-0.6815,0.60259,0.71981,278,58,17,144,47,251,108,21,240,55,37,131,224,47,11,132
1762584208.6839952,2.73695,0.06825,0.73362,-0.62092,0.62527,0.75714,266,48,15,144,64,264,108,23,244,51,35,129,232,46,5,137
1762584216.9755416,2.7157,0.06945,0.69165,-0.67355,0.64733,0.70316,288,56,16,107,58,278,127,21,223,44,32,132,225,48,13,125
1762584225.2888045,2.74435,0.06889,0.6722,-0.65041,0.66972,0.75202,282,64,15,121,63,294,112,23,230,46,26,134,200,37,9,125
1762584233.560679,2.76125,0.06797,0.73228,-0.65455,0.68553,0.68889,305,56,12,135,58,269,95,18,259,46,29,143,217,49,14,125
1762584241.8431628,2.69446,0.06923,0.72034,-0.65011,0.55902,0.76499,268,42,24,138,54,287,95,27,230,55,44,120,235,38,11,133
1762584250.154585,2.68486,0.0711,0.70485,-0.67249,0.58637,0.72115,262,56,11,125,50,278,105,25,202,49,36,124,213,42,16,145
1762584258.447648,2.72239,0.06957,0.68212,-0.6867,0.62996,0.72362,248,58,14,133,52,286,107,21,230,45,39,140,208,48,7,135
1762584266.7430527,2.74802,0.06888,0.73043,-0.62914,0.66509,0.72336,271,48,14,127,53,254,115,31,223,37,34,130,245,50,11,135
1762584275.0340433,2.74371,0.06965,0.68261,-0.69406,0.63768,0.72936,255,56,17,132,45,269,102,22,211,48,27,128,238,50,9,139
1762584283.3282068,2.7174,0.07047,0.67544,-0.69811,0.63319,0.71066,266,55,19,116,38,259,101,26,246,45,39,128,209,45,12,128
1762584291.6475563,2.72183,0.0709,0.67506,-0.65652,0.62587,0.76438,248,54,17,118,54,258,123,25,227,53,28,125,191,35,8,131
1762584299.9449372,2.67258,0.06891,0.69133,-0.6639,0.61348,0.70386,278,60,13,122,59,277,124,22,222,38,48,137,244,60,9,153
1762584308.210421,2.80971,0.06666,0.77119,-0.64255,0.64126,0.75472,283,39,15,135,64,285,101,20,233,49,31,133,231,42,10,141
1762584316.4870176,2.70694,0.0698,0.74661,-0.64634,0.68203,0.63196,262,42,14,124,66,299,106,21,242,37,32,123,196,63,13,141
1762584324.7821882,2.61781,0.07097,0.66161,-0.62882,0.63326,0.69412,271,65,13,112,65,272,101,20,252,46,40,131,214,57,8,146
1762584333.0860646,2.64792,0.07109,0.66939,-0.63636,0.65639,0.68579,265,61,20,144,54,254,106,26,233,42,36,143,210,48,15,128
1762584341.3603256,2.83312,0.06757,0.69472,-0.69378,0.71963,0.725,303,58,20,130,48,252,102,16,246,33,27,122,210,44,11,135
1762584349.6340969,2.73185,0.07135,0.71875,-0.62532,0.64678,0.74101,265,41,22,120,50,229,92,24,214,46,28,131,223,45,9,140
1762584357.9443843,2.64332,0.07084,0.67241,-0.62445,0.66376,0.68269,251,54,22,137,59,255,117,27,250,45,32,131,217,49,17,133
1762584366.2247388,2.61846,0.0717,0.67591,-0.67312,0.59338,0.67606,246,57,19,147,53,267,122,23,202,47,39,135,207,58,11,150
1762584374.5324936,2.74916,0.06964,0.69038,-0.68254,0.68514,0.6911,278,58,16,126,47,267,104,23,225,42,29,155,204,43,16,119
1762584382.8323748,2.85,0.06599,0.7379,-0.66818,0.69231,0.76389,292,50,15,139,58,258,109,15,237,40,26,126,221,45,6,160
1762584391.1251113,2.63487,0.07122,0.73636,-0.5914,0.57377,0.73333,247,40,18,135,66,267,103,29,216,48,43,120,227,50,8,150
1762584399.4010983,2.78865,0.06847,0.76017,-0.65485,0.66071,0.71292,268,40,16,143,47,244,106,26,229,42,34,143,221,48,12,137
1762584407.7119138,2.64226,0.07117,0.66871,-0.68276,0.62332,0.66747,262,67,14,146,43,260,106,26,223,46,38,139,225,55,14,121
1762584416.003031,2.75441,0.06934,0.74831,-0.67841,0.65714,0.67053,264,47,9,125,47,270,111,26,218,44,28,130,210,61,10,150
1762584424.2939107,2.65237,0.07046,0.74153,-0.55402,0.62472,0.7321,276,46,15,135,72,241,97,25,223,50,35,145,225,48,10,150
1762584432.5626864,2.63943,0.07145,0.73102,-0.65975,0.60277,0.64589,256,54,8,143,61,309,91,21,220,43,43,127,206,56,15,124
1762584440.84827,2.72687,0.06848,0.67647,-0.66946,0.61927,0.76168,271,56,21,128,65,283,116,14,216,50,33,137,241,40,11,136
1762584449.1561167,2.61895,0.0715,0.62555,-0.60526,0.65256,0.73558,259,67,18,110,65,253,113,25,234,40,38,137,214,43,12,147
1762584457.4512885,2.64162,0.07216,0.66893,-0.63934,0.64736,0.68599,255,53,20,113,65,287,113,23,204,45,25,123,214,56,9,135
1762584465.7329526,2.77436,0.07026,0.6632,-0.67,0.75887,0.68229,279,61,20,121,47,241,93,19,251,31,20,121,200,52,9,123
1762584474.0240974,2.67353,0.07036,0.64348,-0.67494,0.6351,0.72,264,61,21,114,51,255,116,21,219,46,33,135,236,50,13,151
1762584482.341611,2.6976,0.07027,0.69196,-0.65344,0.63723,0.71496,241,54,15,138,59,281,115,24,223,40,36,120,230,51,9,131
1762584490.6778715,2.8498,0.06628,0.77253,-0.6758,0.64301,0.75845,293,39,14,120,51,258,109,20,231,50,33,151,231,40,10,133
1762584498.9745483,2.61081,0.07188,0.69316,-0.58373,0.64045,0.69347,318,67,16,140,57,254,77,30,218,41,39,147,196,47,14,141
1762584507.258597,2.65389,0.07169,0.72399,-0.65053,0.65937,0.62,284,50,15,122,61,276,116,22,214,46,24,127,213,63,13,111
1762584515.582063,2.67132,0.07137,0.63895,-0.68889,0.67273,0.67076,278,67,22,126,50,243,99,13,230,39,33,138,225,55,12,115
1762584523.8676105,2.81811,0.06685,0.70021,-0.71818,0.68142,0.71831,269,54,19,145,47,273,105,15,242,46,26,138,214,48,12,152
1762584532.1482677,2.75927,0.06882,0.68553,-0.64626,0.69932,0.72816,253,57,18,149,49,259,104,29,225,41,25,148,214,42,14,142
1762584540.425407,2.7075,0.07034,0.67338,-0.73672,0.6,0.6974,249,65,8,125,43,292,84,14,220,47,41,132,238,51,13,121
1762584548.7247114,2.80117,0.06778,0.71121,-0.70241,0.65899,0.72857,260,56,11,137,48,277,112,20,233,43,31,127,211,50,7,152
1762584557.0239663,2.75738,0.06877,0.67382,-0.69476,0.68182,0.70698,256,55,21,134,49,272,100,18,243,37,33,127,225,53,10,142
1762584565.328582,2.77993,0.06669,0.6908,-0.65625,0.68791,0.74497,303,62,17,129,50,270,101,27,233,44,27,151,239,47,10,151
1762584573.6219122,2.78246,0.06582,0.67829,-0.71429,0.64629,0.74359,288,59,24,145,50,308,124,22,226,49,32,151,224,48,7,150
1762584581.9196937,2.71482,0.06918,0.64876,-0.67257,0.64653,0.74696,253,70,15,146,56,282,96,18,233,42,37,135,226,46,6,133
1762584590.2209833,2.74093,0.07056,0.74004,-0.67873,0.57468,0.74747,271,47,15,144,45,281,90,26,206,43,41,105,213,40,10,133
1762584598.5591006,2.75607,0.06821,0.74728,-0.63834,0.66457,0.70588,287,46,12,114,67,256,120,16,236,46,34,161,206,48,12,142
1762584606.86244,2.72695,0.06956,0.67411,-0.68919,0.67391,0.68974,260,57,16,115,46,271,104,23,249,44,31,136,221,53,12,133
1762584615.1682734,2.75377,0.0701,0.70175,-0.68837,0.65632,0.70732,271,56,12,117,46,250,113,21,230,43,29,117,209,44,16,141
1762584623.4968834,2.72117,0.07047,0.70062,-0.64819,0.64486,0.72749,274,56,16,135,49,237,105,24,230,43,33,122,223,46,10,132
1762584631.811232,2.73725,0.06795,0.69263,-0.6982,0.65823,0.6882,288,55,18,114,52,274,103,15,256,55,26,137,224,61,9,155
1762584640.1119184,2.6597,0.06901,0.75169,-0.58871,0.58436,0.73494,275,42,13,113,71,273,121,31,250,48,53,135,221,43,12,139
1762584648.4178197,2.72962,0.07025,0.73784,-0.64235,0.65977,0.68966,274,48,14,137,60,244,105,16,242,43,31,119,209,50,13,134
1762584656.698766,2.70837,0.06971,0.69266,-0.61485,0.65923,0.74163,251,50,17,118,58,254,94,25,245,42,42,164,210,49,5,154
1762584664.9991152,2.71062,0.06853,0.72845,-0.7149,0.62473,0.64253,293,45,18,108,52,278,119,14,251,51,37,130,211,64,15,152
1762584673.2865431,2.7093,0.06997,0.68122,-0.63839,0.64334,0.74634,260,49,24,125,57,267,100,24,235,54,25,129,224,43,9,134
1762584681.574007,2.64959,0.07194,0.66667,-0.64302,0.63474,0.70516,262,53,20,103,63,255,104,15,236,42,40,131,218,49,11,129
1762584689.8786573,2.80341,0.06749,0.71726,-0.67857,0.69469,0.7129,310,55,13,103,57,275,101,15,257,36,33,126,226,47,12,126
1762584698.1622877,2.69725,0.07095,0.67206,-0.64651,0.6644,0.71429,247,56,15,115,52,260,94,24,236,39,35,131,222,52,9,144
1762584706.4912543,2.81559,0.06707,0.70742,-0.72211,0.61435,0.77171,254,57,10,137,47,303,106,19,235,45,41,125,229,39,7,128
1762584714.789386,2.79134,0.06647,0.74449,-0.68035,0.60552,0.76098,275,45,13,121,56,282,107,18,280,58,42,127,230,43,6,131
1762584723.0927477,2.69158,0.06898,0.64241,-0.64372,0.64019,0.76526,268,59,27,127,57,296,110,31,226,44,33,125,226,42,8,150
1762584731.3876102,2.6843,0.06942,0.71881,-0.64706,0.62613,0.69231,291,54,17,143,61,258,106,17,233,48,35,128,241,58,10,133
1762584739.6962452,2.57556,0.07362,0.71373,-0.57407,0.65468,0.63307,289,55,19,154,63,248,92,29,224,34,38,121,200,58,13,116
1762584747.9839334,2.69207,0.07006,0.6541,-0.67483,0.62667,0.73647,267,66,12,106,47,276,100,26,225,49,35,141,223,46,10,146
1762584756.2886457,2.71682,0.06959,0.72671,-0.61947,0.61045,0.76019,288,47,19,129,58,270,96,28,234,45,37,105,214,47,3,153
1762584764.5887337,2.7123,0.06929,0.75,-0.64889,0.57447,0.73894,290,42,17,123,59,270,101,20,205,50,40,128,254,52,7,139
1762584772.8823526,2.7733,0.06771,0.73362,-0.6639,0.65421,0.72158,273,49,14,137,60,285,116,21,220,47,27,134,223,45,15,148
1762584781.1652508,2.79567,0.06743,0.68098,-0.61991,0.70824,0.78654,282,55,23,129,58,271,87,26,238,28,34,125,254,40,6,131
1762584789.4367158,2.65068,0.0713,0.66161,-0.68019,0.6122,0.69668,266,63,15,117,49,260,92,18,232,61,28,138,223,51,13,135
1762584797.7227473,2.66157,0.06973,0.67515,-0.66667,0.64523,0.67453,285,53,30,143,53,273,107,23,226,54,26,145,212,54,15,143
1762584806.0363343,2.59232,0.07337,0.70105,-0.59556,0.56627,0.72944,278,56,15,126,64,264,95,27,209,52,38,116,192,40,11,134
1762584814.3260849,2.57754,0.0726,0.72385,-0.65022,0.55046,0.65301,292,49,17,120,56,243,125,22,216,52,46,122,217,59,13,126
1762584822.6201377,2.67172,0.07151,0.71548,-0.64876,0.60096,0.70652,274,52,16,136,63,287,112,22,214,42,41,119,211,46,8,103
1762584830.922877,2.75855,0.06876,0.67686,-0.68559,0.64975,0.74636,275,55,19,109,48,263,123,24,194,35,34,131,251,53,8,169
1762584839.22001,2.85,0.06629,0.71681,-0.68261,0.69102,0.76142,277,51,13,111,50,278,109,23,264,46,28,141,217,34,13,130
1762584847.5025344,2.74379,0.06765,0.69325,-0.68376,0.64378,0.723,276,62,13,138,56,284,110,18,255,40,43,128,230,50,9,137
1762584855.79773,2.66869,0.06986,0.70741,-0.65801,0.5843,0.71897,287,53,20,139,50,263,120,29,209,55,35,134,225,52,8,142
1762584864.079653,2.73188,0.06846,0.74253,-0.59916,0.67329,0.71689,259,43,13,120,71,272,111,25,249,38,36,130,236,49,13,140
1762584872.3673093,2.61611,0.0728,0.69851,-0.56667,0.61481,0.73611,252,55,16,148,66,228,101,25,213,50,28,114,235,49,8,140
1762584880.6767867,2.69353,0.0696,0.66667,-0.67672,0.67033,0.67981,262,58,18,118,52,285,104,23,226,40,35,154,230,51,18,132
1762584888.9747598,2.72833,0.0687,0.75468,-0.61521,0.64348,0.71496,310,42,17,112,59,269,92,27,246,49,33,132,237,50,10,124
1762584897.2518272,2.85,0.06589,0.71488,-0.70753,0.66364,0.77833,284,52,16,125,48,295,102,20,229,43,31,137,201,39,6,160
1762584905.5414338,2.71042,0.06907,0.69014,-0.65986,0.65996,0.70046,297,63,14,123,52,255,111,23,246,49,27,125,235,54,11,134
1762584913.8432686,2.68856,0.06959,0.6933,-0.60274,0.61086,0.78166,257,50,21,135,64,258,93,23,240,45,41,116,234,36,14,174
1762584922.135169,2.81787,0.06768,0.68421,-0.6729,0.72038,0.74038,270,53,25,146,51,251,107,19,248,36,23,115,226,45,9,136
1762584930.4246907,2.6763,0.07318,0.69955,-0.62469,0.69773,0.65432,267,50,17,112,56,227,102,20,220,34,26,117,221,56,14,114
1762584938.7042985,2.73753,0.06943,0.76522,-0.60889,0.657,0.70642,264,42,12,142,59,270,92,29,233,47,24,110,233,49,15,139
1762584946.9929123,2.58632,0.07045,0.66667,-0.6531,0.54701,0.71954,277,59,23,133,63,264,122,18,236,65,41,126,241,46,15,133
1762584955.2949286,2.73343,0.06947,0.76938,-0.64789,0.62385,0.69231,300,39,19,145,52,244,107,23,241,60,22,113,215,49,15,137
1762584963.594304,2.81076,0.06774,0.76101,-0.69626,0.61395,0.73953,270,42,15,150,49,253,110,16,220,50,33,127,233,45,11,141
1762584971.8836887,2.66868,0.07142,0.74678,-0.62238,0.65101,0.64851,276,42,17,131,53,244,104,28,226,48,30,143,193,57,14,140
1762584980.1846082,2.59698,0.07263,0.67532,-0.5787,0.71795,0.625,274,52,23,113,73,244,97,18,254,40,26,148,192,59,16,133
1762584988.4765747,2.79515,0.06931,0.72072,-0.68233,0.65877,0.73333,243,49,13,139,51,266,110,20,230,39,33,120,229,48,4,109
1762584996.771433,2.58024,0.07294,0.62963,-0.67265,0.59375,0.68421,252,60,25,122,51,269,104,22,239,59,32,118,194,47,16,142
1762585005.0634708,2.70931,0.07001,0.74514,-0.63014,0.66239,0.67164,277,38,21,127,57,258,99,24,256,43,36,133,196,53,13,140
1762585013.355963,2.6597,0.07156,0.67901,-0.62469,0.66443,0.69157,281,61,17,127,50,236,93,26,241,46,29,131,201,54,10,150
1762585021.6407158,2.85,0.06624,0.72294,-0.73793,0.67136,0.74429,257,51,13,141,40,266,112,17,228,44,26,128,230,49,7,152
1762585029.9227033,2.71801,0.07153,0.6555,-0.69856,0.66416,0.69978,238,55,17,108,43,265,90,20,205,36,31,127,227,57,11,158
1762585038.203389,2.74729,0.06887,0.71304,-0.65217,0.63208,0.75,260,48,18,134,49,250,111,27,210,40,38,136,249,44,14,157
1762585046.4938533,2.7007,0.07129,0.67347,-0.69163,0.63972,0.69588,263,55,17,106,44,284,100,26,223,50,28,132,210,49,10,119
1762585054.7749822,2.69806,0.06945,0.70085,-0.62474,0.67198,0.70048,255,58,12,143,62,261,133,29,238,37,35,129,223,53,9,129
1762585063.0664759,2.63352,0.07247,0.69536,-0.61722,0.63436,0.68657,264,52,17,120,59,226,112,21,248,45,38,123,213,57,6,126
1762585071.341035,2.76072,0.06903,0.65293,-0.73832,0.61446,0.75501,268,65,15,113,46,280,92,10,212,46,34,123,248,42,13,146
1762585079.6435106,2.61731,0.07055,0.72065,-0.65092,0.54425,0.70149,302,51,18,123,60,281,121,25,209,58,45,140,218,46,14,124
1762585087.9408712,2.79904,0.06825,0.71002,-0.68212,0.64764,0.75926,275,51,17,126,53,267,114,19,216,35,36,116,256,40,12,124
1762585096.2264876,2.70489,0.06947,0.67329,-0.67742,0.63283,0.72135,257,52,22,122,50,271,93,20,223,49,36,155,239,56,6,144
1762585104.5079913,2.52075,0.07315,0.60691,-0.61589,0.60677,0.69118,254,68,23,118,57,253,113,30,252,44,49,128,205,53,10,140
1762585112.7835333,2.64778,0.07103,0.69937,-0.65401,0.59184,0.70256,276,55,17,131,57,290,102,25,223,53,37,128,206,50,8,126
1762585121.0652313,2.74126,0.06728,0.71589,-0.67177,0.65854,0.69507,353,52,24,106,52,282,100,23,242,42,35,132,226,61,7,152
1762585129.3450465,2.79844,0.06783,0.75155,-0.64026,0.6875,0.71913,294,48,12,129,61,256,127,23,215,36,29,136,209,46,12,146
1762585137.6493714,2.62646,0.07071,0.65401,-0.64348,0.61538,0.71359,257,59,23,135,57,278,100,25,238,49,41,140,215,44,15,138
1762585145.9407914,2.6958,0.06992,0.72093,-0.64425,0.65142,0.6792,285,51,15,122,60,278,101,22,248,44,36,131,211,45,19,124
1762585154.2427752,2.61874,0.07197,0.70136,-0.61404,0.6,0.70335,268,45,21,108,70,260,108,18,243,52,36,109,212,46,16,144
1762585162.5158236,2.75895,0.0688,0.70772,-0.67281,0.65888,0.71954,293,61,9,116,40,262,101,31,238,46,27,117,217,49,12,157
1762585170.7990727,2.62044,0.07119,0.71991,-0.62422,0.59259,0.68372,261,45,19,132,66,270,119,24,222,52,36,122,215,57,11,147
1762585179.0856912,2.65438,0.07204,0.72646,-0.68372,0.58161,0.66259,246,50,11,139,48,279,83,20,238,49,42,106,193,58,11,147
1762585187.3732793,2.66393,0.0699,0.66529,-0.64579,0.62014,0.73272,293,65,16,110,55,267,114,27,237,47,36,117,218,46,12,158
1762585195.65936,2.68854,0.06895,0.72597,-0.56118,0.66742,0.73397,282,52,15,140,75,269,101,29,228,46,28,143,229,40,16,136
1762585203.949814,2.68435,0.06994,0.72354,-0.66437,0.61319,0.68326,270,47,17,129,51,250,112,22,235,51,37,132,217,56,14,155
1762585212.2375152,2.74998,0.06868,0.71674,-0.64434,0.66368,0.72523,263,46,20,137,59,258,98,18,238,42,33,133,226,56,5,157
1762585220.5374284,2.78961,0.06804,0.75276,-0.60455,0.71096,0.72135,266,47,9,131,62,255,98,25,231,38,24,136,236,53,9,147
1762585228.8424704,2.70186,0.06984,0.64235,-0.65801,0.66667,0.73483,214,59,17,135,59,280,103,20,234,46,29,141,235,49,10,151
1762585237.1409845,2.64542,0.07059,0.70082,-0.65,0.60268,0.69192,279,55,18,136,56,285,111,28,217,43,46,142,199,51,10,136
1762585245.4495163,2.63914,0.07256,0.66512,-0.62857,0.61276,0.7327,268,54,18,90,56,259,83,22,226,51,34,128,231,44,12,132
1762585253.7291892,2.67095,0.07055,0.67983,-0.62613,0.64384,0.72115,277,58,19,127,59,264,97,24,219,46,32,141,213,50,8,145
1762585262.0050356,2.68756,0.07025,0.68722,-0.60641,0.64935,0.74458,272,47,24,111,59,248,103,27,251,43,38,130,208,44,9,154
1762585270.292661,2.75206,0.0693,0.69469,-0.70093,0.67473,0.68171,257,54,15,126,46,269,95,18,250,41,33,131,225,57,10,129
1762585278.5765007,2.79115,0.06896,0.718,-0.71824,0.61743,0.73747,268,51,14,128,41,269,103,20,202,52,27,132,242,43,12,122
1762585286.8631392,2.72483,0.07072,0.68736,-0.63551,0.6758,0.72616,241,44,24,126,43,252,98,35,236,46,25,131,224,45,11,129
1762585295.1737163,2.68663,0.07081,0.65741,-0.61995,0.69932,0.70996,239,59,15,119,47,241,100,33,225,31,35,148,238,55,12,157
1762585303.461126,2.60843,0.07144,0.7126,-0.56652,0.60382,0.72549,300,57,16,135,68,266,99,33,202,45,38,134,202,41,15,150
1762585311.744415,2.64239,0.07095,0.65727,-0.67038,0.63029,0.68445,260,61,18,122,55,261,114,19,243,41,42,123,229,52,16,134
1762585320.0425134,2.67234,0.07076,0.72247,-0.63927,0.56582,0.74478,254,50,13,137,53,252,107,26,222,52,42,117,224,48,7,152
1762585328.3231575,2.73601,0.06812,0.65462,-0.63158,0.68282,0.76699,281,64,22,131,55,262,110,29,248,45,27,134,215,42,6,149
1762585336.6127808,2.66015,0.06946,0.71311,-0.64731,0.60334,0.69639,276,50,20,142,59,280,103,23,253,47,48,131,215,53,10,137
1762585344.8984716,2.73607,0.06993,0.73364,-0.62667,0.66004,0.71571,255,46,11,116,57,256,110,27,239,40,37,137,220,44,13,124
1762585353.1985738,2.68376,0.06989,0.67234,-0.7177,0.57174,0.72197,261,54,23,132,45,255,104,14,239,50,47,117,239,56,6,145
1762585361.4874883,2.7193,0.07035,0.72627,-0.62927,0.67785,0.68591,241,55,7,150,57,240,94,19,242,41,31,133,221,56,12,144
1762585369.7748983,2.77004,0.06886,0.71064,-0.67043,0.6534,0.73558,267,57,11,135,46,256,114,27,216,32,42,137,213,52,3,148
1762585378.0894043,2.80839,0.06787,0.72371,-0.64091,0.69888,0.7449,300,53,14,118,62,258,103,17,237,42,25,141,220,41,9,122
1762585386.3602958,2.67901,0.07085,0.68958,-0.62338,0.64029,0.72577,276,52,18,105,67,279,96,20,222,44,31,120,222,46,12,143
1762585394.6380618,2.66533,0.07062,0.70355,-0.64889,0.56164,0.75124,281,53,18,127,55,253,118,24,212,46,50,130,198,42,8,154
1762585402.9250636,2.60265,0.07063,0.68071,-0.60254,0.60699,0.71242,248,57,15,131,66,258,121,28,247,52,38,121,231,57,9,162
1762585411.2146788,2.70361,0.06994,0.6861,-0.65739,0.63964,0.72048,256,52,18,120,63,276,111,17,236,43,37,128,208,49,9,149
1762585419.4915736,2.57038,0.07311,0.65753,-0.63111,0.61818,0.66355,251,60,15,112,55,256,111,28,235,47,37,121,219,60,12,137
1762585427.789857,2.64919,0.07095,0.675,-0.61758,0.62264,0.73397,276,62,16,126,60,243,125,27,229,48,32,115,224,49,7,141
1762585436.1029322,2.81452,0.0667,0.73499,-0.6625,0.64091,0.77612,279,54,10,140,50,290,109,31,242,48,31,119,222,40,5,135
1762585444.4214349,2.69156,0.07009,0.68444,-0.61521,0.68958,0.70233,260,47,24,119,63,263,98,23,238,37,33,143,238,47,17,128
1762585452.7351394,2.62485,0.07116,0.67728,-0.61359,0.67627,0.6577,273,68,8,122,66,269,111,25,234,49,24,144,199,57,13,140
1762585461.0208006,2.72513,0.07017,0.68849,-0.66667,0.6427,0.72727,249,55,14,125,50,265,100,23,243,47,35,134,216,47,7,126
1762585469.3160994,2.68437,0.06843,0.67871,-0.64831,0.65121,0.70614,288,62,18,130,63,269,120,20,242,46,33,132,243,56,11,146
1762585477.6084392,2.61774,0.07162,0.72574,-0.63516,0.58065,0.67619,278,49,16,131,53,280,92,30,211,54,37,132,204,54,14,148
1762585485.92079,2.74537,0.06966,0.72566,-0.66216,0.65121,0.70633,262,43,19,128,48,276,93,27,241,44,35,133,206,44,14,131
1762585494.2123878,2.75708,0.06944,0.73128,-0.64882,0.625,0.75198,280,46,15,113,50,279,106,32,222,51,30,129,208,38,9,124
1762585502.5070987,2.65183,0.0724,0.64682,-0.63393,0.62319,0.7479,279,65,21,122,63,274,92,19,212,47,31,124,189,39,6,123
1762585510.8021755,2.76557,0.06853,0.74617,-0.63214,0.59705,0.79021,275,44,14,124,61,282,104,26,220,45,37,105,255,34,11,129
1762585519.152679,2.74708,0.06929,0.68103,-0.65256,0.64128,0.77221,278,57,17,112,56,278,93,22,214,42,31,120,219,41,9,170
1762585527.4389918,2.80113,0.06803,0.72881,-0.66977,0.6789,0.72365,288,45,19,120,44,249,110,27,217,41,29,149,216,51,8,152
1762585535.7270994,2.78378,0.06845,0.68511,-0.69438,0.6849,0.71939,286,56,18,110,43,287,90,25,239,47,25,146,208,43,12,129
1762585544.0293107,2.6922,0.06905,0.72929,-0.57942,0.6392,0.74429,314,46,21,114,59,261,92,35,232,44,37,136,225,42,14,157
1762585552.3453095,2.79668,0.06842,0.69615,-0.65197,0.67713,0.77143,249,52,15,125,48,253,103,27,241,39,33,133,233,42,6,139
1762585560.6642942,2.77285,0.06951,0.74304,-0.62559,0.66038,0.74384,262,40,20,145,54,250,93,25,199,38,34,153,215,41,11,139
1762585568.959365,2.58209,0.07205,0.68565,-0.58636,0.59389,0.71619,259,50,19,111,62,245,104,29,232,50,43,133,241,58,6,146
1762585577.2708921,2.77316,0.06769,0.73932,-0.66109,0.64179,0.73096,285,46,15,122,61,290,107,20,251,47,37,134,196,43,10,145
1762585585.5651658,2.6345,0.07077,0.69198,-0.56923,0.62581,0.74747,285,50,23,116,75,260,97,23,232,45,42,146,212,45,5,134
1762585593.8579483,2.65284,0.07075,0.71861,-0.59276,0.6298,0.71167,261,51,14,136,66,244,108,24,225,45,37,136,247,52,11,127
1762585602.1963649,2.56795,0.0732,0.69528,-0.57746,0.60829,0.68692,281,59,12,114,68,241,95,22,241,49,36,108,225,55,12,136
1762585610.476641,2.59706,0.07202,0.66807,-0.62892,0.55814,0.74194,274,62,17,123,49,242,96,28,217,53,42,118,252,52,8,153
1762585618.8123908,2.65766,0.07066,0.67184,-0.69882,0.58974,0.69725,258,62,12,119,41,274,87,23,242,49,47,130,241,55,11,129
1762585627.1141176,2.76508,0.06917,0.70575,-0.63556,0.6614,0.76238,240,45,19,131,62,259,109,20,241,44,31,127,215,38,10,141
1762585635.4191568,2.71984,0.06933,0.70815,-0.60714,0.68192,0.72263,253,53,15,145,58,250,110,30,249,47,26,137,213,48,9,141
1762585643.703128,2.68257,0.07019,0.67249,-0.64206,0.71365,0.65438,271,57,18,112,52,254,113,28,260,33,31,123,218,63,12,141
1762585651.9751914,2.5243,0.07425,0.65639,-0.56152,0.64302,0.66337,247,59,19,129,76,263,86,22,256,42,36,103,199,64,4,137
1762585660.2545946,2.70634,0.06931,0.63445,-0.6674,0.66516,0.73934,274,70,17,115,55,249,132,21,231,45,29,137,223,47,8,144
1762585668.5608253,2.61312,0.07033,0.67227,-0.56034,0.6882,0.69231,267,63,15,131,70,248,114,32,234,37,33,145,258,65,5,127
1762585676.8596237,2.74327,0.0697,0.6385,-0.65517,0.63679,0.81281,240,62,15,109,60,276,108,20,222,46,31,125,205,30,8,163
1762585685.136315,2.82327,0.06837,0.71193,-0.73585,0.62291,0.75258,282,59,11,134,38,254,114,18,219,45,34,121,215,42,6,125
1762585693.4323337,2.70267,0.0717,0.68539,-0.64762,0.64334,0.72632,267,52,18,108,57,243,103,17,227,45,34,137,192,44,8,136
1762585701.7224848,2.57536,0.07324,0.65517,-0.57111,0.64815,0.70093,255,53,22,105,70,263,85,25,230,37,39,126,229,54,10,135
1762585710.0152926,2.51989,0.07279,0.65875,-0.60521,0.52596,0.72998,273,61,18,111,69,256,114,22,196,51,54,142,233,46,13,145
1762585718.3040338,2.64512,0.07165,0.72646,-0.6019,0.62009,0.69668,267,48,13,118,62,240,98,22,226,53,34,145,224,52,12,134
1762585726.5853794,2.74096,0.06864,0.75847,-0.63956,0.61435,0.72857,277,48,9,138,61,246,127,21,224,52,34,136,232,49,8,131
1762585734.8670049,2.75449,0.06798,0.67364,-0.70536,0.63636,0.73913,279,63,15,121,44,266,116,22,240,42,40,129,242,46,11,138
1762585743.1532443,2.64623,0.07078,0.68612,-0.63753,0.62749,0.69509,297,65,13,122,65,261,123,20,245,47,37,122,191,55,4,137
1762585751.43865,2.68034,0.06986,0.69684,-0.59833,0.64434,0.74083,261,55,17,142,65,279,103,31,227,44,33,129,200,45,8,156
1762585759.7298894,2.71165,0.06856,0.70356,-0.6129,0.65385,0.74134,300,61,14,131,62,244,106,22,255,51,30,132,230,44,12,147
1762585768.0270584,2.69126,0.06917,0.75771,-0.60934,0.61905,0.70516,262,47,8,137,62,289,90,30,249,53,39,142,229,53,7,118
1762585776.3351386,2.82512,0.06868,0.69091,-0.66816,0.66502,0.80102,247,52,16,125,57,271,101,17,210,50,18,128,224,29,10,129
1762585784.6448948,2.74694,0.06974,0.74179,-0.67053,0.60265,0.73196,268,45,14,130,48,264,96,23,213,57,33,150,208,42,10,128
1762585792.9456096,2.67852,0.06984,0.67391,-0.60889,0.62667,0.76905,260,56,19,125,60,272,90,28,233,52,32,133,243,44,6,140
1762585801.237937,2.66894,0.0719,0.60557,-0.62613,0.71363,0.72362,229,65,20,117,60,244,117,23,242,34,28,129,229,46,9,114
1762585809.5120075,2.75388,0.0688,0.67188,-0.69266,0.67366,0.71569,299,66,18,129,45,250,119,22,216,37,33,143,216,52,6,134
1762585817.7843525,2.7952,0.06849,0.71294,-0.65121,0.68352,0.74752,246,49,12,118,55,272,102,24,262,48,24,121,205,41,10,148
1762585826.063155,2.7944,0.06756,0.66239,-0.69266,0.65727,0.78208,276,58,21,113,46,245,124,21,226,45,34,156,224,41,4,144
1762585834.3629508,2.8414,0.06719,0.74737,-0.68519,0.64706,0.76179,291,42,18,124,50,257,107,18,235,47,31,129,211,33,15,144
1762585842.6637921,2.69076,0.07204,0.71605,-0.67832,0.61111,0.68528,294,53,16,123,37,253,107,32,196,40,37,123,192,57,5,140
1762585850.9476545,2.73729,0.06799,0.71881,-0.63519,0.65864,0.72464,299,54,17,135,55,276,105,30,246,46,32,133,218,46,11,139
1762585859.268472,2.69738,0.07025,0.68182,-0.6696,0.66667,0.67929,248,54,16,122,59,267,112,16,236,36,35,119,221,57,15,156
1762585867.5547185,2.55507,0.07362,0.63169,-0.60909,0.6381,0.67619,271,75,11,110,56,262,92,30,219,47,29,125,222,55,13,130
1762585875.8360348,2.74318,0.06955,0.6652,-0.70203,0.64953,0.72642,253,59,17,125,48,288,89,18,243,42,33,110,217,46,12,149
1762585884.1072478,2.85,0.06477,0.75051,-0.73196,0.70335,0.73399,300,47,14,128,45,302,118,20,217,31,31,139,222,38,16,130
1762585892.4145472,2.80866,0.06659,0.71552,-0.74468,0.67213,0.67633,286,51,15,112,42,294,116,18,265,47,33,143,201,57,10,146
1762585900.6948617,2.77724,0.06842,0.65489,-0.7155,0.7,0.70686,274,57,26,124,53,290,114,14,225,35,25,115,212,50,12,149
1762585909.0023446,2.80087,0.06702,0.71685,-0.7123,0.67871,0.693,262,48,15,120,41,265,104,21,267,46,34,151,244,59,9,131
1762585917.2958949,2.73176,0.06911,0.66946,-0.67949,0.65385,0.72897,286,63,16,113,56,290,103,19,231,46,26,113,220,48,10,150
1762585925.569182,2.76032,0.06847,0.70402,-0.69058,0.64126,0.72447,280,50,20,123,55,277,100,14,252,44,36,114,212,48,10,151
1762585933.8799422,2.81178,0.06714,0.69038,-0.73856,0.68981,0.69302,259,52,22,145,39,292,107,21,256,41,26,109,227,59,7,137
1762585942.1757572,2.77863,0.06781,0.72443,-0.65012,0.70021,0.70387,270,51,15,143,52,251,98,22,242,39,31,155,237,55,10,137
1762585950.4693336,2.79736,0.06924,0.7397,-0.74429,0.63596,0.67742,269,41,19,132,42,268,114,14,242,47,34,122,187,45,15,125
1762585958.75378,2.67883,0.07123,0.68465,-0.71558,0.65297,0.62564,269,57,19,137,39,273,107,24,224,39,37,138,194,64,9,123
1762585967.0418034,2.78195,0.06731,0.71861,-0.66525,0.64865,0.74943,279,43,22,118,59,284,109,20,236,42,36,130,224,47,8,160
1762585975.3397386,2.72262,0.07118,0.71368,-0.68974,0.63303,0.68617,268,50,18,139,47,258,96,18,230,54,26,126,209,48,11,108
1762585983.621301,2.80434,0.06807,0.69198,-0.68989,0.69007,0.73239,270,63,10,131,55,279,97,14,234,27,37,115,223,50,7,146
1762585991.9140105,2.78236,0.06973,0.67826,-0.69042,0.68421,0.72947,263,54,20,123,43,248,96,20,225,42,24,127,210,45,11,148
1762586000.2130353,2.80009,0.06686,0.72047,-0.70549,0.6833,0.69082,300,53,18,137,47,278,110,20,260,44,29,128,217,51,13,133
1762586008.5281951,2.66601,0.0705,0.64706,-0.67686,0.64786,0.69424,265,76,11,141,64,280,104,10,231,47,31,134,208,49,12,130
1762586016.8266258,2.77319,0.06978,0.71868,-0.69053,0.66746,0.69652,262,48,16,129,51,259,107,16,219,43,27,132,215,55,6,126
1762586025.1150005,2.71032,0.06945,0.66805,-0.6383,0.66903,0.73494,286,55,25,116,59,295,90,26,230,47,23,123,230,42,13,130
1762586033.4055364,2.72987,0.07023,0.64865,-0.67401,0.66443,0.74278,234,55,23,132,50,272,108,24,234,47,28,138,198,39,10,134
1762586041.6876798,2.77889,0.06867,0.7011,-0.66903,0.64352,0.76524,274,53,15,113,51,254,99,19,218,47,30,137,229,46,6,162
1762586049.9964979,2.79881,0.06858,0.67355,-0.68205,0.69725,0.74596,264,60,19,141,43,226,102,19,245,36,30,125,212,47,8,166
1762586058.2761269,2.74072,0.06872,0.68548,-0.66372,0.6338,0.75772,281,62,16,137,55,278,98,21,230,43,35,118,218,43,8,152
1762586066.599652,2.75266,0.06907,0.70711,-0.65138,0.7011,0.69307,279,60,10,129,56,263,97,20,232,41,27,155,217,48,14,125
1762586074.8722527,2.77506,0.0682,0.66173,-0.6882,0.66825,0.75688,249,61,19,144,48,279,100,22,215,39,31,137,231,38,15,152
1762586083.170949,2.6783,0.06988,0.67821,-0.6408,0.65012,0.70917,284,55,24,128,61,249,121,20,222,46,28,127,237,58,7,145
1762586091.457158,2.72044,0.06844,0.73796,-0.58014,0.65517,0.74718,328,55,13,123,64,266,84,29,232,42,33,128,231,43,13,156
1762586099.732837,2.76836,0.06823,0.71138,-0.70163,0.63981,0.71554,304,57,14,117,44,253,112,20,231,44,32,115,237,53,12,155
1762586108.032581,2.72295,0.06863,0.69133,-0.62929,0.63291,0.76941,259,49,24,141,54,249,107,27,256,54,33,131,230,38,11,146
1762586116.3405573,2.72181,0.068,0.72327,-0.6341,0.6822,0.68224,276,48,18,135,60,260,133,28,242,40,35,155,225,57,11,135
1762586124.630677,2.67397,0.07002,0.67939,-0.64371,0.65176,0.69912,293,65,19,147,54,246,100,21,236,43,31,115,239,55,13,145
1762586132.9296064,2.53431,0.07167,0.66667,-0.53509,0.63146,0.7011,294,69,15,126,80,250,100,26,216,53,29,147,246,55,13,141
1762586141.2083044,2.7138,0.06987,0.73784,-0.62529,0.64192,0.70874,274,41,21,137,54,248,99,26,229,47,35,147,202,50,10,150
1762586149.4979856,2.72172,0.06977,0.65101,-0.64786,0.671,0.75186,253,58,20,116,56,260,105,22,229,39,37,157,211,39,11,142
1762586157.8363018,2.61788,0.07149,0.63374,-0.67826,0.60364,0.70223,267,69,20,130,57,287,99,17,217,51,36,135,224,50,10,119
1762586166.1287863,2.81707,0.06645,0.71721,-0.64465,0.65665,0.79856,262,50,19,157,50,247,114,28,238,46,34,148,263,34,8,112
1762586174.409671,2.61608,0.07023,0.7167,-0.62931,0.56275,0.70732,286,52,15,120,57,295,83,29,250,57,51,136,200,48,12,150
1762586182.6856678,2.69852,0.06928,0.70143,-0.66324,0.60183,0.73201,309,58,15,107,57,301,104,25,228,49,38,122,219,43,11,130
1762586190.9843292,2.70653,0.06945,0.68397,-0.63839,0.65904,0.72512,274,55,15,99,58,262,105,23,237,49,33,162,223,47,11,141
1762586199.2909157,2.71765,0.06766,0.73801,-0.58118,0.66186,0.73661,329,52,19,142,58,227,109,31,248,38,44,155,242,50,9,147
1762586207.613447,2.74839,0.06749,0.69636,-0.625,0.66874,0.75829,272,51,24,147,62,268,96,22,254,51,29,149,218,42,9,153
1762586215.911115,2.73151,0.07092,0.65368,-0.69977,0.64819,0.72987,266,64,16,116,50,250,118,15,207,39,34,135,216,45,7,117
1762586224.2061586,2.74463,0.06811,0.7161,-0.63169,0.65618,0.74065,276,54,13,129,62,274,107,24,250,49,33,145,213,44,8,136
1762586232.4999595,2.8021,0.06814,0.69362,-0.73585,0.62319,0.74944,264,54,18,134,37,255,113,19,206,39,39,130,243,42,14,148
1762586240.806298,2.81363,0.06595,0.71721,-0.71186,0.67949,0.70507,282,48,21,137,57,280,124,11,263,43,32,130,238,57,7,132
1762586249.091077,2.77746,0.06631,0.73577,-0.62092,0.66735,0.75342,292,52,13,135,63,268,104,24,278,47,34,128,231,44,10,153
1762586257.3876295,2.66023,0.07172,0.65591,-0.6682,0.64455,0.69157,244,55,25,141,56,268,94,16,226,40,35,121,221,52,12,130
1762586265.653038,2.68988,0.07052,0.72727,-0.5966,0.64286,0.72315,244,44,16,136,66,266,110,29,221,43,32,124,223,48,10,138
1762586273.9274404,2.61933,0.07262,0.66228,-0.65844,0.63861,0.66,244,58,19,135,47,282,121,36,206,42,31,125,192,54,14,140
1762586282.2513285,2.62045,0.07204,0.69658,-0.6722,0.61625,0.63542,259,52,19,138,62,295,108,17,233,42,43,125,180,57,13,134
1762586290.5524287,2.6959,0.06979,0.72558,-0.64147,0.61456,0.71429,260,42,17,111,63,265,115,20,246,58,32,131,223,48,12,137
1762586298.8427215,2.82124,0.06764,0.68996,-0.70192,0.64545,0.78391,273,47,24,114,45,256,98,17,232,48,30,130,217,43,4,171
1762586307.1351488,2.66978,0.07214,0.67117,-0.62527,0.66667,0.70667,268,57,16,103,58,268,105,28,217,31,40,138,186,48,7,134
1762586315.4552658,2.78689,0.06833,0.68776,-0.73953,0.6,0.75959,281,55,19,119,46,275,99,10,228,46,44,132,189,35,12,155
1762586323.7276123,2.78825,0.06857,0.68514,-0.72566,0.67059,0.70686,270,58,13,110,46,289,101,16,220,37,33,135,223,48,14,138
1762586332.0074859,2.79653,0.06668,0.77959,-0.62656,0.67742,0.71296,289,41,13,147,60,291,101,30,226,43,27,138,210,53,9,160
1762586340.317594,2.60871,0.07233,0.65393,-0.58963,0.6644,0.70075,245,65,12,123,64,254,114,31,229,38,36,138,200,45,15,141
1762586348.6395166,2.6565,0.07212,0.6822,-0.62654,0.64103,0.70673,276,60,15,121,52,232,99,24,246,50,27,106,221,49,12,134
1762586356.9203372,2.72152,0.06927,0.68959,-0.72093,0.57273,0.73827,284,65,14,146,40,268,102,20,216,55,39,130,232,45,8,120
1762586365.2274177,2.64918,0.07088,0.63866,-0.6215,0.66522,0.72381,269,68,18,121,61,260,87,20,250,43,34,133,216,44,14,146
1762586373.5420258,2.73202,0.06818,0.70186,-0.70499,0.65179,0.67338,276,58,14,135,50,274,119,18,230,44,34,140,228,57,16,146
1762586381.8283367,2.74064,0.06973,0.69631,-0.60356,0.67229,0.76847,284,56,14,107,66,246,114,23,241,41,27,106,218,39,8,141
1762586390.1161468,2.71455,0.06949,0.72286,-0.67963,0.58891,0.72314,268,46,14,105,52,273,94,18,209,50,39,135,270,53,14,147
1762586398.4353442,2.72771,0.06939,0.76316,-0.61276,0.64414,0.70766,263,43,11,139,58,260,94,27,225,41,38,140,235,49,14,133
1762586406.714783,2.80029,0.06793,0.74947,-0.69697,0.63956,0.71429,290,38,21,122,49,267,97,16,229,47,35,144,229,45,14,125
1762586415.0044625,2.77214,0.06876,0.71167,-0.68116,0.62187,0.75745,261,58,5,113,46,255,93,20,236,43,40,120,259,48,9,154
1762586423.3090844,2.71791,0.06848,0.72141,-0.64,0.6122,0.74429,292,52,15,122,53,247,122,28,237,59,30,133,232,43,13,150
1762586431.5863936,2.85,0.06352,0.75569,-0.70231,0.65368,0.77542,297,46,13,127,52,306,100,19,238,50,30,144,266,43,10,153
1762586439.8624344,2.55667,0.07332,0.68352,-0.54717,0.61926,0.70673,256,50,22,127,71,238,90,25,222,42,45,148,226,51,10,129
1762586448.1574633,2.66046,0.07013,0.72199,-0.62306,0.62416,0.69124,271,53,14,144,65,264,102,20,241,42,42,122,213,57,10,154
1762586456.434348,2.7172,0.06895,0.67083,-0.65577,0.63134,0.75926,264,58,21,137,52,282,98,27,233,37,43,121,234,40,12,146
1762586464.7369835,2.67858,0.06967,0.71366,-0.64807,0.59551,0.72135,270,49,16,119,63,271,113,19,226,44,46,129,227,52,10,156
1762586473.0127575,2.57234,0.07175,0.66667,-0.55509,0.62931,0.72127,244,52,23,131,72,278,96,35,239,53,33,139,224,43,14,128
1762586481.322579,2.60782,0.07355,0.63507,-0.64103,0.5954,0.73632,247,59,18,98,50,260,92,27,216,39,49,131,205,43,10,144
1762586489.6316793,2.71941,0.06962,0.70843,-0.64147,0.63482,0.73469,263,50,14,112,62,293,87,21,232,61,25,153,209,35,17,131
1762586497.9119787,2.81616,0.06773,0.69048,-0.71712,0.66818,0.74038,299,48,30,127,40,249,97,17,234,44,29,133,241,41,13,121
1762586506.1820698,2.68031,0.06957,0.65323,-0.70522,0.6625,0.65937,276,66,20,134,39,271,105,26,260,53,28,139,215,54,16,126
1762586514.4660423,2.73119,0.06805,0.70624,-0.58087,0.66079,0.7833,293,56,17,131,66,244,103,26,249,38,39,128,233,41,7,162
1762586522.7473621,2.78627,0.06947,0.69053,-0.68523,0.70142,0.70909,246,53,14,120,46,250,98,19,231,35,28,128,232,53,11,144
1762586531.0368865,2.62464,0.07038,0.70624,-0.62637,0.58036,0.71167,297,53,20,127,56,268,102,29,241,54,40,113,232,50,13,142
1762586539.3201928,2.70733,0.07076,0.72525,-0.65899,0.60814,0.71495,283,51,17,144,52,252,108,22,208,42,35,108,207,46,15,160
1762586547.6184723,2.68561,0.06962,0.69469,-0.63478,0.59574,0.76039,260,54,15,123,55,260,116,29,222,49,46,153,213,41,8,147
1762586555.8962605,2.63937,0.07166,0.66454,-0.62613,0.5933,0.7554,277,59,20,115,70,264,97,13,204,48,37,129,218,42,9,148
1762586564.176853,2.73271,0.06942,0.67896,-0.66239,0.64009,0.75127,265,53,21,122,46,273,116,33,221,40,39,139,212,39,10,133
1762586572.4714618,2.689,0.07023,0.73451,-0.64286,0.55765,0.75399,266,45,15,126,53,264,104,27,221,55,39,110,232,41,13,153
1762586580.7583168,2.57578,0.07273,0.68444,-0.59052,0.64425,0.65657,260,47,24,119,67,265,104,28,237,50,32,142,219,57,11,109
1762586589.0518603,2.68149,0.07064,0.70293,-0.59732,0.63246,0.74879,295,62,9,112,63,259,98,27,215,45,32,127,210,43,9,152
1762586597.341421,2.73555,0.06869,0.67677,-0.72922,0.58261,0.74696,284,62,18,131,42,275,89,15,232,52,44,132,215,39,13,144
1762586605.6475654,2.73018,0.06876,0.66449,-0.67841,0.66022,0.72706,256,65,12,126,49,263,118,24,241,47,32,145,245,51,7,122
1762586613.9404328,2.7299,0.0685,0.69325,-0.71429,0.57175,0.75061,288,57,18,126,48,285,123,20,230,53,41,115,217,44,7,141
1762586622.234897,2.81809,0.06626,0.70732,-0.68539,0.6652,0.76018,294,53,19,126,48,274,101,22,255,46,30,123,219,39,14,170
1762586630.5176926,2.84649,0.06632,0.74274,-0.66133,0.67452,0.7679,263,52,10,157,54,254,109,20,245,46,30,146,197,34,13,161
1762586638.8540616,2.60217,0.071,0.64224,-0.58562,0.64494,0.72936,262,60,23,119,69,273,102,29,225,49,30,141,232,54,5,145
1762586647.155346,2.65866,0.07116,0.68421,-0.60421,0.67024,0.7,241,52,14,111,63,263,118,31,264,43,34,126,209,51,9,131
1762586655.4486856,2.70108,0.06921,0.70815,-0.5956,0.63057,0.76675,272,42,26,126,69,254,109,23,236,51,36,148,220,38,9,136
1762586663.743403,2.85,0.06739,0.75414,-0.64286,0.66744,0.79104,263,41,11,108,53,275,93,27,239,47,25,122,219,32,10,141
1762586672.0351982,2.6711,0.07165,0.67053,-0.68333,0.59898,0.71824,239,56,15,121,55,282,122,21,199,46,33,116,249,44,17,123
1762586680.3266387,2.70173,0.07041,0.6967,-0.61337,0.66292,0.72874,258,48,21,128,58,245,93,23,229,41,34,141,240,49,10,136
1762586688.6025782,2.78925,0.06938,0.70678,-0.69555,0.68692,0.7,271,54,13,119,40,251,111,25,227,42,25,134,204,50,10,136
1762586696.8895416,2.75013,0.06778,0.72121,-0.65235,0.678,0.69856,299,51,18,127,63,280,124,22,238,33,38,132,211,47,16,144
1762586705.181732,2.7301,0.0704,0.73441,-0.59903,0.65025,0.74641,291,50,16,140,59,241,90,24,200,42,29,135,219,43,10,146
1762586713.4642887,2.70328,0.06912,0.66598,-0.6625,0.66667,0.70813,283,63,18,121,58,284,115,23,217,44,29,148,219,47,14,138
1762586721.756888,2.70352,0.07138,0.73116,-0.62824,0.66133,0.6828,278,49,17,147,53,259,87,26,225,42,32,138,188,49,10,125
1762586730.078529,2.74753,0.06782,0.68737,-0.60081,0.66133,0.79803,266,55,18,128,71,287,110,28,233,36,38,130,219,37,4,146
1762586738.3731155,2.72326,0.06811,0.77167,-0.59329,0.63431,0.72398,267,44,10,152,65,278,102,32,238,44,37,124,238,49,12,143
1762586746.6635618,2.69346,0.07083,0.75,-0.61603,0.62472,0.7027,255,39,16,130,61,278,105,30,239,43,42,129,205,42,13,110
1762586754.9608927,2.62718,0.06998,0.6748,-0.63797,0.65066,0.66376,280,59,21,132,53,271,100,29,236,52,28,142,235,64,13,146
1762586763.2550237,2.64722,0.07094,0.72609,-0.57624,0.60577,0.73913,265,52,11,132,76,277,121,31,194,53,29,140,213,45,6,127
1762586771.5431557,2.72501,0.06949,0.71111,-0.62963,0.69231,0.69196,250,48,17,135,63,269,105,22,228,31,33,124,223,63,6,156
1762586779.8410163,2.7912,0.06811,0.68444,-0.67473,0.64811,0.78392,264,55,16,115,56,270,111,18,236,47,32,134,212,37,6,143
1762586788.1454632,2.71951,0.07086,0.67117,-0.69762,0.69157,0.65915,256,53,20,115,57,285,108,13,218,32,32,133,205,56,12,126
1762586796.4384575,2.58462,0.07045,0.62109,-0.59649,0.60987,0.75717,265,78,19,150,66,244,120,26,227,46,41,132,249,48,7,149
1762586804.739475,2.71719,0.07075,0.71562,-0.65831,0.5867,0.75656,253,44,17,115,51,259,105,24,194,53,34,140,227,47,4,141
1762586813.0464041,2.62181,0.07317,0.66594,-0.66749,0.61062,0.67775,256,60,17,128,53,225,111,14,227,55,33,137,193,56,7,135
1762586821.328299,2.5786,0.07445,0.59819,-0.67048,0.59079,0.71913,239,71,18,115,57,265,100,15,203,47,33,108,212,48,10,143
1762586829.6216805,2.85,0.06611,0.75217,-0.68559,0.65611,0.76667,270,46,11,133,55,288,98,17,239,34,42,127,216,40,9,155
1762586837.9043777,2.74153,0.0697,0.73006,-0.64253,0.65049,0.71845,298,49,17,125,51,262,101,28,210,46,26,130,207,47,11,147
1762586846.2066114,2.72802,0.06925,0.67164,-0.69438,0.62801,0.73399,276,56,21,116,46,264,113,22,251,52,33,121,208,44,10,144
1762586854.4914317,2.77279,0.06914,0.69499,-0.64929,0.68352,0.745,271,57,13,118,48,242,106,26,251,43,29,132,204,44,7,145
1762586862.791752,2.5553,0.0725,0.68421,-0.62963,0.58108,0.66038,276,54,21,124,62,273,101,23,229,54,39,122,221,59,13,131
1762586871.0808706,2.69784,0.0707,0.70183,-0.63636,0.6577,0.70194,256,45,20,115,58,257,103,22,222,35,35,117,262,54,15,132
1762586879.383771,2.79404,0.06827,0.73248,-0.66359,0.69725,0.70071,281,50,13,127,48,260,101,25,240,34,32,130,221,58,5,137
1762586887.684539,2.70608,0.06948,0.76316,-0.63636,0.56322,0.74334,277,43,11,125,62,270,117,24,230,53,42,110,224,48,5,136
1762586895.9746132,2.58158,0.07337,0.67347,-0.57407,0.62559,0.70844,285,58,22,125,65,243,97,27,227,37,42,116,199,45,12,135
1762586904.2536647,2.72084,0.06852,0.70221,-0.62238,0.6468,0.74945,287,59,15,136,49,252,96,32,222,43,37,151,244,45,12,154
1762586912.5533557,2.69756,0.0695,0.67728,-0.6696,0.64545,0.70522,273,61,15,122,48,256,123,27,230,50,28,132,223,57,8,153
1762586920.8597226,2.7342,0.06908,0.68103,-0.65138,0.625,0.77679,286,58,16,104,56,255,105,20,226,45,36,125,244,44,6,154
1762586929.141123,2.69137,0.06953,0.72996,-0.58772,0.6614,0.7123,277,48,16,133,72,268,94,22,238,40,35,130,230,54,8,139
1762586937.4261563,2.72631,0.06792,0.74286,-0.59408,0.62609,0.76329,288,41,22,139,74,279,98,22,229,52,34,145,230,45,4,135
1762586945.7306259,2.69092,0.06991,0.69048,-0.62009,0.61369,0.76667,287,57,21,139,61,274,97,26,214,39,40,116,230,44,5,141
1762586954.0173218,2.6634,0.07275,0.69536,-0.59794,0.61949,0.75061,265,53,16,119,61,226,84,17,239,43,39,110,202,38,13,156
1762586962.3062453,2.55493,0.07325,0.68908,-0.62896,0.59914,0.63776,273,58,16,129,61,248,112,21,243,57,36,128,179,59,12,142
1762586970.632145,2.74698,0.07046,0.70701,-0.69159,0.599,0.74939,286,53,16,116,47,242,120,19,204,42,38,115,229,41,10,127
1762586978.9516056,2.71846,0.06937,0.72103,-0.60699,0.67681,0.71363,300,50,15,101,62,265,103,28,224,33,36,134,222,47,15,149
1762586987.2398393,2.67811,0.07108,0.71429,-0.65443,0.62832,0.68108,291,45,23,117,60,270,113,20,237,51,33,131,181,47,12,130
1762586995.5286877,2.71736,0.06911,0.7254,-0.69787,0.63283,0.66125,259,52,8,118,48,295,104,23,237,50,35,141,226,55,18,132
1762587003.8326943,2.77771,0.06811,0.69432,-0.68374,0.64055,0.75909,258,55,15,130,51,295,83,20,257,48,30,99,228,45,8,159
1762587012.1201537,2.62693,0.07298,0.64786,-0.63033,0.64539,0.70335,242,63,15,123,63,255,89,15,217,43,32,131,217,51,11,139
1762587020.4158635,2.75919,0.06786,0.70265,-0.61611,0.68354,0.75688,283,54,19,135,61,251,90,20,256,36,39,143,240,45,8,143
1762587028.7057135,2.71732,0.07042,0.70803,-0.6933,0.62667,0.68932,244,47,13,107,49,281,111,22,238,48,36,128,203,54,10,145
1762587037.0039215,2.62002,0.07131,0.70612,-0.63964,0.59211,0.68215,290,61,11,128,54,263,101,26,234,51,42,129,212,51,14,132
1762587045.2941947,2.68038,0.07143,0.67593,-0.66287,0.65438,0.6872,259,57,13,103,56,267,98,18,232,32,43,127,221,54,12,135
1762587053.5728981,2.69061,0.06869,0.71784,-0.64192,0.63711,0.69374,287,49,19,127,57,269,107,25,246,54,34,151,206,51,15,159
1762587061.8631675,2.7323,0.06983,0.66738,-0.71698,0.67019,0.67775,274,63,15,117,39,276,88,21,257,50,28,138,203,47,16,125
1762587070.1646123,2.85,0.06721,0.72961,-0.67191,0.71635,0.73723,260,51,12,143,48,274,98,25,224,33,26,133,225,44,10,132
1762587078.4461048,2.62879,0.07199,0.69476,-0.58636,0.64035,0.70732,257,52,15,115,64,243,106,27,233,43,39,141,215,48,12,135
1762587086.7433853,2.74017,0.06906,0.73894,-0.57078,0.70022,0.73023,273,46,13,120,64,254,90,30,228,36,31,152,225,48,10,147
1762587095.0235887,2.70344,0.07019,0.68173,-0.65393,0.65566,0.71212,290,63,18,138,52,269,99,25,225,38,35,126,223,53,4,116
1762587103.313537,2.70171,0.07004,0.73523,-0.64545,0.60471,0.71631,305,55,10,121,56,254,108,22,226,54,30,115,215,48,12,148
1762587111.6072047,2.68879,0.0689,0.65941,-0.6129,0.64026,0.77622,290,65,21,129,54,254,96,30,245,54,30,138,238,41,7,143
1762587119.894944,2.72699,0.07029,0.66803,-0.66812,0.67513,0.71571,280,59,22,127,55,264,118,21,214,35,29,116,206,51,6,138
1762587128.174691,2.7592,0.06893,0.67043,-0.66977,0.68153,0.73747,247,56,17,123,53,248,111,18,236,45,30,160,218,43,12,146
1762587136.4708538,2.72952,0.06969,0.74222,-0.68261,0.61276,0.69193,264,38,20,128,59,260,127,14,218,52,33,136,227,50,13,119
1762587144.783692,2.64013,0.07037,0.68675,-0.62946,0.61233,0.71158,291,58,20,129,54,254,111,29,229,40,48,137,229,55,6,133
1762587153.0916603,2.71403,0.06897,0.69231,-0.64192,0.65358,0.72622,302,61,15,116,60,273,103,22,239,37,38,119,223,47,12,149
1762587161.3759696,2.77162,0.06749,0.75309,-0.70021,0.65714,0.66118,295,44,16,131,50,282,115,20,241,48,30,136,226,63,9,127
1762587169.674474,2.67265,0.07041,0.73362,-0.57466,0.63597,0.7284,267,47,14,130,70,242,106,24,248,48,37,134,206,45,10,144
1762587178.003069,2.73598,0.0685,0.76546,-0.58772,0.63514,0.74766,298,40,15,116,70,254,108,24,221,43,38,142,240,43,11,134
1762587186.2985132,2.81431,0.06614,0.72929,-0.69263,0.62929,0.7631,287,46,21,141,51,298,104,22,244,41,40,112,234,44,8,153
1762587194.5903966,2.70796,0.07077,0.72043,-0.62824,0.62929,0.73,269,43,22,131,59,243,103,20,223,52,29,133,202,43,11,144
1762587202.88153,2.75779,0.0681,0.65361,-0.63557,0.66586,0.80275,273,66,18,128,64,273,104,20,226,43,26,118,258,35,8,135
1762587211.1948614,2.71287,0.06954,0.67391,-0.67965,0.65198,0.70732,276,58,17,109,51,276,112,23,243,43,36,132,224,51,9,126
1762587219.479843,2.78714,0.06701,0.74486,-0.70231,0.60538,0.7346,287,42,20,137,51,281,125,20,221,47,41,137,223,44,12,143
1762587227.7737374,2.73115,0.06841,0.68958,-0.65106,0.66736,0.72315,252,49,21,129,57,274,114,25,270,50,30,131,223,39,19,138
1762587236.0873277,2.78511,0.06849,0.68722,-0.70306,0.66423,0.73059,260,58,13,123,41,293,97,27,223,37,32,119,230,49,10,149
1762587244.3802433,2.72917,0.06813,0.69369,-0.59915,0.67689,0.75943,260,51,17,116,62,276,99,32,264,46,33,146,209,43,8,164
1762587252.6681058,2.71609,0.06817,0.70464,-0.62419,0.62839,0.75887,272,48,22,132,63,260,116,24,252,52,37,138,237,41,10,135
1762587260.9565096,2.74946,0.06883,0.75354,-0.625,0.62768,0.74324,308,49,12,126,60,262,89,21,212,44,34,129,254,43,14,133
1762587269.243037,2.63619,0.07225,0.69935,-0.60284,0.59907,0.73494,280,50,19,110,60,244,95,24,226,51,35,117,244,47,8,116
1762587277.5353448,2.67409,0.07167,0.71047,-0.63592,0.62557,0.70213,268,50,15,116,59,252,85,16,235,49,33,121,224,56,7,136
1762587285.8522353,2.73076,0.06882,0.70683,-0.68471,0.60987,0.72936,309,58,15,116,54,253,105,13,243,43,44,116,230,51,8,147
1762587294.1275954,2.55985,0.07234,0.68153,-0.62864,0.55702,0.69267,272,55,20,124,64,262,102,19,222,45,56,133,207,56,9,151
1762587302.4298182,2.73636,0.06806,0.68553,-0.68487,0.66524,0.70071,268,59,16,134,55,282,119,20,256,38,40,132,224,50,13,134
1762587310.7207565,2.69797,0.07155,0.63956,-0.60599,0.69469,0.75773,254,64,18,119,56,238,84,23,236,39,30,147,209,37,10,132
1762587319.01775,2.80376,0.0671,0.7173,-0.68071,0.65823,0.74752,281,52,15,126,51,258,121,21,255,46,35,138,234,43,8,119
1762587327.3292904,2.69884,0.06988,0.71616,-0.66125,0.64091,0.68053,266,44,21,127,54,259,99,19,208,40,39,153,239,61,12,145
1762587335.6070647,2.69335,0.06997,0.70996,-0.61949,0.61161,0.75229,270,53,14,125,63,249,100,19,219,58,29,142,232,43,11,150
1762587343.8957238,2.7507,0.06861,0.73303,-0.59914,0.6967,0.72182,272,36,23,111,60,263,108,33,244,41,28,142,208,43,15,151
1762587352.1835685,2.65536,0.07006,0.73568,-0.63136,0.61456,0.67376,255,37,23,139,66,303,82,21,245,51,39,132,230,61,8,124
1762587360.4798586,2.68355,0.06979,0.66022,-0.63793,0.65455,0.73086,266,62,17,120,62,284,96,22,235,49,27,129,225,44,14,148
1762587368.7644234,2.75861,0.067,0.67134,-0.67257,0.6478,0.7669,261,68,14,156,57,275,103,17,260,43,41,133,244,43,7,135
1762587377.0492618,2.61138,0.07233,0.68047,-0.63348,0.58314,0.71429,288,63,18,138,64,243,118,17,224,57,32,114,200,47,8,130
1762587385.3354847,2.67846,0.07026,0.65237,-0.64807,0.61468,0.76334,246,61,16,120,60,274,110,22,227,51,33,125,225,38,13,155
1762587393.6239874,2.6324,0.07158,0.71992,-0.61822,0.59305,0.7012,301,55,16,135,62,269,104,26,191,51,31,130,222,51,11,131
1762587401.8966765,2.64187,0.07165,0.67623,-0.62667,0.62469,0.71429,285,62,17,124,60,246,120,24,215,51,25,114,222,49,11,138
1762587410.1957648,2.67046,0.06989,0.68127,-0.63636,0.62077,0.73206,282,64,16,140,61,283,86,21,240,27,57,119,225,43,13,137
1762587418.5262012,2.7529,0.06851,0.73933,-0.61884,0.67043,0.7243,247,53,5,140,55,281,97,34,224,43,30,146,219,45,14,150
1762587426.8565753,2.73273,0.07015,0.74948,-0.57971,0.70686,0.69668,280,44,16,139,65,236,91,22,242,31,31,119,198,54,10,160
1762587435.1683316,2.6349,0.07025,0.7235,-0.60254,0.61905,0.68981,246,48,12,128,65,279,100,29,275,48,44,116,215,47,20,150
1762587443.4377036,2.72034,0.06796,0.74262,-0.6492,0.62771,0.70082,277,52,9,136,53,253,109,24,241,54,32,135,254,59,14,161
1762587451.7277138,2.70661,0.06884,0.71368,-0.59918,0.63556,0.75819,276,50,18,131,78,270,121,20,228,47,35,140,192,39,9,157
1762587460.0141606,2.70458,0.07099,0.68764,-0.67667,0.6093,0.73096,262,56,16,127,45,264,99,25,220,38,46,126,198,44,9,143
1762587468.293089,2.7013,0.07179,0.70686,-0.62851,0.65534,0.71059,252,47,15,109,63,269,108,23,223,43,28,118,215,44,12,116
1762587476.567827,2.8344,0.06679,0.73278,-0.69979,0.70766,0.69417,280,48,16,135,54,293,109,17,213,38,25,155,211,50,13,138
1762587484.8537521,2.85,0.06496,0.73478,-0.68776,0.64681,0.80097,277,47,14,122,49,285,115,25,250,50,33,137,250,35,6,121
1762587493.159731,2.69918,0.07022,0.69767,-0.6162,0.64859,0.73671,253,56,9,112,65,267,112,25,258,44,37,122,205,45,7,138
1762587501.454809,2.85,0.06709,0.7573,-0.65783,0.6967,0.7561,276,39,15,115,51,244,100,20,242,37,32,144,247,44,6,113
1762587509.7380888,2.71961,0.06903,0.7395,-0.61304,0.64679,0.72028,283,47,15,131,67,276,95,22,222,41,36,137,216,50,10,153
1762587518.0136988,2.61437,0.07194,0.67234,-0.59361,0.59722,0.7512,276,60,17,117,70,255,94,19,220,51,36,125,220,42,10,146
1762587526.3083694,2.63037,0.07172,0.65577,-0.62864,0.62759,0.71838,261,65,14,119,63,269,95,20,232,40,41,122,211,52,7,149
1762587534.58667,2.68367,0.07028,0.66874,-0.64035,0.6,0.77458,252,64,16,151,62,267,107,20,214,49,34,118,224,38,9,146
1762587542.874229,2.83996,0.0662,0.77459,-0.68919,0.67111,0.70507,304,39,16,129,56,257,118,13,241,47,27,135,225,52,12,145
1762587551.1647978,2.64288,0.06956,0.69099,-0.62637,0.61123,0.71429,284,54,18,110,63,270,100,22,220,47,43,153,255,57,11,153
1762587559.4649765,2.71349,0.069,0.68288,-0.62441,0.64286,0.76334,290,62,13,108,62,251,95,18,254,48,37,137,216,42,9,164
1762587567.767709,2.71674,0.07022,0.69136,-0.6307,0.68109,0.71359,293,60,15,118,53,241,99,24,244,34,36,125,221,43,16,132
1762587576.045557,2.67249,0.06924,0.71674,-0.63147,0.58575,0.73853,285,44,22,115,64,295,99,25,239,60,33,117,235,51,6,144
1762587584.324678,2.63638,0.06984,0.73077,-0.62762,0.57447,0.70353,283,45,18,122,57,277,112,32,227,57,43,143,224,50,13,138
1762587592.615407,2.73585,0.06852,0.70894,-0.69124,0.60752,0.72816,262,47,23,149,47,260,107,20,252,49,45,133,224,48,8,132
1762587600.900777,2.71079,0.06957,0.74194,-0.62877,0.60776,0.73232,288,53,11,144,54,257,94,26,238,52,39,135,206,43,10,137
1762587609.1954913,2.7541,0.06885,0.73278,-0.63355,0.61836,0.76941,283,51,13,132,64,252,118,19,214,49,30,121,240,41,8,136
1762587617.4721267,2.62394,0.06926,0.66462,-0.67568,0.54508,0.73856,282,66,16,125,50,259,113,22,226,58,53,151,230,50,10,169
1762587625.7644184,2.6712,0.06899,0.70909,-0.62077,0.63598,0.70536,287,54,18,136,61,251,108,23,238,45,42,153,235,54,12,147
1762587634.0402653,2.7654,0.06881,0.75161,-0.62393,0.65947,0.73039,286,45,13,123,60,276,104,28,214,44,27,132,225,47,8,128
1762587642.3601086,2.85,0.06629,0.7438,-0.69752,0.68919,0.72947,295,51,11,127,47,271,105,20,250,39,30,125,236,44,12,122
1762587650.635686,2.81171,0.06814,0.73684,-0.67696,0.63348,0.76442,269,49,11,127,49,257,96,19,233,45,36,128,222,41,8,145
1762587658.9561815,2.72775,0.06952,0.70231,-0.63355,0.66055,0.73134,276,54,17,130,55,267,103,28,233,43,31,129,218,40,14,130
1762587667.2614684,2.80704,0.06672,0.72541,-0.64124,0.68539,0.755,290,45,22,131,69,279,119,18,235,44,26,140,229,41,8,122
1762587675.5653868,2.81647,0.06631,0.73824,-0.64957,0.6758,0.75286,289,45,19,136,53,280,106,29,233,40,31,134,221,45,9,162
1762587683.8559675,2.70997,0.06985,0.68421,-0.66228,0.64789,0.7156,264,58,14,120,54,285,94,23,216,53,22,135,238,48,14,136
1762587692.1491947,2.72071,0.06882,0.68064,-0.65,0.67832,0.71175,280,55,25,141,51,259,104,26,236,31,38,124,241,53,12,145
1762587700.444903,2.58065,0.07186,0.706,-0.54881,0.60766,0.71818,283,54,17,129,79,244,113,25,219,48,34,117,234,51,11,144
1762587708.734877,2.67929,0.0699,0.74066,-0.60759,0.59251,0.73853,273,43,16,123,71,280,101,22,220,46,41,120,239,45,12,140
1762587717.033095,2.76251,0.06856,0.69545,-0.64502,0.625,0.79703,249,58,9,124,59,263,117,23,223,57,27,141,230,33,8,133
1762587725.3083735,2.71362,0.06935,0.71915,-0.63755,0.62358,0.73333,267,45,21,137,54,266,109,29,218,52,31,140,220,47,9,144
1762587733.594488,2.57098,0.07296,0.63522,-0.59292,0.66204,0.6808,262,73,14,128,54,269,91,38,225,40,33,134,206,51,13,131
1762587741.8736022,2.6455,0.07127,0.70309,-0.60739,0.63169,0.70332,289,50,22,124,63,254,94,22,263,51,35,118,202,53,5,131
1762587750.1621327,2.80831,0.06854,0.7351,-0.6699,0.66292,0.74038,264,43,17,129,49,255,89,19,238,47,28,132,225,42,12,137
1762587758.453188,2.82853,0.06689,0.75869,-0.72135,0.62187,0.72662,285,39,20,145,42,275,108,20,233,50,33,123,222,49,8,138
1762587766.7414727,2.79857,0.06812,0.7173,-0.63121,0.69027,0.7598,278,51,16,129,56,257,88,22,244,34,36,138,217,39,10,142
1762587775.0452142,2.85,0.06645,0.78571,-0.66594,0.61307,0.7971,310,43,11,140,57,254,130,20,195,47,30,126,227,33,9,145
1762587783.3390696,2.63904,0.07091,0.65199,-0.64944,0.64206,0.69555,257,62,21,137,60,260,107,18,226,43,37,141,207,52,13,155
1762587791.627219,2.55287,0.07317,0.64606,-0.59748,0.63256,0.67677,274,64,19,112,72,265,116,24,231,45,34,120,219,51,13,113
1762587799.9135625,2.66883,0.07074,0.70082,-0.65179,0.63801,0.67822,285,50,23,130,56,269,101,22,233,54,26,129,209,46,19,130
1762587808.2217581,2.73724,0.07038,0.68602,-0.68791,0.59611,0.7672,289,56,17,103,53,281,103,18,208,39,44,120,208,36,8,126
1762587816.5253797,2.65627,0.07107,0.68511,-0.59361,0.66742,0.71014,272,58,16,124,65,234,115,24,233,36,38,138,213,50,10,141
1762587824.8275442,2.82005,0.06666,0.7556,-0.65919,0.6732,0.73206,292,45,15,139,55,270,100,21,250,40,35,134,201,47,9,161
1762587833.1161897,2.72768,0.06899,0.69265,-0.65533,0.67382,0.70588,261,44,25,119,59,265,100,17,235,39,37,155,227,58,7,150
1762587841.422476,2.65242,0.07109,0.71546,-0.64731,0.6087,0.68095,289,45,24,127,59,272,111,23,217,46,35,116,227,58,9,126
1762587849.7149022,2.6396,0.07093,0.68928,-0.63011,0.60177,0.71845,259,52,19,127,64,260,119,22,244,49,41,118,212,49,9,142
1762587858.0049813,2.7733,0.06816,0.73778,-0.66449,0.6125,0.75853,275,46,13,116,53,285,97,24,246,52,41,141,190,37,9,145
1762587866.2798836,2.73178,0.06985,0.725,-0.62963,0.64186,0.73529,287,50,16,127,57,254,98,23,216,38,39,137,233,44,10,121
1762587874.5854356,2.59247,0.07198,0.69745,-0.62555,0.58182,0.68766,305,66,11,127,69,266,103,16,217,54,38,131,210,52,10,125
1762587882.868242,2.58684,0.07029,0.65574,-0.67111,0.54936,0.71064,265,64,20,139,47,274,102,27,223,56,49,138,248,56,12,154
1762587891.146829,2.6899,0.07149,0.62864,-0.6259,0.69343,0.74194,248,58,25,116,56,240,99,22,227,31,32,121,223,45,11,155
1762587899.4580424,2.67924,0.07092,0.73392,-0.61746,0.63591,0.69194,272,50,10,119,69,272,117,23,200,42,31,128,214,50,15,143
1762587907.7519712,2.66022,0.07023,0.67304,-0.61331,0.63679,0.73709,280,60,17,114,61,272,116,32,207,41,36,140,222,43,13,148
1762587916.0399854,2.59651,0.07124,0.6468,-0.55459,0.64454,0.75059,253,59,21,120,68,247,109,34,259,49,34,125,235,45,8,137
1762587924.3190556,2.64016,0.06978,0.69168,-0.60752,0.59725,0.74371,297,59,17,120,70,280,105,24,227,48,40,122,230,47,9,151
1762587932.6019094,2.80624,0.06665,0.7165,-0.64017,0.67773,0.77184,323,53,20,119,61,285,107,25,240,44,24,114,224,42,5,141
1762587940.886147,2.75324,0.06853,0.71616,-0.65022,0.62128,0.76559,271,54,11,122,60,271,97,18,239,54,35,142,231,33,14,123
1762587949.1771455,2.59098,0.07191,0.68571,-0.66968,0.57207,0.66351,290,65,12,123,55,278,91,18,209,50,45,140,214,55,16,137
1762587957.4581673,2.70163,0.07142,0.67053,-0.6652,0.63121,0.73469,256,57,14,104,53,283,95,23,214,45,33,131,188,49,3,152
1762587965.7446325,2.66552,0.07086,0.65967,-0.65702,0.64407,0.70476,252,58,15,104,63,272,100,14,244,49,35,144,214,53,9,144
1762587974.0375636,2.73591,0.07009,0.73913,-0.61305,0.63883,0.7449,274,40,20,126,65,243,103,18,236,47,33,127,208,40,10,134
1762587982.340544,2.80478,0.06653,0.75,-0.62208,0.67111,0.76159,266,46,10,126,57,274,108,32,235,40,34,141,234,49,5,165
1762587990.638557,2.60844,0.07084,0.69161,-0.60321,0.61945,0.69417,253,50,18,120,66,300,100,33,242,52,38,141,209,46,17,140
1762587998.9727795,2.63753,0.07017,0.66446,-0.60262,0.62397,0.74648,259,56,20,118,75,263,104,16,243,51,40,150,223,45,9,149
1762588007.2800124,2.71166,0.07028,0.73474,-0.61593,0.67177,0.68922,289,46,17,123,59,234,111,23,237,45,30,145,196,55,7,141
1762588015.5565739,2.74204,0.06991,0.67907,-0.67117,0.63218,0.75962,244,53,16,117,53,273,98,20,242,39,41,113,228,44,6,138
1762588023.844877,2.7443,0.0693,0.76703,-0.61485,0.65079,0.71163,265,44,9,137,62,262,86,21,235,44,33,129,227,58,4,141
1762588032.1461625,2.67783,0.0697,0.66197,-0.63676,0.66282,0.71628,280,71,13,133,58,272,102,25,234,43,30,126,227,51,10,142
1762588040.4514897,2.6903,0.07138,0.7129,-0.66204,0.61098,0.70439,255,44,15,97,56,238,121,17,225,55,30,127,223,47,17,146
1762588048.749633,2.71453,0.06884,0.73695,-0.60179,0.60889,0.7669,284,48,15,132,65,257,101,24,243,52,36,119,222,39,11,157
1762588057.0519962,2.71204,0.06971,0.64944,-0.71494,0.64811,0.69955,249,57,21,118,47,259,114,15,230,46,33,140,240,55,12,139
1762588065.337033,2.69516,0.06928,0.69674,-0.63478,0.63636,0.72727,304,65,14,138,64,274,102,20,229,42,36,122,229,41,16,132
1762588073.6102126,2.82363,0.06731,0.75225,-0.65647,0.68129,0.73362,253,40,15,136,53,253,99,20,223,36,33,141,249,52,11,161
1762588081.890676,2.65226,0.07181,0.67094,-0.6674,0.57033,0.74359,267,59,18,124,55,278,103,21,197,48,36,110,237,45,10,137
1762588090.2129073,2.61765,0.07282,0.75111,-0.56968,0.54394,0.75291,276,46,10,118,64,223,98,24,206,53,43,119,230,45,8,146
1762588098.4869504,2.62076,0.07202,0.67667,-0.60345,0.61468,0.72596,236,52,18,127,69,270,102,23,234,46,38,118,217,48,9,142
1762588106.7715454,2.6396,0.07136,0.68789,-0.6408,0.60648,0.70443,276,58,18,135,61,256,114,20,230,40,45,117,211,46,14,135
1762588115.0591428,2.71216,0.06849,0.69456,-0.59382,0.66812,0.75566,281,55,18,124,69,265,96,23,246,48,28,136,236,45,9,152
1762588123.3512294,2.70377,0.071,0.71875,-0.61751,0.62061,0.7469,267,49,14,118,55,268,83,28,233,54,27,113,221,44,7,131
1762588131.6446507,2.6656,0.07001,0.68067,-0.67059,0.59382,0.72052,245,57,19,155,50,243,112,20,225,51,41,136,236,53,11,158
1762588139.9294047,2.54585,0.07336,0.65427,-0.59091,0.59149,0.70918,250,61,18,128,57,251,99,33,228,60,36,146,209,47,10,126
1762588148.2221253,2.67261,0.06896,0.66415,-0.61555,0.66452,0.7284,308,67,22,133,61,276,98,28,243,49,29,144,211,47,8,139
1762588156.5253239,2.56957,0.07384,0.6476,-0.60641,0.59242,0.72315,262,58,19,98,62,255,96,24,224,55,31,112,222,49,9,139
1762588164.8209884,2.63911,0.07159,0.70136,-0.58887,0.62931,0.71958,275,51,15,101,75,276,95,21,236,51,35,142,189,44,9,136
1762588173.1059816,2.65087,0.07132,0.70175,-0.64967,0.61137,0.68807,276,51,17,112,57,267,105,22,221,45,37,119,207,57,11,161
1762588181.3927362,2.7525,0.06711,0.65812,-0.6882,0.66031,0.74588,267,60,20,121,46,279,100,24,277,52,37,158,224,41,13,147
1762588189.709181,2.74525,0.06912,0.72146,-0.60563,0.71908,0.69907,252,42,19,125,61,254,88,23,260,40,27,150,222,50,15,145
1762588198.054831,2.73089,0.06973,0.66816,-0.68514,0.62759,0.75,257,58,16,115,51,300,80,20,225,55,26,129,225,40,12,139
1762588206.3421428,2.83151,0.06827,0.72506,-0.67667,0.68039,0.7494,253,44,18,136,47,251,112,23,228,32,34,119,230,40,12,133
1762588214.6489046,2.85,0.06605,0.71831,-0.70576,0.6788,0.75644,262,44,16,104,53,299,101,16,248,42,33,144,235,43,9,140
1762588222.9555914,2.79072,0.06892,0.70404,-0.67925,0.63193,0.77551,252,55,11,128,50,248,108,18,222,52,31,146,199,33,11,149
1762588231.2457142,2.76236,0.06801,0.72803,-0.65843,0.68898,0.68692,277,51,14,136,57,271,98,19,265,42,30,126,228,50,17,133
1762588239.515474,2.77893,0.06856,0.67312,-0.6764,0.64846,0.78095,286,63,13,103,50,260,113,22,227,42,32,120,224,37,9,150
1762588247.8217194,2.80046,0.06738,0.72211,-0.67797,0.7037,0.69668,264,47,19,145,54,274,122,22,223,34,30,145,227,44,20,131
1762588256.110148,2.71628,0.06865,0.64957,-0.65044,0.64905,0.76722,269,57,25,117,53,269,104,26,241,45,38,149,229,40,9,143
1762588264.4150462,2.71758,0.06907,0.66667,-0.68996,0.62031,0.74065,275,58,23,130,48,279,108,23,226,43,43,141,229,40,12,120
1762588272.7005572,2.54627,0.0742,0.65929,-0.6087,0.57143,0.70686,256,56,21,119,50,238,95,31,214,55,38,127,223,57,5,138
1762588280.9853563,2.66261,0.06915,0.7484,-0.61711,0.55274,0.74436,278,38,21,132,66,287,110,28,233,58,48,135,216,40,11,132
1762588289.278626,2.6615,0.07247,0.74239,-0.642,0.57447,0.70264,273,43,12,99,59,240,104,16,225,67,23,108,230,45,17,125
1762588297.5596921,2.76542,0.06948,0.72939,-0.66184,0.6619,0.7123,279,55,9,130,55,252,92,15,216,40,31,133,216,49,13,153
1762588305.881052,2.68795,0.06927,0.67432,-0.67136,0.63043,0.71183,262,67,11,139,53,239,117,17,240,51,34,135,244,56,11,154
1762588314.1781912,2.65533,0.07179,0.66173,-0.66038,0.625,0.70822,265,55,25,128,46,251,101,26,250,54,33,127,207,46,9,115
1762588322.458254,2.73898,0.06872,0.7395,-0.6347,0.61991,0.74487,273,51,11,141,57,253,105,23,237,47,37,121,224,49,7,159
1762588330.7412982,2.74653,0.0681,0.74468,-0.6269,0.69365,0.68129,285,50,10,125,63,270,105,23,251,48,22,136,213,52,17,151
1762588339.0395997,2.82048,0.06896,0.72113,-0.71296,0.66029,0.7261,276,50,14,119,43,272,98,19,223,44,27,124,209,44,9,125
1762588347.325169,2.7284,0.06921,0.71734,-0.66942,0.61928,0.72235,276,47,19,125,65,281,123,15,197,47,32,139,221,48,11,145
1762588355.6078522,2.72153,0.07004,0.73913,-0.61161,0.62745,0.74334,288,48,15,132,67,260,101,20,211,51,25,121,221,48,5,139
1762588363.89451,2.671,0.07231,0.70203,-0.64653,0.625,0.69744,255,51,15,122,58,267,101,21,218,49,29,120,206,47,12,125
1762588372.2043955,2.70129,0.0698,0.69014,-0.66102,0.6046,0.74554,241,46,20,119,60,283,109,20,214,45,41,135,248,46,11,143
1762588380.493232,2.69079,0.07076,0.67391,-0.6215,0.66591,0.72947,261,58,17,124,60,252,95,21,233,42,32,136,215,44,12,143
1762588388.7944925,2.67966,0.07012,0.6518,-0.6785,0.66667,0.68269,266,65,17,123,54,293,109,23,236,39,33,124,218,56,10,132
1762588397.089809,2.67798,0.07012,0.67606,-0.6351,0.64682,0.72,246,53,16,111,54,269,85,25,256,41,45,145,207,50,13,180
1762588405.3845007,2.7167,0.07052,0.66741,-0.63964,0.68019,0.72947,259,53,22,117,51,251,113,29,226,41,26,126,212,47,9,146
1762588413.6898537,2.75327,0.06963,0.69957,-0.65278,0.68664,0.71429,277,54,16,119,52,260,97,23,220,45,23,146,213,46,12,135
1762588421.976194,2.60129,0.07128,0.64629,-0.65548,0.61506,0.68445,250,53,28,127,57,253,117,20,250,49,43,136,221,58,10,142
1762588430.2713575,2.77374,0.06859,0.76735,-0.65977,0.61798,0.72864,305,40,17,128,47,263,98,27,223,44,41,137,209,42,12,135
1762588438.5944774,2.7158,0.06956,0.6913,-0.64384,0.67627,0.70439,272,53,18,117,56,282,78,22,240,43,30,138,223,54,10,146
1762588446.9299114,2.6819,0.07227,0.70843,-0.6009,0.61702,0.75556,245,50,14,130,68,271,86,21,220,43,38,122,184,35,9,132
1762588455.212767,2.69423,0.0696,0.69845,-0.67544,0.60606,0.71429,246,50,18,137,54,275,107,20,248,49,42,123,226,51,10,140
1762588463.5029235,2.66504,0.07066,0.65142,-0.67048,0.63014,0.713,239,60,20,140,54,252,113,18,224,51,30,133,245,53,11,137
1762588471.7908783,2.68191,0.07003,0.68696,-0.6,0.6681,0.72685,265,53,19,123,67,266,82,20,247,45,32,140,240,47,12,133
1762588480.075698,2.85,0.06459,0.73361,-0.67951,0.68559,0.76471,291,47,18,132,54,308,106,25,252,40,32,134,237,45,5,138
1762588488.3725247,2.69282,0.0703,0.68192,-0.6652,0.62945,0.71625,254,54,19,132,53,263,115,23,223,48,30,120,229,53,9,146
1762588496.650676,2.81995,0.06716,0.70265,-0.67,0.67521,0.77209,284,50,23,134,48,237,97,18,251,38,38,141,235,43,6,146
1762588504.9344983,2.6894,0.06929,0.66797,-0.67281,0.6298,0.71882,296,65,20,131,50,259,104,21,229,49,33,132,226,51,11,153
1762588513.2378829,2.8122,0.06794,0.74661,-0.67785,0.64681,0.74093,284,40,16,102,49,275,100,23,239,50,33,148,214,32,18,122
1762588521.5228128,2.7765,0.06974,0.68826,-0.69077,0.595,0.80247,266,56,21,151,43,242,97,19,201,47,34,118,229,36,4,136
1762588529.8164313,2.69382,0.06974,0.72489,-0.63755,0.62996,0.70142,283,43,20,112,65,266,109,18,239,54,30,131,233,48,15,126
1762588538.1261814,2.68222,0.06937,0.70577,-0.64378,0.60092,0.73176,286,62,12,143,58,279,104,25,214,55,32,135,222,45,12,146
1762588546.4198177,2.60038,0.07097,0.6849,-0.55508,0.61039,0.75,259,50,22,126,72,252,115,33,230,51,39,142,231,42,10,133
1762588554.7092881,2.68504,0.06985,0.65975,-0.63711,0.6789,0.70927,269,68,14,131,64,274,123,24,226,41,29,140,207,51,7,134
1762588563.0084333,2.68433,0.06991,0.73043,-0.61098,0.65727,0.68565,270,43,19,128,65,248,104,20,239,45,34,143,223,56,13,147
1762588571.3042276,2.6951,0.06944,0.72727,-0.6307,0.61441,0.72273,283,54,12,135,50,239,101,27,249,46,45,132,235,54,7,144
1762588579.590817,2.73443,0.06952,0.74304,-0.6347,0.64371,0.71298,287,47,13,120,56,250,108,24,199,37,38,147,219,50,13,157
1762588587.896568,2.71174,0.06898,0.70259,-0.69845,0.58475,0.72596,271,54,15,124,51,276,107,17,244,59,39,130,211,44,13,148
1762588596.2057626,2.71801,0.07053,0.65455,-0.62529,0.66359,0.77458,248,56,20,116,57,246,101,23,231,38,35,130,233,35,12,137
1762588604.4917946,2.66553,0.07093,0.69787,-0.60168,0.67633,0.68966,266,55,16,133,74,277,105,21,218,32,35,129,200,54,9,143
1762588612.7672412,2.74996,0.0697,0.75621,-0.60274,0.67742,0.71359,285,39,15,104,60,244,107,27,209,43,27,155,230,48,11,123
1762588621.052357,2.71157,0.06986,0.72301,-0.63224,0.65854,0.69778,295,55,13,128,53,217,107,20,251,44,33,123,239,59,9,143
1762588629.3309262,2.70935,0.06929,0.6967,-0.66972,0.61074,0.73218,257,50,19,129,50,269,95,22,240,51,36,120,245,51,11,156
1762588637.612355,2.7518,0.06773,0.6834,-0.63362,0.68539,0.74939,303,63,19,133,63,270,109,22,229,44,26,146,216,44,7,140
1762588645.9092443,2.84211,0.06759,0.71134,-0.73113,0.68734,0.7123,294,52,18,121,43,256,111,14,220,24,39,120,222,50,12,147
1762588654.1973994,2.53833,0.07396,0.64135,-0.53253,0.69128,0.67317,262,70,15,127,70,214,104,27,244,37,32,134,226,53,14,117
1762588662.4808972,2.66224,0.07104,0.67946,-0.65126,0.61435,0.71717,263,52,19,109,57,296,97,26,226,40,46,134,201,49,7,139
1762588670.7807086,2.60941,0.07249,0.67654,-0.6689,0.57619,0.68778,256,50,21,112,54,248,125,20,220,55,34,111,209,57,12,164
1762588679.1113126,2.75583,0.06833,0.6748,-0.70337,0.65639,0.72127,265,62,18,147,46,257,122,20,263,39,39,113,212,47,10,140
1762588687.4191263,2.64128,0.07046,0.68354,-0.65476,0.6,0.70297,270,53,22,129,62,293,124,25,215,53,35,137,209,46,14,135
1762588695.6906424,2.72225,0.06771,0.66469,-0.66446,0.60606,0.78704,293,62,23,129,60,271,106,16,236,51,40,135,227,38,8,159
1762588703.960497,2.74324,0.06995,0.70485,-0.61818,0.71167,0.70854,271,54,13,116,55,256,100,29,236,41,22,138,191,47,11,149
1762588712.258487,2.65028,0.07042,0.69058,-0.67529,0.57588,0.70852,245,52,17,132,50,247,109,19,246,60,42,133,235,54,11,146
1762588720.5575306,2.72206,0.0685,0.72289,-0.70276,0.59641,0.7,294,53,16,135,47,273,128,23,227,55,35,129,217,53,10,140
1762588728.8609855,2.72575,0.06905,0.73085,-0.63239,0.60829,0.75422,298,45,20,120,64,273,100,20,215,51,34,134,232,41,10,132
1762588737.1538072,2.63497,0.06929,0.6888,-0.60784,0.59167,0.74667,262,55,20,145,65,260,109,25,227,60,38,155,241,46,11,152
1762588745.4334369,2.61718,0.0724,0.71116,-0.56398,0.64115,0.70089,264,50,16,127,64,235,95,28,228,47,28,115,242,57,10,139
1762588753.731612,2.72311,0.06887,0.72558,-0.6,0.63482,0.76271,265,42,17,106,63,270,106,31,250,52,34,135,216,43,6,148
1762588762.0383053,2.63028,0.07112,0.72247,-0.65022,0.55305,0.70455,266,45,18,125,54,274,94,24,214,57,42,130,239,58,7,136
1762588770.3102162,2.80096,0.06845,0.72926,-0.69451,0.61991,0.75728,282,41,21,114,47,258,97,17,242,50,34,116,209,38,12,153
1762588778.6052177,2.55295,0.07279,0.61122,-0.65939,0.63677,0.64557,265,79,18,137,62,261,119,16,248,39,42,117,205,57,13,120
1762588786.890978,2.7229,0.07026,0.68559,-0.66667,0.6682,0.70244,268,47,25,118,57,258,107,16,244,46,26,118,216,48,13,133
1762588795.2073777,2.65567,0.07214,0.6962,-0.57176,0.64593,0.74177,266,47,25,136,66,231,103,25,235,37,37,109,222,41,10,122
1762588803.5118766,2.67763,0.07114,0.72082,-0.62061,0.61682,0.71938,251,45,16,125,56,247,99,25,238,50,32,108,250,52,11,136
1762588811.824281,2.83288,0.0676,0.71047,-0.68019,0.67593,0.76629,263,49,16,121,46,260,92,21,235,39,31,127,225,38,14,168
1762588820.1201293,2.67749,0.06961,0.69841,-0.62771,0.61305,0.73832,295,59,17,133,58,259,117,28,229,48,35,117,229,45,11,143
1762588828.4013205,2.69376,0.07208,0.74348,-0.60859,0.64938,0.69231,266,42,17,135,61,243,94,21,226,44,27,108,231,53,9,110
1762588836.6828249,2.69011,0.06788,0.69804,-0.65217,0.6122,0.7277,292,57,20,141,58,308,110,30,239,50,39,131,220,48,10,148
1762588844.9821498,2.77839,0.06691,0.67611,-0.69231,0.67105,0.73892,293,63,17,121,54,293,125,22,242,37,38,139,207,44,9,146
1762588853.292782,2.73742,0.06692,0.69032,-0.62683,0.67623,0.74403,268,60,12,125,66,282,106,23,261,44,35,148,234,53,6,168
1762588861.5737355,2.75315,0.06868,0.72399,-0.66809,0.64454,0.71654,276,46,19,130,58,284,108,20,256,44,39,128,205,47,7,122
1762588869.8669708,2.62075,0.07059,0.70815,-0.63514,0.61079,0.66667,266,52,16,132,56,260,103,25,275,48,53,143,191,61,7,149
1762588878.1610808,2.67578,0.07167,0.68807,-0.64423,0.61663,0.72685,243,56,12,125,55,244,98,19,219,41,42,131,233,49,10,140
1762588886.4436758,2.7202,0.06999,0.71689,-0.64606,0.62358,0.73367,256,43,19,120,56,288,98,27,218,43,40,140,212,41,12,133
1762588894.738889,2.7431,0.06974,0.73077,-0.63877,0.65548,0.71809,279,54,9,126,55,256,116,27,234,42,35,136,192,42,11,131
1762588903.0373406,2.73638,0.06871,0.69384,-0.63554,0.66282,0.74419,297,57,20,129,57,257,102,23,234,43,30,126,214,45,10,161
1762588911.337909,2.76298,0.06841,0.6871,-0.65138,0.67281,0.75169,285,55,19,114,54,255,105,22,216,45,26,147,213,49,6,175
1762588919.636465,2.72684,0.06885,0.70179,-0.59447,0.6696,0.76098,284,52,23,144,63,242,104,25,237,45,30,142,219,46,3,142
1762588927.9129157,2.55684,0.07303,0.65563,-0.62759,0.54881,0.72482,260,61,17,115,53,263,91,28,225,56,48,132,235,47,9,116
1762588936.222039,2.76725,0.06683,0.71429,-0.63598,0.62727,0.78971,301,51,19,119,61,281,110,26,232,46,36,126,240,40,7,160
1762588944.5048761,2.63786,0.07168,0.65605,-0.63274,0.6368,0.71226,277,65,16,113,57,268,101,26,221,37,38,117,211,51,10,152
1762588952.8232048,2.64051,0.07092,0.67421,-0.59219,0.66809,0.70602,259,57,15,111,66,261,106,28,249,43,35,143,220,49,12,134
1762588961.1047974,2.68097,0.06841,0.7037,-0.6,0.64427,0.733,276,52,20,138,62,283,105,35,275,53,37,141,215,45,8,129
1762588969.3785005,2.5787,0.07286,0.64979,-0.62376,0.59606,0.70909,258,62,21,133,71,300,110,24,201,43,39,123,187,43,13,142
1762588977.684011,2.60934,0.0719,0.69421,-0.60998,0.62998,0.67517,282,47,27,128,59,260,95,27,207,45,34,141,232,58,12,129
1762588985.971624,2.73178,0.06937,0.69907,-0.66887,0.61987,0.74396,253,47,18,114,53,274,104,22,231,41,47,144,245,39,14,116
1762588994.2707326,2.69752,0.07026,0.68421,-0.61593,0.63158,0.76581,285,63,15,131,59,245,100,23,198,43,34,143,229,43,7,148
1762589002.5765352,2.78711,0.06871,0.75914,-0.6247,0.67965,0.72362,276,37,19,133,54,240,102,25,246,43,31,142,205,42,13,138
1762589010.861636,2.73982,0.06797,0.72354,-0.64756,0.62551,0.74321,275,50,14,124,59,289,99,24,254,55,36,141,208,44,8,145
1762589019.183574,2.52364,0.07347,0.76765,-0.51927,0.55814,0.67857,262,41,10,126,73,246,89,33,207,52,43,128,239,57,15,137
1762589027.4913986,2.67983,0.06902,0.70947,-0.64754,0.55756,0.76526,288,54,15,118,62,305,97,24,225,48,50,120,230,46,4,146
1762589035.7755241,2.6901,0.0698,0.67579,-0.69133,0.59441,0.72857,301,55,22,97,50,311,89,23,222,45,42,120,221,45,12,142
1762589044.0679743,2.82778,0.06619,0.71784,-0.67073,0.66093,0.77827,283,49,19,131,56,292,119,25,214,38,31,124,261,43,7,140
1762589052.3880167,2.5919,0.0726,0.66667,-0.60262,0.59815,0.72447,250,58,15,115,69,263,104,22,221,48,39,125,224,51,7,139
1762589060.6725478,2.68488,0.06975,0.63839,-0.66452,0.63136,0.75061,254,63,18,113,50,275,112,28,238,40,47,147,217,42,9,141
1762589068.9708638,2.59743,0.073,0.65532,-0.64732,0.54479,0.75,260,65,16,129,62,284,85,17,199,60,34,120,217,41,8,126
1762589077.2748206,2.77296,0.0693,0.67556,-0.70575,0.65728,0.73438,274,52,27,134,41,242,129,23,219,45,28,134,204,43,8,129
1762589085.5743926,2.72316,0.07046,0.71983,-0.58974,0.7,0.71359,268,56,9,131,65,253,88,23,234,41,22,123,220,50,9,133
1762589093.8866434,2.69587,0.06997,0.7397,-0.57518,0.62917,0.75182,266,50,10,135,56,244,86,33,252,50,39,139,212,43,8,148
1762589102.1853979,2.77633,0.06771,0.74728,-0.67865,0.63805,0.71236,274,49,9,127,50,283,114,26,232,38,40,121,230,49,15,151
1762589110.4777627,2.73617,0.06811,0.71308,-0.67865,0.66516,0.67929,273,52,16,133,54,274,123,22,243,42,32,125,211,64,8,166
1762589118.7743013,2.72504,0.06834,0.72908,-0.63559,0.65702,0.70335,303,49,19,131,60,284,102,26,227,44,33,145,227,42,20,129
1762589127.0506613,2.67505,0.0717,0.67171,-0.67366,0.66216,0.66752,260,57,19,127,49,278,81,21,222,39,36,147,196,51,14,130
1762589135.3428388,2.65039,0.07046,0.74897,-0.59645,0.61039,0.69458,284,47,14,141,61,267,93,30,231,51,39,141,210,51,11,134
1762589143.645387,2.68646,0.07171,0.72807,-0.63111,0.61682,0.71046,248,49,13,146,56,268,99,27,235,40,42,111,195,40,14,124
1762589151.9358826,2.65144,0.07183,0.72851,-0.62138,0.62054,0.68101,254,47,13,128,52,257,107,33,235,48,37,128,194,47,16,138
1762589160.2369895,2.74483,0.06912,0.75115,-0.60532,0.67544,0.71292,265,43,11,115,69,266,96,20,250,44,30,132,221,51,9,137
1762589168.5234656,2.75967,0.06869,0.70961,-0.62363,0.68322,0.74321,288,61,10,130,62,268,103,24,232,40,27,124,224,42,10,129
1762589176.807599,2.72303,0.0691,0.66871,-0.70387,0.65142,0.69903,279,55,26,129,45,277,97,20,250,40,40,129,225,50,12,125
1762589185.1078207,2.7474,0.06863,0.64803,-0.67382,0.69515,0.73039,297,64,21,101,55,277,113,21,237,26,40,130,206,41,14,147
1762589193.4046986,2.81461,0.06759,0.74702,-0.67177,0.69128,0.70455,244,41,12,122,55,262,120,20,232,42,27,146,220,55,10,155
1762589201.6860425,2.68694,0.07038,0.71116,-0.63877,0.65179,0.68523,278,52,14,113,57,275,97,25,235,46,32,135,213,50,15,135
1762589209.976249,2.74114,0.06893,0.69068,-0.67865,0.65753,0.71429,270,53,20,129,54,292,105,22,225,40,35,138,209,49,9,139
1762589218.2919962,2.82734,0.06709,0.73278,-0.72574,0.64532,0.7235,294,42,22,121,47,277,132,18,210,40,32,124,233,50,10,141
1762589226.595018,2.67813,0.07002,0.6626,-0.66359,0.63964,0.7123,289,62,21,120,56,246,115,17,220,39,41,144,213,49,13,156
1762589234.8733265,2.66224,0.07035,0.68465,-0.67028,0.61842,0.68889,289,63,13,117,49,269,116,27,236,53,34,133,219,52,11,123
1762589243.1699033,2.68779,0.06998,0.75417,-0.66055,0.5819,0.69118,282,42,17,139,50,260,102,24,223,55,42,144,212,46,17,133
1762589251.4624119,2.63033,0.0715,0.63441,-0.639,0.66893,0.68798,277,66,19,103,59,285,110,28,241,46,27,127,204,43,18,126
1762589259.74899,2.66453,0.07128,0.67033,-0.6068,0.66376,0.72365,255,56,19,125,55,234,97,26,235,43,34,146,243,47,12,125
1762589268.0610635,2.55831,0.07143,0.69456,-0.54786,0.61638,0.69951,276,56,17,129,76,271,109,35,246,53,36,129,220,52,9,125
1762589276.34198,2.68671,0.07087,0.6886,-0.67556,0.64317,0.67939,268,54,17,117,55,265,112,18,227,48,33,146,200,54,9,130
1762589284.6704094,2.81648,0.06729,0.73307,-0.69978,0.642,0.74163,305,45,22,130,53,277,108,15,229,40,35,115,221,48,6,143
1762589292.9600234,2.79376,0.06761,0.7437,-0.6644,0.65199,0.73367,269,45,16,146,53,259,108,21,246,51,32,148,208,44,9,137
1762589301.2611547,2.5854,0.07216,0.63983,-0.61187,0.62727,0.70642,251,72,13,136,63,237,116,22,232,41,41,126,215,57,7,157
1762589309.5380065,2.7262,0.07057,0.70485,-0.69737,0.60377,0.72021,263,51,16,124,54,275,112,15,215,46,38,125,182,48,6,150
1762589317.8410857,2.77729,0.0682,0.73805,-0.63927,0.68636,0.71362,282,49,14,136,54,267,92,25,232,45,24,139,236,53,8,129
1762589326.147825,2.78208,0.06724,0.65854,-0.64957,0.69365,0.78032,261,53,24,113,57,278,108,25,245,36,34,142,237,39,9,152
1762589334.4607732,2.79909,0.06796,0.70213,-0.67401,0.67043,0.75253,271,53,17,129,52,276,104,22,245,42,31,125,206,36,13,141
1762589342.779615,2.61927,0.07182,0.71881,-0.54067,0.60557,0.75422,296,61,10,138,70,224,98,26,221,46,39,125,242,44,7,122
1762589351.0816798,2.82625,0.06693,0.72566,-0.7437,0.62584,0.73105,259,48,14,131,43,303,112,18,224,44,40,141,212,45,10,142
1762589359.4062388,2.77934,0.06668,0.72458,-0.61983,0.66887,0.76606,300,50,15,107,63,280,112,29,235,43,32,143,224,39,12,161
1762589367.7222161,2.62942,0.07218,0.70213,-0.66953,0.5792,0.67857,265,54,16,135,58,255,134,19,215,51,38,119,199,55,8,130
1762589376.0210338,2.63165,0.07065,0.69352,-0.61792,0.60262,0.71759,272,56,22,159,56,252,91,25,246,53,38,121,235,46,15,136
1762589384.306237,2.66674,0.07179,0.75446,-0.61502,0.63592,0.66133,284,46,9,109,60,243,101,22,198,40,35,139,218,61,13,145
1762589392.6000621,2.64557,0.07122,0.73705,-0.61446,0.58562,0.70844,295,47,19,141,59,234,101,21,231,61,37,144,212,50,7,122
1762589400.889945,2.57952,0.0717,0.70323,-0.59488,0.61098,0.67043,279,48,21,117,64,272,102,31,235,52,33,117,230,57,16,140
1762589409.1863303,2.74825,0.06737,0.70642,-0.67249,0.63039,0.73895,253,52,12,119,55,272,111,20,264,53,37,133,262,56,6,151
1762589417.4798455,2.78189,0.06742,0.71008,-0.62031,0.67965,0.77184,283,58,11,124,63,267,100,23,237,46,28,151,219,39,8,146
1762589425.76066,2.80081,0.06705,0.76321,-0.60976,0.67265,0.7552,280,36,20,137,68,241,122,20,243,43,30,130,218,50,3,162
1762589434.0407748,2.72654,0.06844,0.72385,-0.61991,0.64026,0.74253,281,49,17,131,54,263,95,30,261,52,32,122,244,49,7,135
1762589442.310354,2.65194,0.07064,0.63522,-0.61348,0.62125,0.78199,260,62,25,130,64,259,100,22,229,47,35,122,248,40,6,128
1762589450.5943482,2.64463,0.07134,0.70842,-0.58354,0.64679,0.70588,293,47,24,123,61,239,88,25,219,48,29,140,245,58,7,132
1762589458.9332912,2.64634,0.07117,0.66906,-0.63326,0.68254,0.66147,240,47,22,108,59,288,95,27,237,47,23,134,228,64,12,145
1762589467.228774,2.72782,0.07059,0.69438,-0.64653,0.65196,0.73494,264,53,15,113,60,266,102,19,224,43,28,113,221,42,13,139
1762589475.5355372,2.67295,0.07059,0.66597,-0.66744,0.61803,0.72152,276,55,25,123,50,259,102,22,224,53,36,153,196,45,10,144
1762589483.8376548,2.61569,0.06929,0.75102,-0.59836,0.55876,0.70755,285,37,24,144,63,296,94,35,239,61,46,139,237,52,10,125
1762589492.1223166,2.61687,0.07197,0.67647,-0.59545,0.62998,0.71496,260,54,23,139,60,250,101,29,227,43,36,121,219,49,11,142
1762589500.4135635,2.71658,0.0698,0.65739,-0.65919,0.66667,0.73333,262,60,20,125,58,263,107,18,241,39,38,144,199,44,8,139
1762589508.7013195,2.73269,0.06859,0.71554,-0.64551,0.6696,0.70203,251,50,15,141,59,241,135,22,240,38,37,139,236,50,16,141
1762589516.9959424,2.76069,0.06804,0.7438,-0.62801,0.62812,0.76077,288,45,17,134,54,271,101,31,218,56,26,141,220,40,10,148
1762589525.2747796,2.74251,0.06806,0.69811,-0.59494,0.68304,0.76642,271,51,21,134,64,277,101,32,231,54,17,146,216,43,5,147
1762589533.5749264,2.64185,0.07185,0.68692,-0.66216,0.49765,0.79512,251,49,18,110,51,269,100,24,192,55,52,127,240,35,7,128
1762589541.8434486,2.60124,0.07253,0.65385,-0.66591,0.5644,0.71707,260,56,25,127,50,244,125,24,202,56,37,132,217,46,12,135
1762589550.141624,2.69708,0.06914,0.7011,-0.59259,0.63594,0.76744,271,57,11,116,70,279,108,29,221,42,37,134,221,39,11,159
1762589558.4479609,2.69156,0.06969,0.70021,-0.61435,0.64889,0.72811,269,54,16,128,61,270,90,25,213,47,32,158,232,49,10,143
1762589566.7341425,2.70183,0.06921,0.68267,-0.625,0.65421,0.73995,258,55,21,145,66,284,106,24,226,44,30,128,232,42,13,136
1762589575.0311122,2.66689,0.06931,0.74104,-0.62041,0.60544,0.7,289,44,21,148,71,282,115,22,236,44,43,118,218,52,11,139
1762589583.3247433,2.59865,0.07197,0.69957,-0.56652,0.62469,0.70787,275,55,15,121,75,254,111,26,212,43,33,117,243,55,10,137
1762589591.606715,2.6735,0.06968,0.68191,-0.64103,0.58824,0.76233,267,59,21,156,53,246,106,24,226,47,44,125,244,45,8,149
1762589599.8819067,2.71271,0.06964,0.69053,-0.62473,0.61276,0.78469,256,44,23,110,59,255,126,29,228,53,32,126,240,33,12,133
1762589608.1847026,2.53449,0.07484,0.67281,-0.60175,0.58891,0.67102,262,50,21,101,63,281,85,28,236,46,43,108,196,55,8,124
1762589616.476951,2.79891,0.06726,0.75052,-0.61304,0.68534,0.75,286,45,15,135,56,252,119,33,240,46,27,151,213,36,13,130
1762589624.743908,2.71326,0.06926,0.71548,-0.65385,0.61151,0.73243,273,50,18,137,54,270,117,27,225,50,31,111,231,48,11,151
1762589633.0691183,2.69465,0.0706,0.68737,-0.5954,0.66446,0.74742,280,54,19,114,66,260,87,22,249,51,25,128,208,42,7,131
1762589641.3656306,2.76766,0.06941,0.72308,-0.63303,0.63275,0.7788,272,50,13,120,56,250,106,24,218,39,35,111,239,40,8,147
1762589649.656128,2.69038,0.06991,0.72083,-0.63676,0.61644,0.71635,273,48,19,140,58,285,89,25,227,53,31,127,216,54,5,141
1762589657.9568887,2.74534,0.06769,0.72385,-0.65517,0.62393,0.74239,286,52,14,126,53,282,102,27,239,50,38,141,224,50,5,148
1762589666.2566156,2.67866,0.07194,0.67627,-0.68,0.56563,0.75676,271,53,20,107,50,271,107,22,210,51,40,118,183,36,9,142
1762589674.5492942,2.61969,0.0719,0.69266,-0.64378,0.6351,0.64815,246,51,16,123,54,274,109,29,222,43,36,132,233,60,16,123
1762589682.8222442,2.67129,0.06954,0.67699,-0.59426,0.68644,0.71359,262,59,14,117,68,277,112,31,259,50,24,139,226,49,10,127
1762589691.1226468,2.66859,0.0714,0.73784,-0.57494,0.67411,0.6817,279,43,19,132,68,261,91,27,226,41,32,149,193,46,14,124
1762589699.4340997,2.79363,0.06732,0.70638,-0.66454,0.64009,0.78261,270,50,19,131,56,281,111,23,233,44,35,127,244,39,6,125
1762589707.7314832,2.62052,0.0716,0.70445,-0.62832,0.56459,0.72315,276,56,17,145,63,275,93,21,214,54,37,113,220,49,9,141
1762589716.027708,2.8099,0.06757,0.70323,-0.69811,0.65142,0.75714,268,56,13,128,42,274,86,22,241,42,38,138,221,43,8,148
1762589724.3209934,2.67259,0.07096,0.67281,-0.61538,0.64444,0.73995,232,51,20,131,59,274,83,26,230,41,39,140,221,44,11,147
1762589732.617367,2.71897,0.06804,0.7004,-0.62083,0.67473,0.723,298,53,21,122,59,270,119,32,246,41,33,135,229,48,11,138
1762589740.9015243,2.75312,0.06804,0.72065,-0.63182,0.65066,0.75,277,53,16,148,56,258,101,25,235,39,41,143,234,45,8,137
1762589749.199089,2.73919,0.06847,0.72557,-0.6092,0.62162,0.78281,257,49,17,158,55,258,92,30,220,41,43,140,245,38,10,149
1762589757.5115142,2.74008,0.06972,0.6701,-0.68215,0.62061,0.76722,276,57,23,129,49,249,95,16,225,48,33,121,228,41,8,144
1762589765.7941742,2.66165,0.0701,0.72973,-0.61488,0.65675,0.66029,307,57,13,141,56,273,96,32,240,38,37,122,222,61,10,125
1762589774.12085,2.71791,0.07078,0.66594,-0.64789,0.72146,0.68262,268,52,25,116,51,250,101,24,243,41,20,134,209,49,14,125
1762589782.4238958,2.62113,0.07276,0.72152,-0.58072,0.61863,0.70026,280,53,13,128,64,240,88,23,235,44,42,130,201,50,8,128
1762589790.7111168,2.67319,0.06847,0.71212,-0.64126,0.57759,0.74222,312,53,23,140,62,261,105,18,241,55,43,125,237,48,10,155
1762589799.0184655,2.72069,0.06912,0.71308,-0.66434,0.57143,0.77184,302,47,21,104,54,262,95,18,237,50,49,126,218,42,5,147
1762589807.3202825,2.79483,0.06879,0.70933,-0.67742,0.65198,0.7561,255,54,13,139,43,248,90,22,233,50,29,142,217,42,8,143
1762589815.6135511,2.73683,0.0694,0.68842,-0.61674,0.67606,0.75561,263,54,20,138,57,265,102,30,235,40,29,122,216,39,10,136
1762589823.9217603,2.77759,0.06752,0.72009,-0.63636,0.65315,0.76798,260,48,14,121,59,262,134,29,251,44,33,116,232,46,4,149
1762589832.2189643,2.70917,0.06976,0.67073,-0.64029,0.64151,0.75664,260,59,22,151,52,248,94,23,215,46,30,133,241,47,8,156
1762589840.5122962,2.50314,0.07413,0.67841,-0.57466,0.55032,0.69975,255,56,17,126,62,258,90,32,229,70,35,133,175,46,13,159
1762589848.808833,2.81391,0.06748,0.76068,-0.70353,0.56152,0.78818,282,41,15,130,48,271,91,15,218,61,37,131,228,36,7,135
1762589857.1169307,2.62419,0.0705,0.68,-0.62996,0.56757,0.74667,280,63,13,119,57,260,110,27,235,61,35,113,233,48,9,160
1762589865.4147694,2.72245,0.06879,0.65126,-0.6351,0.6681,0.76798,267,64,19,126,50,255,99,29,248,51,26,139,229,40,10,152
1762589873.7029624,2.65219,0.07287,0.70065,-0.62945,0.65464,0.66745,271,53,16,121,55,247,96,23,198,32,35,123,226,58,13,130
1762589881.9736078,2.83347,0.06537,0.71831,-0.66255,0.64859,0.80402,298,59,11,129,57,290,114,25,235,45,36,145,208,32,7,151
1762589890.2489576,2.6321,0.07191,0.67965,-0.61187,0.65611,0.68447,276,58,16,112,60,253,100,25,230,46,30,136,193,55,10,154
1762589898.5224366,2.76115,0.06805,0.69231,-0.65739,0.62832,0.78313,274,61,9,111,60,266,121,20,251,41,43,117,230,38,7,140
1762589906.8284376,2.70817,0.06988,0.70933,-0.67177,0.60091,0.72616,264,44,23,130,59,266,116,16,234,49,39,119,216,46,10,137
1762589915.1166627,2.65285,0.07106,0.65611,-0.61472,0.67329,0.70874,250,57,19,116,61,271,102,28,239,39,35,140,215,48,12,137
1762589923.4075043,2.77279,0.06887,0.72845,-0.62077,0.69536,0.72821,284,44,19,117,66,250,109,18,234,36,33,150,214,42,11,123
1762589931.7034285,2.64641,0.06994,0.68944,-0.62445,0.6162,0.71631,284,57,18,124,54,272,100,32,265,57,33,114,226,51,9,137
1762589939.9743855,2.73505,0.06811,0.65966,-0.6674,0.61506,0.79293,266,65,16,129,52,263,118,24,237,50,42,149,215,36,5,140
1762589948.2436414,2.7342,0.06955,0.70288,-0.62529,0.6298,0.77622,264,47,20,120,52,241,106,28,223,44,38,138,232,42,6,149
1762589956.5456862,2.66002,0.0708,0.67568,-0.66667,0.54751,0.77017,287,60,18,116,52,256,99,19,219,57,43,123,235,39,8,127
1762589964.8336396,2.72425,0.06984,0.71008,-0.65198,0.66507,0.69712,267,51,18,140,59,262,113,20,227,37,33,121,201,49,14,152
1762589973.1207678,2.72383,0.06962,0.68261,-0.67811,0.66586,0.69725,256,58,15,131,55,275,116,20,210,41,28,134,236,57,9,134
1762589981.4535072,2.61413,0.07131,0.65161,-0.61926,0.60435,0.73892,253,55,26,131,57,273,97,30,236,49,42,133,209,43,10,144
1762589989.7357037,2.68884,0.06978,0.67338,-0.62931,0.65502,0.73113,250,59,14,124,63,271,107,23,240,51,28,139,212,50,7,155
1762589998.0804963,2.61763,0.06987,0.71743,-0.62326,0.5812,0.69575,329,60,17,139,60,236,113,21,233,50,48,137,245,54,14,134
1762590006.3985674,2.71288,0.0709,0.71861,-0.61229,0.61215,0.76982,264,48,17,133,54,230,111,28,213,47,36,132,203,35,10,143
1762590014.6901324,2.70615,0.06986,0.6871,-0.6082,0.67633,0.73451,260,60,14,139,64,249,104,22,224,42,25,123,238,56,4,154
1762590023.0029504,2.77276,0.06851,0.69167,-0.69507,0.66154,0.72449,279,52,22,127,52,284,94,16,246,43,34,132,192,43,11,146
1762590031.274814,2.77558,0.07076,0.71111,-0.66057,0.64679,0.75711,261,52,13,124,48,217,101,17,228,41,36,131,213,36,11,127
1762590039.5826387,2.63747,0.07138,0.68116,-0.59389,0.66667,0.69576,278,58,19,128,65,270,95,28,230,31,41,130,216,52,9,124
1762590047.8555703,2.6665,0.07101,0.73333,-0.61947,0.63048,0.68322,261,53,7,129,57,261,105,29,239,51,29,114,238,60,7,118
1762590056.169967,2.75269,0.07066,0.73009,-0.64516,0.62945,0.74799,276,50,11,115,49,257,100,28,234,44,34,109,210,37,10,116
1762590064.4624448,2.67626,0.07144,0.6824,-0.65237,0.65919,0.68229,272,53,21,120,56,270,96,21,236,39,37,134,188,48,13,135
1762590072.7658916,2.6907,0.07022,0.69937,-0.62673,0.62824,0.73636,279,56,16,128,56,258,95,25,229,51,28,117,244,49,9,138
1762590081.0735638,2.72683,0.07066,0.71967,-0.60373,0.69343,0.71,270,55,12,141,64,253,91,21,218,43,20,130,219,47,11,123
1762590089.3583622,2.7338,0.06906,0.71605,-0.55251,0.68171,0.78353,281,47,22,136,76,235,105,22,223,37,30,131,258,35,11,121
1762590097.6664548,2.7035,0.06938,0.72174,-0.62839,0.62869,0.72468,259,46,18,137,65,273,117,24,241,53,35,145,207,41,12,125
1762590105.9768689,2.66879,0.0712,0.70386,-0.62326,0.63761,0.70406,258,55,14,139,58,245,104,23,232,42,37,125,216,47,15,141
1762590114.2573411,2.65184,0.07054,0.66667,-0.61987,0.62617,0.73913,266,68,10,124,61,278,97,27,211,45,35,137,238,49,8,142
1762590122.526064,2.77642,0.06834,0.74153,-0.66359,0.63636,0.73494,282,44,17,129,48,253,108,25,212,43,39,157,228,44,11,132
1762590130.818495,2.65327,0.07062,0.72074,-0.57676,0.60577,0.75,290,48,20,129,71,277,103,31,215,47,35,119,205,41,9,145
1762590139.1119943,2.64786,0.07193,0.74066,-0.57631,0.58782,0.74307,272,47,12,124,66,253,93,27,220,44,44,119,204,42,9,142
1762590147.41049,2.83988,0.06692,0.76,-0.66302,0.64235,0.77451,281,43,14,137,55,286,94,22,228,47,29,121,218,39,7,144
1762590155.7021823,2.57662,0.07457,0.69565,-0.61814,0.60748,0.65535,273,47,23,117,57,247,92,23,206,45,39,138,194,58,8,123
1762590164.018213,2.57571,0.07243,0.67511,-0.6,0.59227,0.70833,286,53,24,111,73,251,113,18,235,51,44,136,194,47,9,134
1762590172.2953153,2.5813,0.07197,0.7119,-0.55224,0.60776,0.7094,283,52,17,127,64,225,87,26,253,53,38,120,251,59,9,149
1762590180.595764,2.70129,0.07018,0.71689,-0.62929,0.61472,0.74038,242,48,14,134,61,244,112,20,230,43,46,143,214,46,8,148
1762590188.8804193,2.77879,0.0689,0.70171,-0.61538,0.6983,0.76339,232,47,14,116,68,291,87,22,220,41,21,129,222,41,12,173
1762590197.1713161,2.64373,0.07121,0.68142,-0.5907,0.64889,0.72273,248,58,14,132,60,242,100,28,223,54,25,148,241,54,7,138
1762590205.4554617,2.63844,0.07053,0.71595,-0.58635,0.60377,0.73236,280,55,18,161,70,262,110,27,222,54,30,118,216,49,6,140
1762590213.7371566,2.77674,0.06806,0.71946,-0.62762,0.66276,0.7669,248,45,17,132,64,282,107,25,217,42,30,138,240,39,11,139
1762590222.028109,2.65857,0.06963,0.6888,-0.63441,0.60265,0.73272,270,57,18,137,66,272,108,19,229,48,42,134,232,47,11,144
1762590230.3393273,2.67207,0.07152,0.66953,-0.64789,0.69863,0.65602,264,62,15,125,57,248,103,18,229,39,27,143,204,52,18,133
1762590238.6687713,2.68357,0.06983,0.71602,-0.59193,0.6492,0.72642,287,51,19,136,71,265,90,20,232,46,31,130,223,47,11,143
1762590246.9726808,2.66377,0.0701,0.70776,-0.62306,0.60334,0.7296,248,47,17,126,62,250,116,23,253,52,43,131,237,51,7,134
1762590255.2569423,2.62181,0.07389,0.71294,-0.61379,0.59024,0.70483,236,46,15,128,60,257,94,24,203,51,33,123,195,47,11,140
1762590263.5512686,2.73028,0.06745,0.71032,-0.65618,0.57676,0.78701,306,58,15,125,61,264,131,21,244,47,55,136,213,34,7,131
1762590271.8224854,2.66772,0.07142,0.67347,-0.64238,0.64103,0.71084,267,56,16,102,62,266,106,19,229,45,32,123,217,50,10,138
1762590280.1098664,2.6988,0.0716,0.71782,-0.57604,0.63964,0.76531,231,40,17,116,65,244,98,27,211,44,36,153,220,36,10,126
1762590288.3985598,2.70975,0.06779,0.68944,-0.69762,0.60241,0.72028,262,54,21,146,51,281,112,19,253,68,31,146,222,47,13,147
1762590296.6917732,2.71885,0.06827,0.69752,-0.60426,0.63103,0.78605,244,54,13,132,62,281,96,31,245,53,35,144,236,33,13,148
1762590304.9800847,2.70174,0.07057,0.70306,-0.62736,0.59251,0.77882,258,47,21,132,52,241,104,27,216,45,42,124,214,39,8,164
1762590313.256017,2.70146,0.0692,0.67462,-0.65864,0.63136,0.73684,265,56,19,121,62,276,103,16,253,48,39,132,223,47,8,140
1762590321.5489252,2.68828,0.06969,0.69231,-0.64365,0.60173,0.75059,261,55,15,124,57,275,94,23,221,48,44,149,220,44,9,152
1762590329.8242867,2.62044,0.072,0.64235,-0.61404,0.60369,0.76037,235,63,13,114,55,263,105,33,199,46,40,149,224,41,11,158
1762590338.1171043,2.63914,0.0714,0.69014,-0.63134,0.58237,0.73529,288,53,24,132,58,253,101,22,222,62,28,119,202,43,11,152
1762590346.4028652,2.58924,0.0727,0.65611,-0.60656,0.59823,0.72834,255,59,17,111,54,245,98,30,224,42,49,138,220,38,20,149
1762590354.69723,2.64225,0.0727,0.70947,-0.65854,0.58706,0.68718,269,51,18,137,56,284,90,21,212,46,37,107,210,53,8,119
1762590363.0003064,2.56514,0.07238,0.68103,-0.56152,0.58202,0.74057,261,58,16,129,76,260,89,22,236,51,42,116,220,42,13,149
1762590371.2828104,2.75363,0.06871,0.68776,-0.61991,0.68349,0.76247,271,59,15,129,64,254,104,20,232,36,33,135,218,40,10,153
1762590379.5890934,2.68564,0.06986,0.73389,-0.59641,0.62413,0.73121,281,43,21,136,59,264,92,31,231,49,32,119,241,50,9,139
1762590387.8941002,2.6978,0.06861,0.7065,-0.67826,0.55882,0.75422,286,48,22,121,46,279,107,28,223,51,54,148,232,38,13,132
1762590396.1906133,2.79119,0.06714,0.66302,-0.65854,0.71134,0.75829,268,56,21,112,55,266,108,22,274,44,26,141,216,42,9,155
1762590404.4957638,2.61084,0.07312,0.72018,-0.615,0.5871,0.68856,263,47,14,112,49,236,87,28,240,64,32,129,217,52,12,130
1762590412.7865317,2.77005,0.06732,0.75105,-0.63934,0.64871,0.73094,293,47,12,122,56,285,115,32,245,42,33,107,240,50,10,146
1762590421.0853221,2.72503,0.06848,0.72185,-0.65975,0.61572,0.7277,263,46,17,127,55,293,107,27,215,53,35,155,228,49,9,140
1762590429.3643754,2.79268,0.06726,0.73171,-0.65996,0.66379,0.73723,280,55,11,146,59,282,89,17,264,44,34,122,210,43,11,147
1762590437.6514883,2.66292,0.07128,0.716,-0.63768,0.57176,0.73747,283,58,13,146,49,235,104,26,224,56,35,110,228,42,13,136
1762590445.956507,2.76343,0.06774,0.73109,-0.64831,0.62864,0.7554,282,43,21,130,59,274,115,24,221,51,32,143,220,42,9,146
1762590454.2540076,2.80709,0.06841,0.70721,-0.70996,0.63014,0.75979,236,43,22,143,48,265,130,19,229,47,34,128,211,39,7,126
1762590462.557218,2.68956,0.06988,0.73448,-0.63326,0.62306,0.69877,280,48,14,125,58,284,99,28,240,50,35,126,206,52,9,138
1762590470.8251379,2.73396,0.0697,0.70933,-0.7,0.56854,0.7561,267,50,17,127,41,263,94,22,215,56,40,134,207,39,11,153
1762590479.1729083,2.69852,0.07051,0.72668,-0.6298,0.64253,0.69951,274,54,9,124,62,266,95,20,231,44,35,132,204,48,13,141
1762590487.4611878,2.5108,0.07244,0.65351,-0.58386,0.55094,0.72249,247,58,21,130,67,275,98,31,234,67,41,139,227,44,14,133
1762590495.7465672,2.76479,0.06849,0.7247,-0.66972,0.63124,0.73913,289,50,18,137,50,259,105,22,218,43,42,158,205,39,12,135
1762590504.0258133,2.79167,0.06699,0.71849,-0.62605,0.68071,0.76642,285,46,21,124,67,275,112,22,244,39,33,135,235,42,6,128
1762590512.3220997,2.5522,0.07446,0.6875,-0.60619,0.59705,0.66146,276,65,10,129,70,261,102,19,228,42,40,97,191,51,14,128
1762590520.5975478,2.74797,0.06893,0.64783,-0.65714,0.68879,0.75422,255,67,14,124,52,270,107,26,249,44,24,120,217,43,8,147
1762590528.9019077,2.85,0.06611,0.76763,-0.69725,0.6758,0.72834,299,36,20,127,44,266,104,22,245,37,34,122,228,46,12,141
1762590537.2044604,2.67315,0.07065,0.68898,-0.61419,0.66746,0.70252,255,56,16,136,62,263,101,25,203,44,26,148,220,52,13,152
1762590545.4915984,2.5762,0.07239,0.62869,-0.62471,0.63048,0.69231,258,65,23,128,60,255,100,22,233,49,31,120,225,57,11,149
1762590553.813064,2.63962,0.07115,0.71306,-0.67198,0.59825,0.65632,281,51,16,119,55,269,98,17,229,50,42,137,213,62,10,134
1762590562.1226351,2.72505,0.0689,0.69293,-0.6722,0.62791,0.73201,289,49,27,130,55,297,106,24,220,43,37,130,211,40,14,138
1762590570.4097054,2.76022,0.06756,0.74468,-0.6,0.6422,0.77333,288,48,12,122,68,267,105,25,236,44,34,122,240,39,12,159
1762590578.700572,2.6798,0.06979,0.66228,-0.60731,0.64758,0.76264,251,53,24,128,63,245,107,23,229,51,29,145,241,46,8,160
1762590586.9894946,2.82119,0.06797,0.78616,-0.61951,0.62416,0.79135,295,36,15,131,58,246,86,20,210,46,38,153,227,33,8,125
1762590595.3181603,2.64124,0.07054,0.70526,-0.6618,0.60909,0.66509,269,52,18,136,58,270,128,23,206,49,37,148,210,61,10,143
1762590603.6060874,2.67465,0.07117,0.7011,-0.6368,0.64407,0.69268,253,48,20,134,56,248,90,19,249,45,39,139,219,48,15,128
1762590611.898511,2.79757,0.06953,0.73272,-0.678,0.65385,0.733,262,45,13,114,51,258,112,20,225,43,29,119,218,44,9,126
1762590620.2224014,2.62486,0.07187,0.71868,-0.57073,0.60879,0.72665,266,45,19,125,69,241,81,19,241,41,48,125,241,50,10,138
1762590628.5205731,2.64481,0.07117,0.66738,-0.63636,0.5885,0.75258,269,53,25,122,62,273,96,20,238,57,36,121,212,39,9,128
1762590636.8241332,2.81251,0.0662,0.77559,-0.67967,0.59284,0.76441,312,42,15,139,51,279,130,27,237,54,37,119,215,42,5,137
1762590645.1139452,2.73713,0.06919,0.74107,-0.65116,0.57456,0.77033,248,43,15,142,55,244,111,20,230,58,39,129,214,38,10,156
1762590653.4037025,2.7238,0.07049,0.733,-0.66443,0.58681,0.73956,245,40,13,99,53,257,115,22,229,51,43,132,231,47,6,123
1762590661.6992757,2.73209,0.0684,0.71485,-0.65138,0.63426,0.7316,294,57,15,139,51,258,102,25,226,46,33,127,243,49,13,157
1762590669.9961221,2.70925,0.07013,0.71106,-0.60793,0.65012,0.74014,242,53,11,137,67,259,106,22,225,39,35,124,220,47,9,155
1762590678.2807722,2.69059,0.07205,0.71703,-0.66085,0.57734,0.73537,238,44,15,120,49,231,102,19,233,53,44,129,210,46,6,131
1762590686.5783658,2.76055,0.06772,0.71705,-0.66743,0.60965,0.76642,309,54,19,134,48,266,100,25,232,50,39,135,221,42,6,142
1762590694.8532336,2.71236,0.06882,0.71959,-0.62719,0.61739,0.74818,283,44,24,134,57,260,111,28,238,48,40,134,230,42,10,131
1762590703.1457336,2.63087,0.07061,0.67568,-0.64606,0.60793,0.7012,279,57,21,124,57,274,112,26,237,45,44,128,217,53,9,136
1762590711.4072545,2.68003,0.07014,0.71922,-0.61638,0.5908,0.75362,287,49,16,111,68,289,86,21,227,57,32,119,228,43,8,135
1762590719.6944005,2.71117,0.07004,0.67421,-0.65443,0.60364,0.77889,259,54,18,111,59,279,104,21,247,47,40,105,211,31,13,143
1762590727.982386,2.70447,0.0699,0.6868,-0.65101,0.62138,0.74528,280,56,14,97,50,252,117,28,215,48,37,149,216,41,13,154
1762590736.2785625,2.77757,0.06914,0.73394,-0.6342,0.67442,0.735,245,42,16,133,53,253,91,24,242,36,41,154,194,44,9,153
1762590744.5571384,2.72586,0.06946,0.6961,-0.62125,0.70709,0.70142,289,48,26,124,64,258,93,18,244,36,28,129,230,52,11,129
1762590752.8583317,2.7408,0.07017,0.7605,-0.63218,0.60766,0.74046,283,41,16,136,55,257,98,25,214,55,27,122,200,47,4,142
1762590761.1453447,2.6421,0.07248,0.72381,-0.61656,0.58891,0.71282,243,44,14,119,62,256,115,26,216,53,36,128,199,46,10,135
1762590769.4484327,2.53894,0.07315,0.68018,-0.55085,0.59908,0.70883,267,45,26,106,80,254,112,26,219,48,39,128,208,51,10,150
1762590777.7350044,2.71388,0.07084,0.71134,-0.6732,0.62402,0.70531,276,52,18,139,54,266,118,21,203,45,27,108,224,50,11,129
1762590786.0184965,2.81272,0.06751,0.67048,-0.68919,0.70419,0.74886,246,56,16,119,51,282,93,18,258,37,30,128,235,47,8,148
1762590794.3037531,2.62118,0.07229,0.64953,-0.6815,0.57848,0.71167,231,62,13,122,51,254,105,17,226,57,37,126,226,50,13,148
1762590802.595375,2.72601,0.06973,0.67511,-0.65688,0.66825,0.72577,281,53,24,116,51,245,122,25,223,39,31,129,228,47,11,137
1762590810.8973641,2.57458,0.07086,0.63291,-0.56211,0.61798,0.76159,276,62,25,111,70,263,108,34,235,49,36,125,237,46,8,162
1762590819.220413,2.7898,0.06714,0.73636,-0.63147,0.65996,0.76201,270,48,10,112,65,274,120,24,238,43,33,133,229,41,11,156
1762590827.5051677,2.77348,0.06775,0.66167,-0.65315,0.71554,0.74312,264,56,23,124,50,266,101,27,252,34,31,140,205,50,6,175
1762590835.7785034,2.7236,0.06996,0.68,-0.61538,0.67048,0.75773,270,60,16,129,57,263,94,28,234,47,25,131,197,37,10,144
1762590844.068722,2.73752,0.0701,0.70048,-0.65808,0.67364,0.70531,243,48,14,109,51,254,100,22,244,53,25,156,232,51,10,121
1762590852.3381298,2.78688,0.0685,0.77632,-0.63636,0.62613,0.74807,282,39,12,123,63,254,115,19,235,49,34,126,205,40,9,135
1762590860.6164777,2.57389,0.07379,0.64486,-0.60352,0.63208,0.69343,251,59,17,101,66,256,108,24,220,48,30,126,215,50,13,133
1762590868.9098973,2.66232,0.07167,0.67757,-0.6055,0.62864,0.75061,236,50,19,123,59,237,113,27,227,52,31,137,211,46,5,147
1762590877.2301347,2.71952,0.07084,0.70439,-0.61137,0.65258,0.75117,253,49,15,116,61,244,96,21,229,47,27,123,233,41,12,140
1762590885.5004544,2.70861,0.07001,0.73306,-0.6934,0.57845,0.7037,270,49,16,152,44,233,126,21,220,48,42,117,244,50,14,124
1762590893.7800386,2.83359,0.06641,0.69957,-0.67105,0.66885,0.79412,271,53,17,125,53,267,114,22,240,43,33,143,242,32,10,124
1762590902.0601408,2.69419,0.07128,0.69469,-0.60298,0.65843,0.7381,264,55,14,119,58,217,106,22,224,36,40,145,227,44,11,138
1762590910.3787212,2.58816,0.07218,0.66276,-0.64944,0.59046,0.6855,250,56,16,105,54,244,123,24,271,64,39,129,210,50,14,133
1762590918.673164,2.61653,0.07131,0.67615,-0.62151,0.56481,0.75406,270,63,11,113,59,281,96,29,214,51,43,124,238,44,9,140
1762590926.9630733,2.79442,0.06768,0.7286,-0.70022,0.63991,0.72569,277,53,12,137,53,284,96,14,242,51,32,136,220,47,8,126
1762590935.237387,2.59795,0.07164,0.68696,-0.55889,0.58768,0.76443,269,57,15,119,77,248,116,26,220,56,31,115,242,40,11,140
1762590943.5275905,2.75095,0.06814,0.70455,-0.6122,0.65591,0.77829,255,57,8,120,64,272,98,25,235,41,39,150,241,35,13,144
1762590951.8186023,2.69079,0.0693,0.72414,-0.66047,0.5819,0.72429,276,52,12,124,57,262,95,16,240,63,34,127,249,56,7,145
1762590960.1152894,2.66117,0.07125,0.63991,-0.63426,0.6317,0.75529,256,66,17,122,56,263,90,23,223,41,38,127,228,47,5,145
1762590968.3970976,2.50714,0.0736,0.66245,-0.62247,0.56129,0.66093,245,59,21,149,61,253,108,23,235,54,48,128,215,61,8,123
1762590976.6912115,2.65585,0.07168,0.7,-0.62389,0.60406,0.72789,271,49,20,120,59,257,110,26,196,39,39,120,253,52,8,128
1762590984.9921286,2.66678,0.06951,0.68297,-0.62864,0.62083,0.73434,290,64,17,140,65,263,101,18,243,51,40,146,217,47,6,129
1762590993.276517,2.8156,0.06817,0.73276,-0.66906,0.67506,0.73872,271,47,15,131,55,242,106,14,235,42,29,131,222,48,7,144
1762591001.596281,2.68117,0.06998,0.69027,-0.65831,0.57829,0.7543,275,54,16,107,48,256,108,27,245,55,46,133,203,42,8,154
1762591009.8813107,2.65682,0.07026,0.69547,-0.67532,0.6086,0.67742,285,60,14,127,53,272,115,22,238,51,40,136,226,58,7,112
1762591018.2016015,2.53212,0.07367,0.6531,-0.58701,0.62613,0.66588,270,63,18,116,64,259,83,25,217,51,32,144,231,59,12,123
1762591026.4835725,2.76708,0.06931,0.73695,-0.67925,0.60277,0.74811,279,55,8,137,47,247,109,21,246,44,42,101,214,42,8,133
1762591034.7634416,2.55781,0.07328,0.63232,-0.63927,0.61792,0.66829,270,68,23,134,53,251,108,26,210,53,28,133,202,50,18,140
1762591043.0582383,2.71679,0.06842,0.67797,-0.629,0.68071,0.72912,277,58,18,119,62,271,111,25,255,35,37,124,243,48,12,140
1762591051.3487866,2.62844,0.0709,0.73222,-0.60934,0.58904,0.69784,284,46,18,130,66,284,95,26,245,55,35,103,213,52,11,141
1762591059.6417484,2.54476,0.07263,0.68605,-0.58065,0.58425,0.69383,291,65,16,144,61,242,101,30,232,55,40,130,208,52,10,135
1762591067.915275,2.65915,0.0721,0.72881,-0.6642,0.58118,0.68496,273,51,13,135,48,244,93,20,211,57,32,125,224,50,16,129
1762591076.238534,2.54285,0.07313,0.7013,-0.56854,0.57589,0.69712,273,61,8,120,69,236,113,27,225,51,44,128,215,57,6,138
1762591084.5487034,2.79416,0.06647,0.75839,-0.64215,0.63956,0.75406,269,38,16,124,62,308,105,28,235,46,36,138,232,46,7,146
1762591092.8380232,2.69856,0.0714,0.71495,-0.6186,0.63294,0.73206,247,47,14,120,57,241,107,25,226,33,45,121,215,46,10,147
1762591101.1476786,2.655,0.07114,0.75155,-0.58891,0.6689,0.64563,289,45,15,134,61,244,100,28,238,39,35,135,202,59,14,137
1762591109.4518256,2.84108,0.068,0.74098,-0.65468,0.67213,0.7733,285,48,13,125,48,246,99,24,250,37,33,107,208,37,8,144
1762591117.7503185,2.6559,0.0726,0.68308,-0.64019,0.60099,0.73165,264,58,16,129,53,250,101,24,195,42,39,130,213,44,9,129
1762591126.0409443,2.65811,0.06995,0.7,-0.62527,0.64092,0.69192,295,51,24,130,61,273,100,25,258,41,45,135,208,51,10,127
1762591134.3532703,2.67844,0.06997,0.75439,-0.59907,0.59641,0.72857,306,48,15,144,58,246,97,28,215,51,39,141,209,47,10,154
1762591142.6363401,2.7195,0.06835,0.72917,-0.64378,0.61822,0.72834,273,50,15,142,58,276,107,25,240,50,38,133,227,40,18,142
1762591150.9708571,2.76297,0.06882,0.71106,-0.65741,0.63596,0.75854,252,44,20,127,45,250,108,29,217,44,37,147,242,38,15,144
1762591159.2528124,2.76104,0.06857,0.7384,-0.61731,0.64474,0.7606,271,48,14,141,59,257,98,25,237,50,31,138,240,41,7,113
1762591167.5342467,2.70855,0.07004,0.68534,-0.64425,0.66968,0.70927,270,52,21,121,55,291,88,27,241,42,31,128,218,47,11,123
1762591175.8341944,2.74506,0.06891,0.72247,-0.64762,0.62025,0.75472,255,47,16,136,49,247,99,25,229,42,48,155,230,42,10,142
1762591184.1247675,2.68134,0.07142,0.76339,-0.57447,0.63593,0.70755,266,40,13,129,63,237,96,27,219,43,34,127,214,51,11,148
1762591192.4260678,2.75595,0.0683,0.73585,-0.63554,0.593,0.79156,269,47,16,145,52,274,85,28,222,56,37,142,205,34,8,156
1762591200.7213573,2.76147,0.06795,0.63387,-0.70742,0.63991,0.78027,247,68,12,110,48,287,104,19,259,47,36,119,252,45,4,145
1762591209.0202773,2.62288,0.07145,0.666,-0.62824,0.61905,0.7096,289,60,23,125,53,248,98,26,217,47,37,140,218,49,13,147
1762591217.3183148,2.77156,0.06843,0.77358,-0.64889,0.59909,0.75,278,39,15,145,52,258,113,27,207,43,45,144,216,43,7,134
1762591225.6140409,2.76699,0.0676,0.74848,-0.65358,0.6125,0.75243,308,53,9,123,50,241,117,25,252,60,33,135,212,43,8,149
1762591233.9020195,2.59913,0.07241,0.63426,-0.56371,0.60369,0.79747,238,63,16,115,74,260,102,27,209,44,42,139,214,33,7,141
1762591242.2045484,2.57874,0.07054,0.66219,-0.5974,0.61693,0.70222,296,65,23,137,65,252,117,28,215,48,38,148,229,51,16,154
1762591250.4978385,2.70132,0.06994,0.74749,-0.61556,0.62673,0.71154,293,54,9,143,57,267,86,27,215,44,37,138,227,51,9,129
1762591258.8415694,2.85,0.0665,0.74253,-0.68842,0.68778,0.73976,259,39,17,120,51,306,95,23,249,40,29,124,225,46,8,136
1762591267.1278064,2.63919,0.07228,0.69163,-0.60739,0.62443,0.71574,266,52,18,118,54,248,100,31,238,54,29,121,202,42,14,136
1762591275.4385192,2.7325,0.06838,0.69851,-0.62472,0.62222,0.78704,258,58,13,142,60,250,118,25,247,40,45,118,238,39,7,148
1762591283.735035,2.69017,0.0682,0.71705,-0.60532,0.59737,0.77042,302,62,11,141,65,263,99,24,233,49,43,132,256,46,6,145
1762591292.0139978,2.62946,0.07155,0.69157,-0.61504,0.63158,0.69128,240,53,11,111,63,255,110,24,237,44,40,135,208,50,19,170
1762591300.307695,2.55649,0.07307,0.6499,-0.57962,0.60284,0.72414,286,59,28,124,68,275,97,31,208,52,32,131,185,47,5,140
1762591308.5731044,2.7196,0.0687,0.72177,-0.64092,0.62963,0.72727,297,53,16,130,59,297,96,27,208,45,35,144,209,47,10,152
1762591316.875551,2.63771,0.07162,0.72653,-0.63057,0.57816,0.70244,300,53,14,123,56,271,113,31,203,48,37,115,202,48,13,147
1762591325.1646056,2.61285,0.07323,0.73196,-0.60287,0.5962,0.68182,300,45,20,120,55,241,94,28,221,47,38,115,220,50,13,113
1762591333.4614563,2.762,0.06866,0.73225,-0.6681,0.61792,0.74372,283,53,13,144,55,292,95,22,227,37,44,116,218,48,3,129
1762591341.7442784,2.79686,0.06888,0.70833,-0.65808,0.68868,0.74177,266,55,15,144,51,256,98,22,212,39,27,146,210,41,10,134
1762591350.0253654,2.60936,0.07275,0.6689,-0.59709,0.68153,0.66184,256,52,22,117,60,248,81,23,268,37,38,128,220,60,10,124
1762591358.3211687,2.63114,0.07027,0.68966,-0.59664,0.63516,0.70968,261,61,11,131,64,269,111,32,250,46,37,122,215,49,14,156
1762591366.5902689,2.61731,0.07207,0.71121,-0.53917,0.65197,0.71496,251,53,14,146,71,234,100,29,236,42,33,120,210,49,11,151
1762591374.881203,2.53697,0.0731,0.73717,-0.64331,0.49065,0.66584,305,39,25,118,63,285,102,21,196,58,51,123,210,55,12,124
1762591383.1699343,2.70555,0.06999,0.72784,-0.62963,0.5908,0.75728,271,51,15,148,63,261,91,17,218,46,43,128,216,45,5,146
1762591391.4730308,2.69809,0.07077,0.66222,-0.62771,0.66589,0.74227,253,60,16,121,58,268,108,28,232,43,29,127,219,41,9,119
1762591399.7717192,2.7374,0.06874,0.67623,-0.63441,0.64789,0.77887,293,59,20,116,66,264,116,19,230,43,32,121,221,38,7,141
1762591408.0729258,2.68429,0.06925,0.69787,-0.64826,0.63393,0.70423,276,56,15,123,62,287,116,24,226,42,40,140,224,45,18,139
1762591416.353964,2.71881,0.06984,0.69323,-0.67048,0.66423,0.69087,272,56,21,153,49,268,97,23,209,39,30,133,212,50,16,149
1762591424.6229324,2.71961,0.0708,0.70982,-0.6689,0.62584,0.71505,280,48,17,103,52,285,88,22,230,43,41,135,209,39,14,110
1762591432.9206567,2.72515,0.07075,0.72689,-0.62353,0.62054,0.75419,270,50,15,141,63,244,101,17,233,48,37,130,189,33,11,125
1762591441.219719,2.61226,0.07191,0.70954,-0.57631,0.67059,0.65581,294,56,14,118,62,242,104,31,228,43,27,127,210,58,16,146
1762591449.5116339,2.67075,0.06936,0.74089,-0.5803,0.61379,0.73576,308,50,14,122,70,257,112,28,217,42,42,134,223,48,10,158
1762591457.7959383,2.64934,0.07176,0.70513,-0.61388,0.6298,0.70053,251,49,20,148,64,260,112,25,231,49,33,130,198,43,13,120
1762591466.1172523,2.63119,0.07214,0.66467,-0.62584,0.61519,0.72549,295,62,22,122,66,277,88,18,202,48,28,117,226,47,9,126
1762591474.4202244,2.60361,0.0716,0.66601,-0.59809,0.60684,0.73267,280,63,22,144,57,240,94,27,237,50,42,139,210,44,10,140
1762591482.6889858,2.72223,0.06928,0.70878,-0.67171,0.60748,0.73427,275,54,14,124,57,285,102,19,227,40,44,117,229,48,9,143
1762591490.9746783,2.68027,0.07076,0.69358,-0.61165,0.62821,0.74684,275,53,21,134,53,240,92,27,235,55,32,146,212,38,12,133
1762591499.2983923,2.58464,0.07222,0.67015,-0.59155,0.56696,0.75598,259,63,16,141,64,249,90,23,219,64,33,132,243,45,6,124
1762591507.596585,2.71069,0.06857,0.76233,-0.51695,0.67356,0.75785,271,40,13,122,83,264,94,31,220,50,21,144,236,45,9,156
1762591515.8863652,2.6397,0.07032,0.67024,-0.54733,0.66071,0.76142,280,56,21,110,78,266,110,32,238,46,30,134,214,42,5,133
1762591524.2128873,2.7202,0.06846,0.66946,-0.63239,0.67627,0.74208,267,63,16,132,57,252,121,27,247,50,23,131,238,44,13,147
1762591532.495018,2.66165,0.0699,0.72233,-0.54795,0.6009,0.79048,287,55,14,141,70,250,89,29,223,54,35,134,230,37,7,146
1762591540.789056,2.6751,0.07121,0.70852,-0.57447,0.66903,0.72308,263,53,12,118,77,270,100,23,247,39,31,106,210,46,8,126
1762591549.0789824,2.65021,0.06972,0.66879,-0.62931,0.63399,0.71812,254,68,10,139,62,268,110,24,231,43,41,144,236,47,16,148
1762591557.36289,2.76362,0.06805,0.76471,-0.61607,0.63636,0.74648,255,39,11,120,59,253,109,27,250,54,34,146,220,43,11,152
1762591565.6584501,2.71974,0.06947,0.71678,-0.6278,0.63294,0.74222,273,55,10,121,57,254,109,26,230,41,37,117,243,44,14,149
1762591573.9495971,2.71107,0.06971,0.70588,-0.62313,0.62759,0.75448,255,57,13,151,62,268,111,26,223,44,37,131,214,38,10,129
1762591582.229534,2.70159,0.069,0.6849,-0.66522,0.61194,0.73953,249,55,17,136,61,288,95,16,248,58,33,130,227,43,13,147
1762591590.5285335,2.60664,0.0711,0.61864,-0.62054,0.62697,0.74049,251,69,21,131,61,272,91,24,237,43,40,125,239,49,9,150
1762591598.8057456,2.78897,0.06818,0.76715,-0.59233,0.68192,0.74757,303,34,22,122,52,235,97,33,247,43,30,139,200,43,9,160
1762591607.09425,2.85,0.06656,0.72996,-0.74057,0.64159,0.74396,280,43,21,130,36,272,97,19,234,40,41,137,234,44,9,127
1762591615.3897228,2.65445,0.07193,0.67681,-0.62299,0.61364,0.74101,246,51,18,112,60,238,115,22,228,50,35,127,228,43,11,135
1762591623.6733112,2.65534,0.07095,0.67304,-0.61435,0.62617,0.74178,275,59,18,119,55,253,107,31,217,41,39,131,228,46,9,143
1762591631.9772732,2.66786,0.07062,0.71308,-0.63246,0.61778,0.70455,266,52,16,140,52,239,103,25,212,53,33,152,218,58,7,157
1762591640.2775564,2.62922,0.07276,0.70022,-0.6,0.60879,0.72021,241,54,13,139,66,236,100,18,236,42,47,130,204,46,8,128
1762591648.5695217,2.71848,0.06913,0.71242,-0.64756,0.59813,0.76037,259,47,19,134,59,267,121,24,221,58,28,121,234,43,9,148
1762591656.8433604,2.65009,0.07021,0.67742,-0.59583,0.61631,0.76053,272,56,19,118,71,275,108,26,209,38,42,128,244,44,10,153
1762591665.1508408,2.64364,0.071,0.73523,-0.53774,0.63029,0.74038,283,44,21,143,76,234,92,22,220,48,35,146,236,43,11,126
1762591673.428247,2.59202,0.07199,0.65358,-0.63348,0.55556,0.7494,225,56,19,133,54,260,101,27,244,60,46,127,239,46,6,124
1762591681.7016475,2.70058,0.0688,0.68201,-0.62642,0.66191,0.73023,279,62,14,123,64,259,98,18,268,52,31,140,233,49,9,139
1762591690.0068202,2.58906,0.07429,0.64948,-0.62802,0.63547,0.67609,266,65,20,134,54,234,103,23,209,41,33,123,206,53,10,120
1762591698.32704,2.66632,0.07056,0.72709,-0.62325,0.64678,0.66921,290,51,16,134,65,294,111,29,214,43,31,131,213,50,15,115
1762591706.6079113,2.71193,0.06949,0.69462,-0.60356,0.64732,0.76642,257,59,12,137,67,254,106,22,237,50,29,132,213,35,13,150
1762591714.902505,2.75274,0.06974,0.72665,-0.65688,0.67727,0.69193,264,42,18,115,53,263,104,23,236,40,31,133,226,54,9,120
1762591723.1904836,2.72762,0.06871,0.73016,-0.68465,0.6259,0.68692,316,60,8,120,53,288,118,23,222,49,29,117,218,54,13,143
1762591731.4624202,2.73143,0.06919,0.71371,-0.64756,0.59529,0.77487,296,54,17,129,50,272,116,33,206,45,41,133,205,39,4,134
1762591739.7538352,2.82034,0.06744,0.72158,-0.69231,0.66818,0.73827,258,48,12,113,56,311,107,20,232,41,32,135,202,52,1,150
1762591748.055718,2.68906,0.07056,0.70337,-0.61731,0.6614,0.70698,265,47,19,114,64,261,94,20,238,45,30,130,236,54,9,131
1762591756.3494647,2.85,0.06411,0.70356,-0.71663,0.73191,0.73012,309,58,17,122,48,308,110,21,263,38,25,144,220,48,8,139
1762591764.632136,2.63853,0.07211,0.66109,-0.63014,0.62069,0.72662,263,63,18,134,59,260,97,22,199,46,31,130,230,48,9,130
1762591772.9147978,2.62225,0.07075,0.65762,-0.61845,0.62736,0.71882,270,60,22,127,69,276,110,22,221,41,38,124,237,52,10,142
1762591781.1934674,2.64434,0.07065,0.7254,-0.62343,0.61028,0.68523,250,53,7,127,69,278,110,21,231,54,37,145,214,54,11,134
1762591789.4775853,2.71704,0.06807,0.70646,-0.6347,0.64754,0.72834,311,55,20,125,59,259,99,21,258,52,34,144,224,51,7,145
1762591797.7602682,2.62385,0.07146,0.72455,-0.57944,0.60626,0.71359,299,51,18,133,69,228,110,21,224,51,37,135,235,49,10,118
1762591806.0536985,2.68855,0.07027,0.73561,-0.62238,0.60526,0.7253,278,43,19,129,52,230,118,29,236,43,47,130,213,45,12,145
1762591814.3356407,2.7639,0.06936,0.71236,-0.66509,0.64026,0.74619,254,49,15,127,46,251,102,25,242,44,40,141,215,40,10,129
1762591822.6261427,2.6792,0.07002,0.76939,-0.61504,0.62069,0.67407,291,42,13,131,61,271,94,26,230,48,40,146,198,56,10,141
1762591830.9317324,2.7445,0.06851,0.76975,-0.66452,0.62009,0.69014,252,37,14,140,50,274,113,28,236,51,36,135,223,48,18,137
1762591839.2346604,2.6546,0.07119,0.67654,-0.61404,0.6247,0.73933,247,50,21,121,66,269,99,22,232,43,36,110,233,48,10,154
1762591847.53668,2.66699,0.07061,0.66154,-0.65885,0.6,0.74661,250,60,17,128,56,278,111,24,214,47,36,118,240,45,11,146
1762591855.826797,2.68798,0.06955,0.69697,-0.60677,0.64598,0.73827,293,60,15,127,68,275,105,25,226,46,31,132,225,44,9,127
1762591864.127519,2.73048,0.06948,0.74153,-0.62844,0.62946,0.73105,307,42,19,104,57,248,107,24,214,41,42,151,219,45,10,135
1762591872.4269207,2.54565,0.07278,0.71717,-0.6009,0.59637,0.63121,292,51,19,133,58,266,91,31,206,58,31,146,222,63,15,123
1762591880.7439506,2.76966,0.0683,0.73113,-0.63158,0.66186,0.7451,244,45,12,123,60,265,107,24,269,44,38,134,222,42,10,134
1762591889.0507066,2.67696,0.07011,0.73729,-0.65909,0.56559,0.71499,275,47,15,135,51,261,104,24,238,59,42,126,222,45,13,127
1762591897.3409607,2.59041,0.07298,0.72429,-0.59174,0.59633,0.67805,263,50,13,131,60,248,99,29,223,54,34,125,223,53,13,121
1762591905.6157331,2.67614,0.07155,0.64655,-0.71744,0.62996,0.68219,272,63,19,110,42,286,103,22,240,41,43,130,188,55,3,119
1762591913.9047258,2.56674,0.07227,0.67191,-0.61435,0.56211,0.71838,250,54,19,122,59,259,101,27,243,65,39,128,235,52,7,125
1762591922.1987042,2.61311,0.07212,0.72321,-0.5711,0.63677,0.68203,261,50,12,125,62,237,100,30,231,42,39,134,221,58,11,144
1762591930.5014617,2.69528,0.06974,0.69507,-0.6,0.61589,0.78431,247,53,15,131,64,248,120,28,212,53,34,154,214,35,9,150
1762591938.7795506,2.6278,0.07025,0.74451,-0.56989,0.59911,0.71429,291,46,18,146,77,273,92,23,239,53,37,120,222,48,12,138
1762591947.0843503,2.82477,0.06837,0.71158,-0.67757,0.68071,0.7549,248,44,17,114,48,241,118,21,238,44,28,141,228,44,6,130
1762591955.3537986,2.67334,0.0705,0.67865,-0.62212,0.61702,0.75556,274,52,24,123,54,255,97,28,229,43,38,113,226,45,10,169
1762591963.6367826,2.79995,0.06641,0.7342,-0.62187,0.639,0.80488,255,47,14,143,59,253,103,24,244,44,43,151,244,34,10,163
1762591971.9237702,2.66301,0.06916,0.7438,-0.61728,0.58696,0.71496,295,48,14,127,62,297,96,31,228,49,46,137,224,52,8,137
1762591980.2026515,2.68072,0.06944,0.68511,-0.57642,0.62609,0.7931,283,52,22,113,66,269,92,31,214,50,36,160,217,34,8,147
1762591988.6190891,2.58467,0.07298,0.72747,-0.6,0.54988,0.70732,263,43,19,130,57,242,110,31,207,59,38,127,215,54,6,135
1762591996.9145322,2.73012,0.06832,0.75796,-0.65577,0.58209,0.7343,287,39,18,127,53,281,99,26,249,47,51,122,217,48,7,142
1762592005.201,2.66595,0.07091,0.70485,-0.6338,0.62128,0.70602,272,52,15,115,56,255,93,22,239,53,36,142,209,52,9,145
1762592013.5033488,2.73108,0.06854,0.72671,-0.61404,0.69365,0.69668,291,54,12,126,65,276,92,23,229,43,27,158,219,56,8,139
1762592021.8192663,2.59785,0.07081,0.76443,-0.52679,0.58264,0.72398,264,39,12,118,71,254,88,35,235,54,47,148,227,49,12,154
1762592030.1170714,2.6212,0.07081,0.72849,-0.60557,0.58482,0.70233,305,55,16,147,52,236,110,33,229,44,49,126,253,51,13,113
1762592038.4010227,2.69336,0.06899,0.73415,-0.66822,0.57474,0.71625,268,54,11,156,50,250,107,21,243,57,44,131,233,51,11,142
1762592308.5464413,1.7656,0.07183,0.96121,-0.01402,-0.12963,0.92,298,6,3,157,145,153,64,66,131,159,85,57,254,14,2,130
1762592315.2931437,1.92746,0.06951,0.9551,-0.06843,-0.04176,0.94568,336,6,5,143,146,178,64,65,135,151,86,83,247,10,1,147
1762592326.7544608,2.02785,0.0691,0.97053,-0.13274,-0.00645,0.93103,301,6,1,167,134,174,82,62,157,153,81,74,234,13,1,158
1762617718.915433,1.53138,0.06885,0.95814,0.12743,-0.2294,0.93007,292,7,2,129,186,133,69,75,113,171,105,60,253,12,3,161
1762618586.0064774,1.52427,0.07074,0.95092,0.19438,-0.14286,0.91059,325,7,5,152,182,110,62,73,133,162,98,62,253,17,2,153
1762618601.7187207,1.7151,0.06982,0.948,0.10562,-0.03719,0.90991,318,9,4,169,179,129,70,67,162,170,81,71,276,15,5,148
1762618644.5043652,1.58157,0.07184,0.93765,0.0984,-0.13514,0.87745,276,9,4,128,168,147,50,72,145,182,91,63,246,24,1,137
1762618875.4937637,1.56227,0.07123,0.9499,0.09978,-0.17673,0.88889,316,10,2,151,181,144,59,67,124,184,79,60,257,20,3,134
1762619148.0096626,1.40231,0.07395,0.93928,0.12833,-0.26291,0.85427,327,13,3,184,165,115,65,68,92,179,90,65,247,24,5,122
1762619153.6138973,1.60248,0.07374,0.94545,0.15385,-0.10805,0.91892,283,8,4,145,163,110,55,62,128,173,68,66,228,14,1,127
1762619157.6147852,2.1617,0.09788,0.56839,-0.55326,0.61039,0.42966,155,57,14,103,53,159,67,12,155,36,24,93,113,65,10,75
1762619161.5005963,1.793,0.09155,0.08591,-0.89003,0.89619,-0.07914,119,100,33,39,8,197,78,8,167,9,6,107,84,121,29,44
1762619165.4083376,1.43838,0.10118,0.58308,-0.42466,-0.16234,0.59298,192,51,18,70,65,146,62,19,88,123,56,41,130,48,10,97
1762619169.2106647,1.29047,0.10906,0.19703,-0.88235,0.31365,-0.10256,109,77,31,52,11,189,83,6,104,59,34,74,60,104,25,45
1762619173.0780528,1.3349,0.10641,0.55901,0.1134,0.57895,0.31034,177,46,25,74,113,99,30,49,142,36,24,83,102,67,23,69
1762619176.975381,1.13847,0.10494,0.52229,0.256,0.80851,0.06367,156,63,12,83,116,61,32,41,159,11,16,96,96,81,44,46
1762619180.8457134,0.53131,0.093,0.78275,0.50523,-0.42268,0.67647,196,28,6,83,161,52,19,55,60,131,76,24,139,20,24,89
1762619184.7040374,0.05003,0.10716,-0.43894,-0.43729,0.45645,-0.40476,59,155,63,26,56,152,60,27,124,61,17,85,40,122,55,35
1762619188.5935438,0.96611,0.10857,0.25402,0.1134,0.78451,0.04098,129,94,22,66,116,84,45,46,167,15,17,98,73,75,42,54
